numer,tytuł,cena,miasto,dzielnica,metry_kwadratowe,liczba_pokoi,piętro
1,"Wiślany Mokotów, 2 pokoje z tarasem/ogródkiem, kameralne osiedle",990 000 zł,Warszawa,Brak danych,"49,68 m² - 19927.54 zł/m²",2 pokoje,Brak danych
2,"Nowe mieszkanie, Siedlce, ul. Sowińskiego, 50,55 m2",545 940 zł,Brak danych,Brak danych,"50,55 m² - 10800 zł/m²",Brak danych,Brak danych
3,"Lokal,na Dowolną Działalność i Mieszkać #ZDECYDOWANIE #sprzedam",1 443 990 złdo negocjacji,Szczecin,Brak danych,143 m² - 10097.83 zł/m²,Brak danych,Brak danych
4,Mieszkanie na sprzedaż w Gliwicach przy ul.Henryka Sienkiewicza,474 900 złdo negocjacji,Stare Gliwice - Odświeżono Dzisiaj O 15:36,Gliwice,68 m² - 6983.82 zł/m²,Brak danych,Brak danych
5,"Mieszkanie 64m na sprzedaż, ul. Gajowicka- Bezpośrednio od właściciela",775 000 złdo negocjacji,Wrocław,Brak danych,64 m² - 12109.38 zł/m²,Brak danych,Brak danych
6,Sprzedam mieszkanie Kraków,799 000 zł,Kraków,Brak danych,56 m² - 14267.86 zł/m²,Brak danych,Brak danych
7,3 pokoje/ 2 pietro/ dostepne od zaraz/ FORDON,469 000 złdo negocjacji,Bydgoszcz - Odświeżono Dzisiaj O 11:38,Brak danych,60 m² - 7816.67 zł/m²,3 pokoje,Brak danych
8,Mieszkanie na sprzedaz,518 000 złdo negocjacji,Szczecin,Brak danych,74 m² - 7000 zł/m²,Brak danych,Brak danych
9,Sprzedam mieszkanie 88m Piła Zielona Dolina,990 000 złdo negocjacji,Brak danych,Brak danych,88 m² - 11250 zł/m²,Brak danych,Brak danych
10,Okazja Nowa Cena 2 pokojowe mieszkanie przy ul. Smętka w Olsztynie,445 000 zł,Olsztyn - Odświeżono Dzisiaj O 20:21,Brak danych,"47,90 m² - 9290.19 zł/m²",2 pokoje,Brak danych
11,Swietne mieszkanie blisko Centrum - mozliwość aranżacji na 4 pokojowe,856 500 zł,Kraków,Brak danych,"57,10 m² - 15000 zł/m²",4 pokoje,Brak danych
12,"REZERWACJA! Mysłowice Brzęczkowice ul. W. Korfantego, 3pokoje, 67m kw.",399 000 zł,Brak danych,Brak danych,67 m² - 5955.22 zł/m²,3 pokoje,Brak danych
13,Słoneczna kawalerka,270 000 zł,Częstochowa,Brak danych,34 m² - 7941.18 zł/m²,1 pokój,Brak danych
14,"Mieszkanie dwupoziomowe 83.77m2, 3 balkony, klimatyzacja, piwnica",525 000 złdo negocjacji,Brak danych,Brak danych,"83,77 m² - 6267.16 zł/m²",Brak danych,Brak danych
15,"Gotowiec inwestycyjny, 4 pokoje, ul. Pana Tadeusza",489 000 zł,Olsztyn - Odświeżono Dzisiaj O 18:16,Brak danych,"48,20 m² - 10145.23 zł/m²",4 pokoje,Brak danych
16,"Mieszkanie 3 pokoje, Loggia, 47m2 , gotowe do wprowadzenia",389 500 zł,Koszalin - Odświeżono Dzisiaj O 07:37,Brak danych,47 m² - 8287.23 zł/m²,3 pokoje,Brak danych
17,"Bezpośrednio 2 pokoje Kraków,Os. Albertyńskie!Do zamieszkania",689 000 złdo negocjacji,Kraków,Brak danych,"42,28 m² - 16296.12 zł/m²",2 pokoje,Brak danych
18,Mieszkanie 2 pokojowe PARTER koło Fabryki Wody,460 000 zł,Szczecin,Brak danych,32 m² - 14375 zł/m²,2 pokoje,Parter
19,Sprzedam mieszkanie 2 pietro 45m2 Hermana,299 000 zł,Płock - Odświeżono Dzisiaj O 08:22,Brak danych,45 m² - 6644.44 zł/m²,Brak danych,Brak danych
20,Mieszkanie Nysa Gałczyńskiego,249 999 złdo negocjacji,Brak danych,Brak danych,33 m² - 7575.73 zł/m²,Brak danych,Brak danych
21,"Mieszkanie, Szczecin",789 000 zł,Szczecin,Brak danych,85 m² - 9282.35 zł/m²,Brak danych,Brak danych
22,Mieszkanie 2 oddzielne pokoje ul. Dąbrowskiego 44 BEZPOŚREDNIO,285 000 złdo negocjacji,Łódź,Brak danych,"36,74 m² - 7757.21 zł/m²",Brak danych,Brak danych
23,Mieszkanie ul.Asnyka Bielsko-Biała dwupokojowe z komórką niskie opłaty,374 530 zł,Bielsko-Biała - 16 Lipca 2025,Brak danych,"34,84 m² - 10750 zł/m²",Brak danych,Brak danych
24,Przytulne 2‑pokojowe mieszkanie na Górczynie – gotowe do zamieszkania!,319 000 zł,Gorzów Wielkopolski - 15 Lipca 2025,Brak danych,"32,42 m² - 9839.61 zł/m²",Brak danych,Brak danych
25,Mieszkanie Kawalerka 2 piętro,159 000 zł,Płock - Odświeżono Dnia 16 Lipca 2025,Brak danych,"20,10 m² - 7910.45 zł/m²",1 pokój,2 piętro
26,"Rumia – 2 pokoje z ogródkiem! Komfort, spokój i świetna lokalizacja",533 000 zł,Brak danych,Brak danych,41 m² - 13000 zł/m²,2 pokoje,Brak danych
27,"Sprzedam udział 2/3 mieszkanie 46,9m2 Pionki obok Radomia",27 000 zł,Radom,Brak danych,"46,90 m² - 575.69 zł/m²",Brak danych,Brak danych
28,"Mieszkanie na sprzedaż, Śródmieście Lublin, ***WYSOKI STANDARD***",520 000 złdo negocjacji,Lublin - Odświeżono Dzisiaj O 18:48,Brak danych,44 m² - 11818.18 zł/m²,Brak danych,Brak danych
29,"Kawalerka 32,17m2, Na Miasteczku/Rondo Rataje",498 000 zł,Poznań,Brak danych,"32,17 m² - 15480.26 zł/m²",1 pokój,Brak danych
30,"Mieszkanie na sprzedaż, 48m2 Stare Bałuty - pięć minut od Manufaktury!",310 000 zł,Łódź,Brak danych,48 m² - 6458.33 zł/m²,Brak danych,Brak danych
31,"3 pokoje | 50,94 m² | Balkon + Piwnica | 10 piętro | Bielany Piaski",698 000 zł,Warszawa,Brak danych,50 m² - 13960 zł/m²,3 pokoje,10 piętro
32,Mieszkanie w nowym bloku. Balkon 16m2 widokiem na Wisłę.,533 000 złdo negocjacji,Brak danych,Brak danych,"62,75 m² - 8494.02 zł/m²",Brak danych,Brak danych
33,Sprzedam mieszkanie 69 m2 do remontu,369 000 złdo negocjacji,Szczecin,Brak danych,69 m² - 5347.83 zł/m²,Brak danych,Brak danych
34,"Kawalerka 32 m² z balkonem i piwnicą, ul. Puławska",368 000 zł,Lublin - Odświeżono Dzisiaj O 12:02,Brak danych,32 m² - 11500 zł/m²,1 pokój,Brak danych
35,Na sprzedaż -2- pokojowe mieszkanie z garażem Warszawa Zacisze,750 000 złdo negocjacji,Warszawa,Brak danych,"56,60 m² - 13250.88 zł/m²",Brak danych,Brak danych
36,"2-poziomowe, nowoczesne mieszkanie z garażem Pruszków",899 900 zł,Brak danych,Brak danych,75 m² - 11998.67 zł/m²,Brak danych,Brak danych
37,Stylowe 3 pokoje | Grabiszyn/Hallera | po remoncie,635 000 zł,Wrocław,Brak danych,"46,45 m² - 13670.61 zł/m²",3 pokoje,Brak danych
38,"Nowe 3-pok. mieszkanie dostępne od ręki , bezpośrednio od dewelopera .",628 995 złdo negocjacji,Brak danych,Brak danych,"66,20 m² - 9501.44 zł/m²",Brak danych,Brak danych
39,Przytulne mieszkanie blisko uczelni,619 000 zł,Lublin - Odświeżono Dzisiaj O 09:44,Brak danych,63 m² - 9825.4 zł/m²,Brak danych,Brak danych
40,Na sprzedaż mieszkanie,250 000 złdo negocjacji,Radom - Odświeżono Dzisiaj O 18:54,Brak danych,30 m² - 8333.33 zł/m²,Brak danych,Brak danych
41,3 Pokoje 65 m2 Parter Balkon Klima Alarm Idealne Prywatnie,649 999 zł,Radom - Odświeżono Dzisiaj O 12:24,Brak danych,65 m² - 9999.98 zł/m²,3 pokoje,Parter
42,"UNIWERSYTET ŁÓDZKI 2 pokoje ,Balkon, Winda od parteru.",349 000 zł,Łódź,Brak danych,34 m² - 10264.71 zł/m²,2 pokoje,Parter
43,Mieszkanie 2-pokojowe z balkonem,255 000 zł,Brak danych,Brak danych,44 m² - 5795.45 zł/m²,Brak danych,Brak danych
44,Sprzedam mieszkanie - Os. Bocianek 2 pokoje,390 000 złdo negocjacji,Kielce - Odświeżono Dzisiaj O 16:05,Brak danych,"47,30 m² - 8245.24 zł/m²",2 pokoje,Brak danych
45,Mieszkanie 35 m2 - udziały w większej nieruchomości,160 000 zł,Toruń - Odświeżono Dzisiaj O 18:18,Brak danych,35 m² - 4571.43 zł/m²,Brak danych,Brak danych
46,Słoneczne i wyposażone mieszkanie na Dąbrowie,292 000 zł,Łódź,Brak danych,27 m² - 10814.81 zł/m²,Brak danych,Brak danych
47,3 sypialnie-mieszkanie po remoncie-Wrotków-61m2,499 000 zł,Lublin - Odświeżono Dzisiaj O 17:11,Brak danych,"61,47 m² - 8117.78 zł/m²",Brak danych,Brak danych
48,"Sprzedam mieszkanie M-4, 65,10m2, monitoring, Częstochowa Północ",395 000 złdo negocjacji,Częstochowa,Brak danych,"65,10 m² - 6067.59 zł/m²",Brak danych,Brak danych
49,Trynek | Mieszkanie 3-pokojowe | Po generalnym remoncie | PRYWATNIE,438 000 złdo negocjacji,Gliwice,Brak danych,"49,51 m² - 8846.7 zł/m²",Brak danych,Brak danych
50,"Mieszkanie 47,5 m Wrocław na Komuny Paryskiej, śródmieście",620 000 zł,Wrocław,Brak danych,"47,50 m² - 13052.63 zł/m²",Brak danych,Brak danych
51,"Wysoki Parter, Wieniawa - 3 pokoje po Remoncie, Parking za Szlabanem",549 000 złdo negocjacji,Lublin - Odświeżono Dzisiaj O 11:17,Brak danych,"46,70 m² - 11755.89 zł/m²",3 pokoje,Parter
52,"Na sprzedaż 2-pokojowe mieszkanie – Wrocław, Muchobór wielki",520 000 złdo negocjacji,Wrocław,Brak danych,50 m² - 10400 zł/m²,Brak danych,Brak danych
53,"Mieszkanie 38,54 m²",292 900 złdo negocjacji,Brak danych,Brak danych,"38,50 m² - 7607.79 zł/m²",Brak danych,Brak danych
54,Kawalerka na sprzedaż,259 000 zł,Brak danych,Brak danych,38 m² - 6815.79 zł/m²,1 pokój,Brak danych
55,Bytom ul. Gliwicka 10 - inwestycyjna kawalerka w centrum miasta,159 000 zł,Bytom - Odświeżono Dnia 16 Lipca 2025,Brak danych,"16,50 m² - 9636.36 zł/m²",1 pokój,Brak danych
56,Mieszkanie na sprzedaż Katowice Bogucice 4 pok. 73 m2 balkon - OKAZJA!,434 000 zł,Katowice,Brak danych,73 m² - 5945.21 zł/m²,Brak danych,Brak danych
57,"Wyremontowane mieszkanie w Kamionku, gm.Szczytno",329 000 złdo negocjacji,Brak danych,Brak danych,49 m² - 6714.29 zł/m²,Brak danych,Brak danych
58,"Dwustronne mieszkanie z tarasem, loggią i komórką lokatorską",1 290 000 zł,Warszawa,Brak danych,"48,38 m² - 26663.91 zł/m²",Brak danych,Brak danych
59,Mieszkanie 37m²⭐2 pokoje⭐Winda⭐Piwnica⭐Księga Wieczysta,535 000 zł,Warszawa - Odświeżono Dzisiaj O 13:48,Brak danych,37 m² - 14459.46 zł/m²,2 pokoje,Brak danych
60,3 pokojowe mieszkanie w centrum Garwolina | Jeszcze pachnie nowością,459 000 zł,Brak danych,Brak danych,46 m² - 9978.26 zł/m²,3 pokoje,Brak danych
61,"Mieszkanie w Łodzi 39,88 m2 ul. Daniłowskiego Osiedle Mireckiego",279 000 złdo negocjacji,Łódź,Brak danych,"39,88 m² - 6995.99 zł/m²",Brak danych,Brak danych
62,Kraków/Azory/ul. Jaremy 5/mieszkanie 2 pokojowe/balkon,554 900 zł,Kraków,Brak danych,42 m² - 13211.9 zł/m²,2 pokoje,Brak danych
63,"3 pokoje, 45,80 m², Wrocław – Inowrocławska | Po remoncie, balkon",590 000 złdo negocjacji,Wrocław,Brak danych,"45,80 m² - 12882.1 zł/m²",3 pokoje,Brak danych
64,Mieszkanie Opole ZWM 51M2 2 Pokoje Balkon Winda dla niepełnosprawnych,499 000 złdo negocjacji,Opole - Odświeżono Dnia 16 Lipca 2025,Brak danych,50 m² - 9980 zł/m²,2 pokoje,Brak danych
65,Mieszkanie 3 pokojowe przestronne Mińsk Mazowiecki 68m bezpośrednio,809 000 złdo negocjacji,Brak danych,Brak danych,68 m² - 11897.06 zł/m²,3 pokoje,Brak danych
66,Sprzedam / Bezposrednio M2 - Duza Kawalerka 31m2 /Retkinia ul. Rajdowa,249 000 zł,Łódź,Brak danych,31 m² - 8032.26 zł/m²,1 pokój,Brak danych
67,"Mieszkanie 3 pokoje, Loggia, 47m2 , gotowe do wprowadzenia",389 500 zł,Koszalin - Odświeżono Dzisiaj O 07:37,Brak danych,47 m² - 8287.23 zł/m²,3 pokoje,Brak danych
68,Metro Imielin 3 pokoje widok na las i centrum,850 000 zł,Warszawa,Brak danych,69 m² - 12318.84 zł/m²,3 pokoje,Brak danych
69,Dwupokojowe ustawne mieszkanie | świetna lokalizacja | 1. piętro,205 000 złdo negocjacji,Ruda Śląska - Odświeżono Dnia 16 Lipca 2025,Brak danych,"37,80 m² - 5423.28 zł/m²",Brak danych,205 piętro
70,"REZERWACJA Kawalerka na Południu Łomży z dużym ogródkiem, balkonem",244 000 zł,Brak danych,Brak danych,25 m² - 9760 zł/m²,1 pokój,Brak danych
71,"BEZPOŚREDNIO, mieszkanie w cichej okolicy, teren zamknięty, parking",399 000 zł,Łódź,Brak danych,44 m² - 9068.18 zł/m²,Brak danych,Brak danych
72,Piękne mieszkanie otulone zielenią,545 000 zł,Warszawa,Brak danych,"31,20 m² - 17467.95 zł/m²",Brak danych,Brak danych
73,"Dwupokojowe urocze mieszkanie, Jar, widok na las",465 000 zł,Toruń - Odświeżono Dzisiaj O 10:52,Brak danych,36 m² - 12916.67 zł/m²,Brak danych,Brak danych
74,Mieszkanie 2-pokojowe na sprzedaż-gotowe do zamieszkania,637 000 złdo negocjacji,Brak danych,Brak danych,38 m² - 16763.16 zł/m²,Brak danych,Brak danych
75,Na sprzedaż 3 pokojowe mieszkanie w domu dwurodzinnym – Bartoszyce,360 000 zł,Brak danych,Brak danych,"61,20 m² - 5882.35 zł/m²",3 pokoje,Brak danych
76,Sprzedam Mieszkanie w Gdyni Blisko Plaży Super Lokalizacja,1 099 000 złdo negocjacji,Gdynia,Brak danych,71 m² - 15478.87 zł/m²,Brak danych,Brak danych
77,Centrum | 3 pokoje | Wysoki standard | Gotowe do zamieszkania,475 000 złdo negocjacji,Szczecin,Brak danych,43 m² - 11046.51 zł/m²,3 pokoje,Brak danych
78,Mieszkanie w inwestycji Harmony Suwałki,430 000 zł,Brak danych,Brak danych,"45,75 m² - 9398.91 zł/m²",Brak danych,Brak danych
79,Mieszkanie 51 m2 Piekary C (Witolda Gombrowicza),330 000 zł,Legnica - 29 Czerwca 2025,Brak danych,51 m² - 6470.59 zł/m²,Brak danych,Brak danych
80,*Nowe mieszkanie bez-czynszowe 74m2 Budynek 9*,520 000 zł,Brak danych,Brak danych,"74,24 m² - 7004.31 zł/m²",Brak danych,Brak danych
81,3 pokoje | 52.98 m² | Balkon | Winda | Stan deweloperski,431 787 zł,Brak danych,Brak danych,"52,98 m² - 8150 zł/m²",3 pokoje,Brak danych
82,Studio mieszkanie/Mokotów,2 750 zł,Warszawa,Brak danych,23 m² - 119.57 zł/m²,Brak danych,Brak danych
83,2 pokojowe mieszkanie gotowe do wprowadzenia (dla pary/ dla studenta),695 000 zł,Warszawa,Brak danych,"41,30 m² - 16828.09 zł/m²",2 pokoje,Brak danych
84,Mieszkanie/segment zewnętrzny z ogródkiem,510 000 zł,Radom - Odświeżono Dnia 16 Lipca 2025,Brak danych,99 m² - 5151.52 zł/m²,Brak danych,Brak danych
85,3 Pokoje | Staszica | Matejki | 1 Piętro | Balkon,419 900 zł,Gorzów Wielkopolski - Odświeżono Dzisiaj O 08:41,Brak danych,48 m² - 8747.92 zł/m²,3 pokoje,1 piętro
86,"Mieszkanie, Sochaczew",450 000 złdo negocjacji,Brak danych,Brak danych,48 m² - 9375 zł/m²,Brak danych,Brak danych
87,"Mieszkanie 60 m2, Jana Pawła II 27, Podolszyce Płd. BEZPOŚREDNIO !!",425 000 złdo negocjacji,Płock - Odświeżono Dzisiaj O 10:22,Brak danych,60 m² - 7083.33 zł/m²,Brak danych,Brak danych
88,Słoneczne 4 pokoje poniżej 14 tys/m2 - > Idealne dla Rodziny,1 210 000 zł,Warszawa,Brak danych,87 m² - 13908.05 zł/m²,4 pokoje,Brak danych
89,"Mieszkanie - 51,8m² - Garaż - Parkitka - Bezpośrednio",445 000 zł,Częstochowa,Brak danych,"51,80 m² - 8590.73 zł/m²",Brak danych,Brak danych
90,"Kawalerka w Centrum Poznania, 29 m2",330 000 zł,Poznań,Brak danych,29 m² - 11379.31 zł/m²,1 pokój,Brak danych
91,Słoneczne 2 pokoje w Centrum Gdańska obok W. Spichrzów- zobacz na żywo,392 700 zł,Gdańsk,Brak danych,"35,04 m² - 11207.19 zł/m²",2 pokoje,Brak danych
92,"3 Pokoje, LSM, Po Generalnym Remoncie, ul. Pozytywistów, Widok n Wąwóz",529 000 zł,Lublin - Odświeżono Dzisiaj O 11:18,Brak danych,48 m² - 11020.83 zł/m²,3 pokoje,Brak danych
93,Komfortowe mieszkanie 50m² z miejscem postojowym i komórką lokatorską,640 000 złdo negocjacji,Lublin - Odświeżono Dzisiaj O 11:30,Brak danych,50 m² - 12800 zł/m²,Brak danych,Brak danych
94,Nowe mieszkanie w stanie deweloperskim ul. Robotnicza - od ręki!,337 000 zł,Brak danych,Brak danych,"39,08 m² - 8623.34 zł/m²",Brak danych,Brak danych
95,"Sprzedam mieszkanie 44,2 m² – Białystok, Bacieczki, Pileckiego",475 000 zł,Białystok,Brak danych,"44,20 m² - 10746.61 zł/m²",Brak danych,Brak danych
96,Doskonałe mieszkanie na sprzedaż,459 000 zł,Brak danych,Brak danych,"64,80 m² - 7083.33 zł/m²",Brak danych,Brak danych
97,Mieszkanie 2pok Super lokalizacja,457 770 złdo negocjacji,Gdynia,Brak danych,"35,40 m² - 12931.36 zł/m²",Brak danych,Brak danych
98,Na sprzedaz mieszkanie po generalnym remoncie Kopernik na parterze,475 000 zł,Brak danych,Brak danych,"60,30 m² - 7877.28 zł/m²",Brak danych,Parter
99,"Mieszkanie 2-pokojowe, 41 m2 z balkonem. Wałbrzych, Podzamcze",220 000 zł,Wałbrzych - Odświeżono Dzisiaj O 12:18,Brak danych,41 m² - 5365.85 zł/m²,Brak danych,Brak danych
100,"Komfortowe, wyremontowane 3-pokojowe mieszkanie",1 900 złdo negocjacji,Brak danych,Brak danych,67 m² - 28.36 zł/m²,Brak danych,Brak danych
101,"Mieszkanie 2 pokoje, 47m2 gotowe do wprowadzenia",365 000 zł,Koszalin - Odświeżono Dzisiaj O 07:23,Brak danych,48 m² - 7604.17 zł/m²,2 pokoje,Brak danych
102,"Węglin Południowy – przestronne 72m², 3 pokoje",699 000 zł,Lublin - Odświeżono Dzisiaj O 17:11,Brak danych,71 m² - 9845.07 zł/m²,3 pokoje,Brak danych
103,Wyremontowane Mieszkanie Blisko Centrum – Idealne na Start,319 999 złdo negocjacji,Zabrze - Odświeżono Dzisiaj O 10:30,Brak danych,38 m² - 8421.03 zł/m²,Brak danych,Brak danych
104,Mieszkanie 52m2+ 30m2 ogródek z piwnicą . Lublin - Kryształowa,625 000 zł,Lublin - Odświeżono Dnia 16 Lipca 2025,Brak danych,52 m² - 12019.23 zł/m²,Brak danych,Brak danych
105,"3 pokoje po generalnym remoncie – Bracka, Łódź – wprowadź się od razu!",569 000 zł,Łódź,Brak danych,55 m² - 10345.45 zł/m²,3 pokoje,Brak danych
106,mieszkanie 2 pokoje ściesłe ciche centrum plac kościuszki,499 000 złdo negocjacji,Szczecin,Brak danych,"42,20 m² - 11824.64 zł/m²",2 pokoje,Brak danych
107,Mieszkanie na sprzedaż w bliskiej okolicy centrum miasta.,365 000 zł,Brak danych,Brak danych,"54,06 m² - 6751.76 zł/m²",Brak danych,Brak danych
108,Przytulne mieszkanie 2 pokojowe BEZ POŚREDNIKÓW,405 000 złdo negocjacji,Szczecin,Brak danych,"37,50 m² - 10800 zł/m²",2 pokoje,Brak danych
109,Mieszkanie wraz z meblami w centrum Tarnowskich Gór bez pośredników,449 000 złdo negocjacji,Brak danych,Brak danych,52 m² - 8634.62 zł/m²,Brak danych,Brak danych
110,2 pokoje/ parter/ Do generalnego remontu,189 000 zł,Szczecin - Dzisiaj O 13:03,Brak danych,"34,12 m² - 5539.27 zł/m²",2 pokoje,Parter
111,"Mieszkanie, 3 pokoje, Piekary Śl. | bezczynszowe",290 000 zł,Brak danych,Brak danych,71 m² - 4084.51 zł/m²,3 pokoje,Brak danych
112,"Mieszkanie 2 pokoje, parter.",219 000 zł,Elbląg - Odświeżono Dzisiaj O 10:37,Brak danych,22 m² - 9954.55 zł/m²,2 pokoje,Parter
113,Mieszkanie 2-pokojowe z balkonem os.SIKORNIK - Polecam,359 000 zł,Gliwice,Brak danych,"46,40 m² - 7737.07 zł/m²",Brak danych,Brak danych
114,"Mieszkanie 2 pokojowe 1p. Osiedle Przyjaźni 50,8m2",459 000 zł,Brak danych,Brak danych,"50,80 m² - 9035.43 zł/m²",2 pokoje,1 piętro
115,Sprzedam mieszkanie - Os. Bocianek 2 pokoje,390 000 złdo negocjacji,Kielce - Odświeżono Dzisiaj O 16:05,Brak danych,"47,30 m² - 8245.24 zł/m²",2 pokoje,Brak danych
116,"Prywatnie, po remoncie loggia z widokiem zieleń 2 duże pokoje 2 piętro",374 000 zł,Bydgoszcz - Odświeżono Dnia 15 Lipca 2025,Brak danych,38 m² - 9842.11 zł/m²,Brak danych,2 piętro
117,MIESZKANIE 3 POKOJE 47 m2 ulica Dworska 13c,448 900 zł,Katowice,Brak danych,47 m² - 9551.06 zł/m²,3 pokoje,Brak danych
118,"Kawalerka 14,6 m2 w Wesołej przy PKP",215 000 zł,Warszawa,Brak danych,"14,55 m² - 14776.63 zł/m²",1 pokój,Brak danych
119,Mieszkanie po generalnym remoncie Dąbrowa Górnicza Legionów Polskich,311 000 złdo negocjacji,Brak danych,Brak danych,"36,60 m² - 8497.27 zł/m²",Brak danych,Brak danych
120,Wykończona kawalerka gotowa do najmu,185 000 zł,Poznań,Brak danych,25 m² - 7400 zł/m²,1 pokój,Brak danych
121,"3 pokoje po remoncie, 1 piętro, os. Hallera",349 000 zł,Brak danych,Brak danych,"46,71 m² - 7471.63 zł/m²",3 pokoje,1 piętro
122,Bezpośrednio - Kawalerka - Sikornik,207 000 zł,Gliwice,Brak danych,"28,70 m² - 7212.54 zł/m²",1 pokój,Brak danych
123,Mieszkanie 54m2 na sprzedaż,240 000 złdo negocjacji,Brak danych,Brak danych,54 m² - 4444.44 zł/m²,Brak danych,Brak danych
124,"Mieszkanie 56 m2, 3 pokoje, w pełni wyposażone, 3 piętro, Ursus",790 000 złdo negocjacji,Warszawa,Brak danych,56 m² - 14107.14 zł/m²,3 pokoje,3 piętro
125,Mieszkanie oświęcim ul.budowlanych,245 000 złdo negocjacji,Brak danych,Brak danych,36 m² - 6805.56 zł/m²,Brak danych,Brak danych
126,"3 pokoje po generalnym remoncie – Bracka, Łódź – wprowadź się od razu!",569 000 zł,Łódź,Brak danych,55 m² - 10345.45 zł/m²,3 pokoje,Brak danych
127,3 pokoje | Śródmieście | Parking | 54 m2,250 000 zł,Sosnowiec - Dzisiaj O 12:49,Brak danych,"53,96 m² - 4633.06 zł/m²",3 pokoje,Brak danych
128,Przytulne mieszkanie 2 pokojowe BEZ POŚREDNIKÓW,405 000 złdo negocjacji,Szczecin,Brak danych,"37,50 m² - 10800 zł/m²",2 pokoje,Brak danych
129,"NOWE, trzypokojowe, świeżo wykończone mieszkanie",999 000 zł,Gdańsk,Brak danych,68 m² - 14691.18 zł/m²,Brak danych,Brak danych
130,"Sprzedam mieszkanie 36,5 m2 Gdańsk Osowa",499 999 zł,Gdańsk,Brak danych,"36,50 m² - 13698.6 zł/m²",Brak danych,Brak danych
131,Rozkładowe 58m | 3 Pokoje | Podjuchy | ul. F. Szarego | Balkon,449 900 zł,Szczecin - Odświeżono Dzisiaj O 20:26,Brak danych,58 m² - 7756.9 zł/m²,3 pokoje,Brak danych
132,Mieszkanie 42m2 parter,290 000 zł,Szczecin,Brak danych,"42,46 m² - 6829.96 zł/m²",Brak danych,Parter
133,Sprzedam Mieszkanie,265 000 złdo negocjacji,Brak danych,Brak danych,42 m² - 6309.52 zł/m²,Brak danych,Brak danych
134,Sprzedam mieszkanie 3 piętro po generalnym remoncie,369 000 złdo negocjacji,Brak danych,Brak danych,46 m² - 8021.74 zł/m²,Brak danych,3 piętro
135,"Mieszkanie 66 m 3p. Gdynia Kamienna Góra, Słowackiego",789 000 złdo negocjacji,Gdynia,Brak danych,"66,15 m² - 11927.44 zł/m²",Brak danych,3 piętro
136,"Na sprzedaż: 2-pokojowe mieszkanie, 36 m² – Rubinkowo II, Toruń",360 000 zł,Toruń - Dzisiaj O 17:41,Brak danych,36 m² - 10000 zł/m²,Brak danych,Brak danych
137,Mieszkanie 2pok Super lokalizacja,457 770 złdo negocjacji,Gdynia,Brak danych,"35,40 m² - 12931.36 zł/m²",Brak danych,Brak danych
138,Sprzedam mieszkanie,220 000 zł,Brak danych,Brak danych,40 m² - 5500 zł/m²,Brak danych,Brak danych
139,Dwa pokoje z widokiem na morze na zielonym Niedźwiedniku,550 000 zł,Gdańsk,Brak danych,38 m² - 14473.68 zł/m²,Brak danych,Brak danych
140,Mieszkanie nad zalewem. Grabskiego. Rzeszów.,580 000 zł,Rzeszów - Odświeżono Dzisiaj O 11:36,Brak danych,45 m² - 12888.89 zł/m²,Brak danych,Brak danych
141,"Mieszkanie, 46,62 m2, Koszarowa",536 130 zł,Brak danych,Brak danych,"46,62 m² - 11500 zł/m²",Brak danych,Brak danych
142,4 pok. wyposażone i klimatyzowane mieszkanie - bez podatku PCC,1 290 000 złdo negocjacji,Kraków,Brak danych,"69,23 m² - 18633.54 zł/m²",Brak danych,Brak danych
143,"NOWE MIESZKANIE 72 m2 Bezczynszowe z Fotowoltaiką, Ogródkiem 28-73",495 000 zł,Brak danych,Brak danych,72 m² - 6875 zł/m²,Brak danych,Brak danych
144,"NOWE MIESZKANIE 50 m² – Bezczynszowe, z Fotowoltaiką i Ogródkiem 40~62",449 000 zł,Brak danych,Brak danych,50 m² - 8980 zł/m²,Brak danych,Brak danych
145,Kawalerka I centrum I umeblowane I Łódź,334 900 złdo negocjacji,Łódź,Brak danych,"26,63 m² - 12576.04 zł/m²",1 pokój,Brak danych
146,3 pokoje po remoncie na Bema,499 000 zł,Toruń - 03 Lipca 2025,Brak danych,"61,30 m² - 8140.29 zł/m²",3 pokoje,Brak danych
147,Nowe mieszkanie w stanie deweloperskim ul. Robotnicza- od ręki!,397 000 zł,Brak danych,Brak danych,"49,28 m² - 8056.01 zł/m²",Brak danych,Brak danych
148,Przytulne mieszkanie - 35 m2 - Bydgoszcz Centrum,289 000 zł,Bydgoszcz - Dzisiaj O 13:34,Brak danych,"34,57 m² - 8359.85 zł/m²",Brak danych,Brak danych
149,Sprzedam mieszkanie kawalerkę,287 000 zł,Brak danych,Brak danych,27 m² - 10629.63 zł/m²,Brak danych,Brak danych
150,"3 pokoje, klimatyzacja, cisza - gotowe do zamieszkania od zaraz!",419 000 złdo negocjacji,Brak danych,Brak danych,60 m² - 6983.33 zł/m²,3 pokoje,Brak danych
151,Mieszkanie Ataner osiedle Marcelin Poznań Grunwald 68m loggia,869 900 złdo negocjacji,Poznań,Brak danych,68 m² - 12792.65 zł/m²,Brak danych,Brak danych
152,Mieszkanie na sprzedaż - Os. Manhattan Gorzów Wlkp.,485 000 zł,Gorzów Wielkopolski - Odświeżono Dzisiaj O 13:54,Brak danych,"41,59 m² - 11661.46 zł/m²",Brak danych,485 piętro
153,"Mieszkanie w centrum Zgierza, bezpośrednio",230 000 złdo negocjacji,Brak danych,Brak danych,32 m² - 7187.5 zł/m²,Brak danych,Brak danych
154,Kawalerka Światowit,250 000 zł,Brak danych,Brak danych,"31,10 m² - 8038.59 zł/m²",1 pokój,Brak danych
155,"NOWE MIESZKANIE 50m2 Bezczynszowe z Fotowoltaiką, ogródkiem 65~122",465 000 zł,Brak danych,Brak danych,50 m² - 9300 zł/m²,Brak danych,Brak danych
156,LSM 3 Pok + kuchnia wyjątkowe mieszkanie,429 000 złdo negocjacji,Lublin - 11 Lipca 2025,Brak danych,45 m² - 9533.33 zł/m²,Brak danych,Brak danych
157,"Wyjątkowe 3 pokoje z balkonem - cichy, zielony Teofilów",489 000 zł,Łódź,Brak danych,"49,65 m² - 9848.94 zł/m²",3 pokoje,Brak danych
158,"*** Mieszkanie w stanie deweloperskim, Apartamenty Alto ***",720 000 zł,Białystok,Brak danych,"70,67 m² - 10188.2 zł/m²",Brak danych,Brak danych
159,Mieszkanie w Kołobrzegu w bardzo dobrej cenie!,339 000 zł,Brak danych,Brak danych,"28,49 m² - 11898.91 zł/m²",Brak danych,Brak danych
160,"Mieszkanie 74m2 na sprzedaż Mrongowiusza, Olsztyn",549 000 złdo negocjacji,Olsztyn - Odświeżono Dzisiaj O 18:03,Brak danych,"74,05 m² - 7413.91 zł/m²",Brak danych,Brak danych
161,"Na start lub dla rodziny – 3 pokoje, osiedle Willowe, Nowa Huta",637 200 złdo negocjacji,Kraków,Brak danych,"47,20 m² - 13500 zł/m²",3 pokoje,Brak danych
162,"Mieszkanie 3 pokojowe, Swarzędz Kościuszkowców 61m2",518 500 zł,Brak danych,Brak danych,61 m² - 8500 zł/m²,3 pokoje,Brak danych
163,Mieszkanie 50 m² DRESZERA – 1. piętro Wspólnota Niski Czynsz,475 000 zł,Brak danych,Brak danych,50 m² - 9500 zł/m²,Brak danych,Brak danych
164,Sprzedam Słoneczne mieszkanie – 52 m² z potencjałem i balkonem!,599 000 złdo negocjacji,Wrocław,Brak danych,52 m² - 11519.23 zł/m²,Brak danych,Brak danych
165,ŁUPIŃSKI DEVELOPMENT Mieszkanie z ogródkiem,519 000 zł,Gorzów Wielkopolski - Odświeżono Dnia 16 Lipca 2025,Brak danych,"87,27 m² - 5947.06 zł/m²",Brak danych,Brak danych
166,"Jasne, Nowoczesne dwupokojowe mieszkanie!",457 000 zł,Bielsko-Biała - 04 Lipca 2025,Brak danych,44 m² - 10386.36 zł/m²,Brak danych,Brak danych
167,"Mieszkanie 2-pokojowe 54,5m2 po podłodze + GARAŻ, Lublin, Czuby",475 000 zł,Lublin - Odświeżono Dzisiaj O 11:18,Brak danych,"46,10 m² - 10303.69 zł/m²",Brak danych,Brak danych
168,4-pokojowe mieszkanie z potencjałem – 85 m² do generalnego remontu,179 000 zł,Brak danych,Brak danych,85 m² - 2105.88 zł/m²,Brak danych,Brak danych
169,Sprzedam mieszkanie 3 pok.51 m2 Warszawska,485 000 złdo negocjacji,Rzeszów - Odświeżono Dzisiaj O 17:38,Brak danych,"50,62 m² - 9581.19 zł/m²",Brak danych,Brak danych
170,"Tatary, dwupokojowe mieszkanie",315 000 zł,Lublin - Dzisiaj O 13:59,Brak danych,"32,55 m² - 9677.42 zł/m²",Brak danych,Brak danych
171,Nowe Mieszkanie we Wrocławiu: Twoja Szansa na Własność Bez Kredytu!,180 000 zł,Wrocław,Brak danych,"40,26 m² - 4470.94 zł/m²",Brak danych,Brak danych
172,"Atrakcyjne 3pokojowe mieszkanie na sprzedaż ul. Przyszłości, Gliwice",299 000 zł,Gliwice,Brak danych,50 m² - 5980 zł/m²,3 pokoje,Brak danych
173,Dom/Mieszkanie z ogródkiem Prudnik Młyńska,185 000 złdo negocjacji,Brak danych,Brak danych,278 m² - 665.47 zł/m²,Brak danych,Brak danych
174,Piękne Mieszkanie - 2 piętro ✅,335 000 zł,Brak danych,Brak danych,"48,10 m² - 6964.66 zł/m²",Brak danych,2 piętro
175,"Mieszkanie w Żywcu 58,7 m² | Stan deweloperski",634 000 zł,Brak danych,Brak danych,"58,70 m² - 10800.68 zł/m²",Brak danych,Brak danych
176,Sprzedam dwupokojowe mieszkanie,590 000 zł,Warszawa,Brak danych,"38,36 m² - 15380.6 zł/m²",Brak danych,Brak danych
177,"NOWE MIESZKANIE 72 m2 Bezczynszowe z Fotowoltaiką, Ogródkiem 28-73",495 000 zł,Brak danych,Brak danych,72 m² - 6875 zł/m²,Brak danych,Brak danych
178,Kawalerka (mieszkanie 1-pokojowe) Wrocław Zakrzów,280 000 złdo negocjacji,Wrocław,Brak danych,"22,60 m² - 12389.38 zł/m²",1 pokój,Brak danych
179,"Piekne i przestronne mieszkanie 64,04 m2",630 000 zł,Brak danych,Brak danych,"64,04 m² - 9837.6 zł/m²",Brak danych,Brak danych
180,Mieszkanie-Centrum-Parter-Obok Basenu-Duża Piwnica-Zapraszam,420 000 złdo negocjacji,Brak danych,Brak danych,60 m² - 7000 zł/m²,Brak danych,Parter
181,Sprzedam 3 pokoje bezczynszowe z garażem 51m2 Zabrze,149 000 zł,Zabrze - 16 Lipca 2025,Brak danych,51 m² - 2921.57 zł/m²,3 pokoje,Brak danych
182,2 pokoje * widna kuchnia * parter z ogródkiem,755 000 złdo negocjacji,Warszawa,Brak danych,45 m² - 16777.78 zł/m²,2 pokoje,Parter
183,Mieszkanie M1 kawalerka garsoniera 1 pokój aneks kuchenny łazienka,215 000 zł,Brak danych,Brak danych,20 m² - 10750 zł/m²,1 pokoje,Brak danych
184,"Mieszkanie 3-pokojowe z ogrodem i widokiem na Odrę, blisko centrum",1 290 000 zł,Wrocław,Brak danych,"47,73 m² - 27027.03 zł/m²",Brak danych,Brak danych
185,Sprzedam bezpośrednio mieszkanie 2-pokojowe | Nowe Złotno,495 000 złdo negocjacji,Łódź,Brak danych,"43,50 m² - 11379.31 zł/m²",Brak danych,Brak danych
186,4 pokojowe mieszkanie na Os. Książąt Pomorskich,779 000 złdo negocjacji,Szczecin,Brak danych,"82,30 m² - 9465.37 zł/m²",4 pokoje,Brak danych
187,Piękne 2 pokojowe mieszkanie z ogrodem.,450 000 zł,Brak danych,Brak danych,"45,42 m² - 9907.53 zł/m²",2 pokoje,Brak danych
188,"Mieszkanie 4 pokoje 72,50 m2 Nagórki",629 000 złdo negocjacji,Olsztyn - Odświeżono Dzisiaj O 08:20,Brak danych,"72,50 m² - 8675.86 zł/m²",4 pokoje,Brak danych
189,Bezpośrednio sprzedam mieszkanie 3 pok. z balkonem (po remoncie),720 000 zł,Wrocław,Brak danych,54 m² - 13333.33 zł/m²,Brak danych,Brak danych
190,"2 pokoje niedaleko metra, bezpośrednio",469 000 złdo negocjacji,Warszawa,Brak danych,"37,70 m² - 12440.32 zł/m²",2 pokoje,Brak danych
191,Urokliwe mieszkanie z niepowtarzalnym widokiem,419 000 zł,Brak danych,Brak danych,70 m² - 5985.71 zł/m²,Brak danych,Brak danych
192,"Piękne mieszkanie, miasteczko akademickie",459 000 zł,Lublin - Dzisiaj O 18:09,Brak danych,"39,26 m² - 11691.29 zł/m²",Brak danych,Brak danych
193,"3 pokoje, balkon, piwnica-bdb. lokalizacja",299 000 zł,Brak danych,Brak danych,"60,30 m² - 4958.54 zł/m²",3 pokoje,Brak danych
194,Mieszkanie 3 pokojowe 74 m2 -1 pietro,429 000 zł,Brak danych,Brak danych,74 m² - 5797.3 zł/m²,3 pokoje,Brak danych
195,Mieszkanie łódź widzew,309 000 złdo negocjacji,Łódź,Brak danych,"45,50 m² - 6791.21 zł/m²",Brak danych,Brak danych
196,REZERWACJA! 2 pokoje umeblowane gotowe do wprowadzenia,250 000 złdo negocjacji,Bytom - Odświeżono Dnia 16 Lipca 2025,Brak danych,"39,50 m² - 6329.11 zł/m²",2 pokoje,Brak danych
197,Mieszkanie 4 pokojowe w pobliżu lasu,359 000 zł,Toruń - Dzisiaj O 10:13,Brak danych,"68,86 m² - 5213.48 zł/m²",4 pokoje,Brak danych
198,"Mieszkanie 53,42 m2 > Rembertów> od Dewelopera",607 000 zł,Warszawa,Brak danych,"53,42 m² - 11362.79 zł/m²",Brak danych,Brak danych
199,"Ostoja Park - 2 pokoje, 45,60 m2, Balkon 10,5 m2",400 824 zł,Łódź,Brak danych,"45,60 m² - 8790 zł/m²",2 pokoje,Brak danych
200,"Nowe, 3 pokojowe mieszkanie, o pow. 50,9 m2, z balkonem",389 000 zł,Brak danych,Brak danych,"50,90 m² - 7642.44 zł/m²",3 pokoje,Brak danych
201,"Mieszkanie M3 po remoncie 45,5 m2 Bartodzieje Bydgoszcz",395 000 zł,Bydgoszcz - Odświeżono Dnia 16 Lipca 2025,Brak danych,"45,50 m² - 8681.32 zł/m²",Brak danych,Brak danych
202,"Przestronne mieszkanie 92 m² centrum Poznania, 3 pokoje,2 tarasy,garaż",1 650 000 zł,Poznań,Brak danych,92 m² - 17934.78 zł/m²,3 pokoje,Brak danych
203,Bielany super cena mieszkanie na sprzedaż,598 000 zł,Warszawa,Brak danych,49 m² - 12204.08 zł/m²,Brak danych,Brak danych
204,"Mieszkanie 2 poziomy , ogródek",450 000 zł,Bytom - 16 Lipca 2025,Brak danych,"81,04 m² - 5552.81 zł/m²",Brak danych,Brak danych
205,"Luksusowe mieszkanie, zlokalizowane w atrakcyjnym miejscu przy lesie",549 000 złdo negocjacji,Brak danych,Brak danych,"46,70 m² - 11755.89 zł/m²",Brak danych,Brak danych
206,Mieszkanie 3 pokojowe na sprzedaż,399 999 złdo negocjacji,Brak danych,Brak danych,64 m² - 6249.98 zł/m²,3 pokoje,Brak danych
207,"Szombierki, 2 pokoje w bloku, balkon, bez prowizji",209 000 zł,Bytom - Dzisiaj O 10:24,Brak danych,"47,20 m² - 4427.97 zł/m²",2 pokoje,Brak danych
208,Sprzedam mieszkanie 80m,1 490 000 złdo negocjacji,Warszawa,Brak danych,80 m² - 18625 zł/m²,Brak danych,Brak danych
209,Mieszkanie 3 p./ Ełk ul. Sikorskiego/ os. Północ I/ umeblowane/ AGD/TV,489 000 zł,Brak danych,Brak danych,60 m² - 8150 zł/m²,Brak danych,3 piętro
210,"Mieszkanie dwupoziomowe 83.77m2, 3 balkony, klimatyzacja, piwnica",525 000 złdo negocjacji,Brak danych,Brak danych,"83,77 m² - 6267.16 zł/m²",Brak danych,Brak danych
211,Gotowe do odbioru! Nowe mieszkanie w Tuchomiu-Osiedle Słoneczna,314 824 zł,Brak danych,Brak danych,"53,45 m² - 5890.07 zł/m²",Brak danych,Brak danych
212,3-pokoje w centrum miasta | gotowe do zamieszkania,229 000 zł,Starogard Gdański - 16 Lipca 2025,Brak danych,"56,55 m² - 4049.51 zł/m²",Brak danych,Brak danych
213,Mieszkanie na sprzedaż - Tczew 50 m2,180 000 złdo negocjacji,Brak danych,Brak danych,50 m² - 3600 zł/m²,Brak danych,Brak danych
214,"MIESZKANIE 39 m Oświęcim, Zasole",295 000 złdo negocjacji,Brak danych,Brak danych,40 m² - 7375 zł/m²,Brak danych,Brak danych
215,"3 oddzielne pokoje,Pojezierze, ul.Pana Tadusza",529 000 zł,Olsztyn - 30 Czerwca 2025,Brak danych,62 m² - 8532.26 zł/m²,Brak danych,Brak danych
216,Chorzów Batory ul. Karpacka - mieszkanie z potencjałem w dobrej cenie,209 000 zł,Chorzów - 26 Czerwca 2025,Brak danych,45 m² - 4644.44 zł/m²,Brak danych,Brak danych
217,Sprzedam mieszkanie 3 piętro po generalnym remoncie,369 000 złdo negocjacji,Brak danych,Brak danych,46 m² - 8021.74 zł/m²,Brak danych,3 piętro
218,Sprzedam M4 na 2 piętrze po generalnym remoncie,399 000 złdo negocjacji,Brak danych,Brak danych,53 m² - 7528.3 zł/m²,Brak danych,Brak danych
219,Oświęcim Os. Chemików mieszkanie 2 pokojowe.,350 000 zł,Brak danych,Brak danych,"50,22 m² - 6969.33 zł/m²",2 pokoje,Brak danych
220,2 pokoje w niskim bloku Winogrady os. Kosmonautów,339 000 zł,Poznań,Brak danych,"33,80 m² - 10029.59 zł/m²",2 pokoje,Brak danych
221,"Mieszkanie - Osiedle Lecha 90, Poznań, Rataje - bezpośrednio",570 000 złdo negocjacji,Poznań,Brak danych,"53,30 m² - 10694.18 zł/m²",Brak danych,Brak danych
222,Przy Parku Szczęśliwickim | 3 pokoje+2 łazienki | Meble i AGD w cenie,1 975 000 zł,Warszawa,Brak danych,77 m² - 25649.35 zł/m²,3 pokoje,Brak danych
223,"Na sprzedaż mieszkanie – ul. Zana, Lublin",399 000 zł,Lublin - 16 Lipca 2025,Brak danych,38 m² - 10500 zł/m²,Brak danych,Brak danych
224,Tysiąclecie 3 pokoje po remoncie - cena do negocjacji,345 000 złdo negocjacji,Częstochowa,Brak danych,49 m² - 7040.82 zł/m²,3 pokoje,Brak danych
225,"2 pokoje niedaleko metra, bezpośrednio",469 000 złdo negocjacji,Warszawa,Brak danych,"37,70 m² - 12440.32 zł/m²",2 pokoje,Brak danych
226,"2 pokoje po remoncie • Saska Kępa •37 m2 • budynek z cegły• 2,80 h",855 000 zł,Warszawa,Brak danych,"37,20 m² - 22983.87 zł/m²",2 pokoje,Brak danych
227,"mieszkanie 60m2 z garażem, ogródek, parter ul Główna",312 000 złdo negocjacji,Brak danych,Brak danych,60 m² - 5200 zł/m²,Brak danych,Parter
228,"Mieszkanie 3pokojowe 67,83m Górczyn+ komórką Ogłoszenie PRYWATNE !!",639 000 zł,Gorzów Wielkopolski - Odświeżono Dzisiaj O 05:27,Brak danych,"67,83 m² - 9420.61 zł/m²",3 pokoje,Brak danych
229,Sprzedam mieszkanie 3 pokojowe,529 000 złdo negocjacji,Brak danych,Brak danych,58 m² - 9120.69 zł/m²,3 pokoje,Brak danych
230,Mieszkanie dwupokojowe na parterze zadbane,285 000 zł,Płock - Odświeżono Dzisiaj O 06:03,Brak danych,"41,02 m² - 6947.83 zł/m²",Brak danych,Parter
231,Mieszkanie 2 pokojowe po generalnym remoncie w centrum z balkonem,425 000 złdo negocjacji,Brak danych,Brak danych,"39,37 m² - 10795.02 zł/m²",2 pokoje,Brak danych
232,Słoneczne 4 pokoje poniżej 14 tys/m2 - > Idealne dla Rodziny,1 210 000 zł,Warszawa,Brak danych,87 m² - 13908.05 zł/m²,4 pokoje,Brak danych
233,BEZPOŚREDNIO 3 pokoje 46 m2 Bródno,635 000 zł,Warszawa,Brak danych,46 m² - 13804.35 zł/m²,3 pokoje,Brak danych
234,"Prywatnie, Centrum, 2 pokoje, Nowe, Bez PCC","547 540,40 zł",Lublin - Dzisiaj O 09:26,Brak danych,"29,60 m² - 18497.99 zł/m²",2 pokoje,Brak danych
235,Sprzedam w pełni wyposażone i umeblowane mieszkanie – SYCÓW CENTRUM,310 000 zł,Brak danych,Brak danych,"44,60 m² - 6950.67 zł/m²",Brak danych,Brak danych
236,Mieszkanie 4 pokoje na I piętrze. Poturzyn.Lub,95 000 zł,Brak danych,Brak danych,86 m² - 1104.65 zł/m²,4 pokoje,Brak danych
237,Atrakcyjne mieszkanie 43 m2 z balkonem w Sośnicy!,289 000 zł,Gliwice,Brak danych,43 m² - 6720.93 zł/m²,Brak danych,Brak danych
238,4-pokojowe mieszkanie + strych do adaptacji,2 200 000 zł,Kraków,Brak danych,124 m² - 17741.94 zł/m²,Brak danych,Brak danych
239,2 Pokoje | Balkon | Piwnica | Wzgórza,469 000 zł,Kraków,Brak danych,39 m² - 12025.64 zł/m²,2 pokoje,Brak danych
240,Apartament - 4 pokoje - mieszkanie z fotowoltaiką w Dębicy przy ul. Łą,380 000 zł,Brak danych,Brak danych,"58,60 m² - 6484.64 zł/m²",4 pokoje,Brak danych
241,"Mieszkanie, Poznań",487 000 zł,Poznań,Brak danych,"42,20 m² - 11540.28 zł/m²",Brak danych,Brak danych
242,Na sprzedaż 2 pokojowe mieszkanie,449 000 złdo negocjacji,Brak danych,Brak danych,36 m² - 12472.22 zł/m²,2 pokoje,Brak danych
243,Wyjątkowe mieszkanie w doskonałej lokalizacji.,1 090 000 zł,Kraków,Brak danych,"64,73 m² - 16839.18 zł/m²",Brak danych,Brak danych
244,Mieszkanie 60 m2 Zgierz osiedle 650,449 000 zł,Brak danych,Brak danych,60 m² - 7483.33 zł/m²,Brak danych,Brak danych
245,Mieszkanie Dwupokojowe Osiedle Sudeckie,225 000 zł,Brak danych,Brak danych,"46,47 m² - 4841.83 zł/m²",Brak danych,Brak danych
246,"Mieszkanie, Siedlce, Dylewicza, parter",519 000 zł,Brak danych,Brak danych,"63,50 m² - 8173.23 zł/m²",Brak danych,Parter
247,Trzypokojowe mieszkanie z balkonem z 2019 roku,750 000 zł,Brak danych,Brak danych,"56,13 m² - 13361.84 zł/m²",Brak danych,Brak danych
248,"Żukowo, 4 pokoje, bezczynszowe, ogródek (PROMOCJA -20 000)",525 000 zł,Brak danych,Brak danych,"77,68 m² - 6758.5 zł/m²",4 pokoje,Brak danych
249,"Dwu pokojowe mieszkanie o pow.51,40m2",380 000 zł,Brak danych,Brak danych,"51,40 m² - 7393 zł/m²",Brak danych,Brak danych
250,"Prywatnie, nowe okna, duży balkon, po generalnym remoncie, 3 pokoje",513 000 zł,Tychy - Dzisiaj O 18:43,Brak danych,"56,50 m² - 9079.65 zł/m²",3 pokoje,Brak danych
251,Sprzedam mieszkanie 47.5mkw Sandomierz ul. Maciejowskiego,340 000 zł,Brak danych,Brak danych,"47,50 m² - 7157.89 zł/m²",Brak danych,Brak danych
252,"Kawalerka z widokiem na Warszawę, Targówek",395 000 zł,Warszawa,Brak danych,"28,13 m² - 14041.95 zł/m²",1 pokój,Brak danych
253,Przestronne 3-pokojowe mieszkanie z klimatyzacją – świetna lokalizacja,349 000 zł,Brak danych,Brak danych,47 m² - 7425.53 zł/m²,Brak danych,Brak danych
254,"2 pokoje, 2 piętro, ul. Zakopiańska",379 000 zł,Szczecin - Dzisiaj O 06:29,Brak danych,"45,81 m² - 8273.3 zł/m²",2 pokoje,2 piętro
255,Rozkładowe 2 pokoje | Balkon | Spokojna okolica,175 000 zł,Brak danych,Brak danych,"31,75 m² - 5511.81 zł/m²",2 pokoje,Brak danych
256,"Duże Mieszkanie, Działka ROD i Garaż - Wszystko, Czego Potrzebujesz!",299 250 zł,Brak danych,Brak danych,75 m² - 3990 zł/m²,Brak danych,Brak danych
257,"Mieszkanie, Lubin",395 000 zł,Brak danych,Brak danych,"56,47 m² - 6994.86 zł/m²",Brak danych,Brak danych
258,"Mieszkanie 3-pokojowe z balkonem 48,03 m | Budziwojska 3",425 000 zł,Rzeszów - Odświeżono Dnia 16 Lipca 2025,Brak danych,"48,03 m² - 8848.64 zł/m²",Brak danych,Brak danych
259,Mieszkanie-Centrum-Parter-Obok Basenu-Duża Piwnica-Zapraszam,420 000 złdo negocjacji,Brak danych,Brak danych,60 m² - 7000 zł/m²,Brak danych,Parter
260,"Klimontów, zielone serce miasta. 2-pokojowe mieszkanie z balkonem.",299 000 zł,Sosnowiec - Odświeżono Dzisiaj O 14:38,Brak danych,"51,25 m² - 5834.15 zł/m²",Brak danych,Brak danych
261,4 pokoje Piłsudskiego 71mkw,535 000 zł,Brak danych,Brak danych,71 m² - 7535.21 zł/m²,4 pokoje,Brak danych
262,Chorzów Pniaki - Mieszkanie w spokojnej okolicy,316 000 zł,Chorzów - Dzisiaj O 16:58,Brak danych,"51,80 m² - 6100.39 zł/m²",Brak danych,Brak danych
263,Kawalerka - stan deweloperski–idealna inwestycja,283 470 zł,Bydgoszcz - Dzisiaj O 13:34,Brak danych,"25,77 m² - 11000 zł/m²",1 pokój,Brak danych
264,"Mieszkanie 2-pokojowe, 41 m2 z balkonem. Wałbrzych, Podzamcze",220 000 zł,Wałbrzych - Odświeżono Dzisiaj O 12:18,Brak danych,41 m² - 5365.85 zł/m²,Brak danych,Brak danych
265,Widne mieszkanie na wysokim parterze,355 000 zł,Lublin - Dzisiaj O 09:27,Brak danych,"47,08 m² - 7540.36 zł/m²",Brak danych,Parter
266,Atrakcyjne 3-pokojowe mieszkanie po remoncie,379 000 zł,Brak danych,Brak danych,55 m² - 6890.91 zł/m²,Brak danych,Brak danych
267,Piękne 3 pokoje! | duży balkon | piwnica | m. miejskie | 3km do Rynku,779 900 zł,Wrocław,Brak danych,"60,30 m² - 12933.67 zł/m²",3 pokoje,Brak danych
268,"Mieszkanie w Krakowie, Krowodrza – ul. Spokojna",385 000 zł,Kraków,Brak danych,23 m² - 16739.13 zł/m²,Brak danych,Brak danych
269,SPRZEDAM MIESZKANIE 32m2 Karlino blisko morza,157 000 zł,Brak danych,Brak danych,32 m² - 4906.25 zł/m²,Brak danych,Brak danych
270,"Targówek Metro M2 balkon piwnica zieleń, 2 pokoje do własnej aranżacji",489 000 zł,Warszawa,Brak danych,39 m² - 12538.46 zł/m²,2 pokoje,Brak danych
271,"Piękne mieszkanie kawalerka 32,5m2 po generalnym remoncie",230 000 złdo negocjacji,Brak danych,Brak danych,"32,23 m² - 7136.21 zł/m²",1 pokój,Brak danych
272,"Kawalerka 27m, Nowa Huta",349 000 zł,Kraków,Brak danych,27 m² - 12925.93 zł/m²,1 pokój,Brak danych
273,⭐ 3 pokoje ⭐ 47m2 ⭐ parter ⭐ dwustronne ⭐,480 000 zł,Poznań - Dzisiaj O 13:47,Brak danych,"47,20 m² - 10169.49 zł/m²",3 pokoje,Parter
274,Mieszkanie 2 pokoje 32m2 *ogrodowa / gotowe od zaraz,229 900 złdo negocjacji,Brak danych,Brak danych,"32,30 m² - 7117.65 zł/m²",2 pokoje,Brak danych
275,"Mieszkanie, Lubin",399 000 zł,Brak danych,Brak danych,"68,30 m² - 5841.87 zł/m²",Brak danych,Brak danych
276,Mieszkanie z potencjałem i duszą.,279 000 zł,Częstochowa - Dzisiaj O 08:59,Brak danych,47 m² - 5936.17 zł/m²,Brak danych,Brak danych
277,Mieszkanie 2-pok z widokiem na naturę z Balkonu,429 000 zł,Brak danych,Brak danych,36 m² - 11916.67 zł/m²,Brak danych,Brak danych
278,"Mini segment, 3 pokoje - 41,58m2",474 000 zł,Warszawa,Brak danych,"41,58 m² - 11399.71 zł/m²",3 pokoje,Brak danych
279,Mieszkanie w centrum 48m,410 000 złdo negocjacji,Brak danych,Brak danych,48 m² - 8541.67 zł/m²,Brak danych,Brak danych
280,"3 pokoje, oddzielna kuchnia,obok Al.Adamowicza,tramwaj",690 000 zł,Gdańsk,Brak danych,"64,90 m² - 10631.74 zł/m²",3 pokoje,Brak danych
281,Adama Mickiewicza 35 - 3 pokoje - Piękne osiedle,897 000 zł,Warszawa,Brak danych,"53,13 m² - 16883.12 zł/m²",3 pokoje,Brak danych
282,Mieszkanie osiedle Hallera,239 000 zł,Brak danych,Brak danych,"37,93 m² - 6301.08 zł/m²",Brak danych,Brak danych
283,świetna lokalizacja | 2 pokoje | Balkon | 46 m²,435 000 zł,Brak danych,Brak danych,"45,42 m² - 9577.28 zł/m²",2 pokoje,Brak danych
284,"3 pokoje, łowicka, parter z dużym balkonem",198 000 zł,Jastrzębie-Zdrój - Dzisiaj O 17:30,Brak danych,44 m² - 4500 zł/m²,3 pokoje,Parter
285,"Komfortowe mieszkanie 4-pokojowe 62,41 m2 | Budziwojska 3",518 000 złdo negocjacji,Rzeszów - Odświeżono Dzisiaj O 12:32,Brak danych,"62,41 m² - 8299.95 zł/m²",Brak danych,Brak danych
286,"Gotowe do zamieszkania, przytulne 3-pokojowe mieszkanie na Winogradach",539 000 zł,Poznań,Brak danych,"47,60 m² - 11323.53 zł/m²",Brak danych,Brak danych
287,"3 pokoje na Bródnie, blisko metra, od zaraz",599 000 zł,Warszawa,Brak danych,"53,30 m² - 11238.27 zł/m²",3 pokoje,Brak danych
288,"Wyjątkowe mieszkanie z antresolą i balkonem, najlepsza lokalizacja!",389 000 złdo negocjacji,Brak danych,Brak danych,55 m² - 7072.73 zł/m²,Brak danych,Brak danych
289,"REZERWACJA! Mysłowice Brzęczkowice ul. W. Korfantego, 3pokoje, 67m kw.",399 000 zł,Brak danych,Brak danych,67 m² - 5955.22 zł/m²,3 pokoje,Brak danych
290,2 pokojowe mieszkanie gotowe do wprowadzenia (dla pary/ dla studenta),695 000 zł,Warszawa,Brak danych,"41,30 m² - 16828.09 zł/m²",2 pokoje,Brak danych
291,Mieszkanie 76m2 z ogrodem 156m2,999 000 zł,Warszawa,Brak danych,"76,44 m² - 13069.07 zł/m²",Brak danych,Brak danych
292,Bobrzyńskiego 45A Ruczaj piękne dwustronne 2pokoje,749 000 zł,Kraków,Brak danych,52 m² - 14403.85 zł/m²,2 pokoje,Brak danych
293,2 pokoje na start - Plewiska,429 000 zł,Brak danych,Brak danych,"33,59 m² - 12771.66 zł/m²",2 pokoje,Brak danych
294,★Przestronne Dwa Pokoje 58 mkw Warszewo Ogródek 120 mkw★,699 000 zł,Szczecin,Brak danych,58 m² - 12051.72 zł/m²,Brak danych,Brak danych
295,SPRZEDAM | 4 Pokoje | ŁÓDŹ CHOJNY | 110M2,399 000 zł,Łódź,Brak danych,110 m² - 3627.27 zł/m²,4 pokoje,Brak danych
296,Dwupoziomowe mieszkanie 4-pokojowe - 450m od Rynku,585 000 zł,Brak danych,Brak danych,72 m² - 8125 zł/m²,Brak danych,Brak danych
297,Sprzedam komfortowe mieszkanie w świetnej lokalizacji-bezpośrednio,682 000 zł,Chorzów - Odświeżono Dzisiaj O 09:02,Brak danych,84 m² - 8119.05 zł/m²,Brak danych,Brak danych
298,Sprzedam bezpośrednio mieszkanie 54m2 os. Podwawelskie ul. Dworska,990 000 zł,Kraków,Brak danych,54 m² - 18333.33 zł/m²,Brak danych,Brak danych
299,Siemianowice Śl. - 2 pokoje w poblizu PARKU,250 000 zł,Brak danych,Brak danych,"46,20 m² - 5411.26 zł/m²",2 pokoje,Brak danych
300,Duża przestronna kawalerka M2 35m plus balkon,129 999 zł,Brak danych,Brak danych,35 m² - 3714.26 zł/m²,1 pokój,Brak danych
301,"Marysin Wawerski | 2 pokoje, balkon 12m², blisko Rezerwatu",999 000 zł,Warszawa,Brak danych,"55,75 m² - 17919.28 zł/m²",2 pokoje,Brak danych
302,Aktualne 3 pokoje z dużym ogródkiem,680 000 zł,Brak danych,Brak danych,50 m² - 13600 zł/m²,3 pokoje,Brak danych
303,Wygodne 3-pokojowe mieszkanie na sprzedaż !,480 000 zł,Olsztyn - 16 Lipca 2025,Brak danych,"59,50 m² - 8067.23 zł/m²",Brak danych,Brak danych
304,⭐️3 pokoje ⭐ 54 m² ⭐️metro 500m ⭐️do remontu⭐️,580 000 zł,Warszawa,Brak danych,54 m² - 10740.74 zł/m²,3 pokoje,Brak danych
305,Sosnowiec Sielec | 2-pokojowe mieszkanie | Okazja!,212 500 zł,Sosnowiec - 16 Lipca 2025,Brak danych,"41,88 m² - 5074.02 zł/m²",Brak danych,Brak danych
306,2 POKOJE|Balkon|Blisko PŁ|51m2|Pełen rozkład|ROKICIE|2 PIĘTRO,329 000 zł,Łódź,Brak danych,51 m² - 6450.98 zł/m²,2 pokoje,2 piętro
307,2 - pokojowe mieszkanie w atrakcyjnej cenie,585 000 zł,Warszawa,Brak danych,40 m² - 14625 zł/m²,Brak danych,Brak danych
308,"Dwupoziomowe Mieszkanie 101 m2, ul. Focha, Częstochowa-Centrum",549 000 złdo negocjacji,Częstochowa,Brak danych,"101,15 m² - 5427.58 zł/m²",Brak danych,Brak danych
309,Wyjątkowe mieszkanie. Nie znajdziesz tego w bloku.,540 000 zł,Łódź,Brak danych,"60,99 m² - 8853.91 zł/m²",Brak danych,Brak danych
310,Przytulna kawalerka Smolec- na sprzedaż,398 748 złdo negocjacji,Brak danych,Brak danych,30 m² - 13291.6 zł/m²,1 pokój,Brak danych
311,M3 Mieszkanie 2 pokoje Sierakowskiego po remoncie Łódź,359 000 zł,Łódź,Brak danych,"38,30 m² - 9373.37 zł/m²",2 pokoje,Brak danych
312,Mieszkanie z ogródkiem i garażem / 1 piętro,385 000 zł,Brak danych,Brak danych,"50,40 m² - 7638.89 zł/m²",Brak danych,1 piętro
313,Kawalerka 26m w dzielnicy Stara Ochota,520 000 zł,Warszawa,Brak danych,26 m² - 20000 zł/m²,1 pokój,Brak danych
314,Bezczynszowe 3 Pokojowe mieszkanie 57m2 Chorzów,224 000 zł,Chorzów - 15 Lipca 2025,Brak danych,"53,80 m² - 4163.57 zł/m²",3 pokoje,Brak danych
315,Jedlina - Zdrój Mieszkanie Garaż Ogródek OKAZJA,95 000 zł,Brak danych,Brak danych,"45,49 m² - 2088.37 zł/m²",Brak danych,Brak danych
316,Mieszkanie na sprzedaż,384 000 zł,Brak danych,Brak danych,"61,38 m² - 6256.11 zł/m²",Brak danych,Brak danych
317,Mieszkanie tylko 700 M od morza!,169 000 zł,Brak danych,Brak danych,"107,47 m² - 1572.53 zł/m²",Brak danych,Brak danych
318,Dwa pokoje w kamienicy w Otwocku na sprzedaż,460 000 złdo negocjacji,Brak danych,Brak danych,37 m² - 12432.43 zł/m²,Brak danych,Brak danych
319,Nowe * 2 Małe Pokoje* Z Windą,320 000 zł,Brak danych,Brak danych,"33,40 m² - 9580.84 zł/m²",Brak danych,Brak danych
320,"Nowe mieszkanie, Siedlce, ul. Sowińskiego, 50,55 m2",545 940 zł,Brak danych,Brak danych,"50,55 m² - 10800 zł/m²",Brak danych,Brak danych
321,"Centrum Wyszkowa Ul. 1 Maja , Piękne mieszkanie 49 m . 3 Piętro .",560 000 złdo negocjacji,Brak danych,Brak danych,49 m² - 11428.57 zł/m²,Brak danych,3 piętro
322,Mieszkanie 1-pokojowe na Warszawskim Wrzecionie,230 000 zł,Warszawa,Brak danych,17 m² - 13529.41 zł/m²,Brak danych,Brak danych
323,Piękne mieszkanie z widokiem na jezioro Malta,449 000 zł,Poznań - Dzisiaj O 15:44,Brak danych,"34,39 m² - 13056.12 zł/m²",Brak danych,Brak danych
324,3 Pokoje | Blisko metra | Stan bardzo dobry,645 000 zł,Warszawa,Brak danych,"46,10 m² - 13991.32 zł/m²",3 pokoje,Brak danych
325,Mieszkanie/lokal na parterze domu- Okazja!!!,380 000 zł,Lublin - Dzisiaj O 08:31,Brak danych,"108,90 m² - 3489.44 zł/m²",Brak danych,Parter
326,"2 pokoje na Santockiej, dla osób spoza UE!!",439 000 zł,Szczecin,Brak danych,45 m² - 9755.56 zł/m²,2 pokoje,Brak danych
327,Okazja !! Klimatyczne mieszkanie z ogródkiem w centrum !,348 000 złdo negocjacji,Brak danych,Brak danych,58 m² - 6000 zł/m²,Brak danych,Brak danych
328,"Na sprzedaż 3-pokojowe mieszkanie, ul. Żuromińska",579 000 zł,Warszawa,Brak danych,"57,50 m² - 10069.57 zł/m²",Brak danych,Brak danych
329,Widokowe mieszkanie 36 m2| 600 metrów od rynku|,393 800 zł,Brak danych,Brak danych,"35,80 m² - 11000 zł/m²",Brak danych,Brak danych
330,"Ciche 2 pokoje, kamienica, po remoncie, wyposażone 46 m2 Górny Mokotów",1 185 000 zł,Warszawa,Brak danych,"45,77 m² - 25890.32 zł/m²",2 pokoje,Brak danych
331,Na sprzedaż mieszkanie,330 000 zł,Sosnowiec - 19 Czerwca 2025,Brak danych,39 m² - 8461.54 zł/m²,Brak danych,Brak danych
332,2-pokojowe mieszkanie 36m² gotowe do wprowadzenia,282 000 zł,Brak danych,Brak danych,36 m² - 7833.33 zł/m²,Brak danych,Brak danych
333,"Prywatnie, po generalnym remoncie, 3 pokoje, bezpośrednio -Duży Balkon",420 000 zł,Tychy - Dzisiaj O 18:46,Brak danych,"46,80 m² - 8974.36 zł/m²",3 pokoje,Brak danych
334,3 pokoje | balkon | piwnica | 1. piętro – Iława,378 000 zł,Brak danych,Brak danych,"66,44 m² - 5689.34 zł/m²",3 pokoje,Brak danych
335,Mieszkanie 4-pokojowe z balkonem w Sosnowcu,415 000 zł,Sosnowiec - Dzisiaj O 13:55,Brak danych,79 m² - 5253.16 zł/m²,Brak danych,Brak danych
336,"2 pokoje po remoncie , Południe",210 000 zł,Włocławek - Dzisiaj O 13:16,Brak danych,"28,50 m² - 7368.42 zł/m²",2 pokoje,Brak danych
337,"Mieszkanie 2-pokojowe z balkonem Jaroty 33,9 m²",365 000 zł,Olsztyn - Dzisiaj O 14:45,Brak danych,"33,90 m² - 10766.96 zł/m²",Brak danych,Brak danych
338,"PO REMONCIE! kawalerka | 33,5m2 | CHOJNY-DĄBROWA | nowa instalacja",279 000 zł,Łódź,Brak danych,"33,26 m² - 8388.45 zł/m²",1 pokój,Brak danych
339,"Sprzedam mieszkanie ,Czechów ,Górska",490 000 zł,Lublin - Dzisiaj O 09:28,Brak danych,"49,30 m² - 9939.15 zł/m²",Brak danych,Brak danych
340,"Mieszkanie, Szczecin",789 000 zł,Szczecin,Brak danych,85 m² - 9282.35 zł/m²,Brak danych,Brak danych
341,"Kawalerka, Bałuty, idealne pod inwestycję oraz do zamieszkania, OKAZJA",149 000 zł,Łódź,Brak danych,"16,45 m² - 9057.75 zł/m²",1 pokój,Brak danych
342,Komfortowe 3-pokojowe mieszkanie po generalnym remoncie 51 m² 1 piętro,402 900 zł,Brak danych,Brak danych,51 m² - 7900 zł/m²,Brak danych,1 piętro
343,3-pokojowe mieszkanie gotowe do zamieszkania !,329 000 zł,Brak danych,Brak danych,"51,50 m² - 6388.35 zł/m²",Brak danych,Brak danych
344,Dwupoziomowe mieszkanie w Chorzowie Batorym,495 000 zł,Chorzów - 15 Lipca 2025,Brak danych,"89,63 m² - 5522.7 zł/m²",Brak danych,Brak danych
345,Mieszkanie po generalnym remoncie umeblowane. Ul. Przyjaźni w Lublinie,459 000 złdo negocjacji,Lublin - Dzisiaj O 09:35,Brak danych,43 m² - 10674.42 zł/m²,Brak danych,Brak danych
346,Klimatyczne mieszkanie na pięknym osiedlu,850 000 zł,Warszawa,Brak danych,48 m² - 17708.33 zł/m²,Brak danych,Brak danych
347,Mieszkanie 3 pok. + kuchnia 61 m² – Czechów,615 000 zł,Lublin - Odświeżono Dzisiaj O 11:46,Brak danych,61 m² - 10081.97 zł/m²,Brak danych,Brak danych
348,"-> Apartament, 3 pokoje – Garden House II, Szczecin, ul. Poznańska 1B",895 000 zł,Szczecin,Brak danych,"76,22 m² - 11742.32 zł/m²",3 pokoje,Brak danych
349,2 - pokojowe mieszkanie w niskiej cenie!,299 000 zł,Olsztyn - 16 Lipca 2025,Brak danych,"41,60 m² - 7187.5 zł/m²",Brak danych,Brak danych
350,"Jasne, przestronne, duże mieszkanie/ 72m/ 4 pokoje/ Winda",635 000 zł,Brak danych,Brak danych,72 m² - 8819.44 zł/m²,4 pokoje,Brak danych
351,Przestronne 3-4 pokojowe mieszkanie,699 000 złdo negocjacji,Brak danych,Brak danych,102 m² - 6852.94 zł/m²,4 pokoje,Brak danych
352,3 POKOJE => DWA BALKONY ==> Rzeszów Drabinianka,536 746 zł,Rzeszów - Odświeżono Dnia 16 Lipca 2025,Brak danych,"54,77 m² - 9800 zł/m²",3 pokoje,Brak danych
353,"Wyjątkowe mieszkanie 62,5 m² Śródmieście",234 900 zł,Bydgoszcz - Dzisiaj O 11:57,Brak danych,"62,50 m² - 3758.4 zł/m²",Brak danych,Brak danych
354,"Przytulne mieszkanie z klimatem – 2 pokoje na Winogradach, po remoncie",479 000 zł,Poznań,Brak danych,"38,10 m² - 12572.18 zł/m²",2 pokoje,Brak danych
355,Mieszkanie z potencjałem + ogródek i garaż!,180 000 zł,Brak danych,Brak danych,46 m² - 3913.04 zł/m²,Brak danych,Brak danych
356,"Mieszkanie 2 pok., 52,8 m2, 1 piętro, Grodzisk Maz., ul. Bairda 18",590 000 złdo negocjacji,Brak danych,Brak danych,"52,80 m² - 11174.24 zł/m²",Brak danych,1 piętro
357,"Klepacze – Osiedle Za Świerkami, bezczynszowe Domy i Mieszkania!",399 000 zł,Brak danych,Brak danych,"48,88 m² - 8162.85 zł/m²",Brak danych,Brak danych
358,2-pokojowe mieszkanie w Śródmieściu Opola,400 000 zł,Opole - Dzisiaj O 10:46,Brak danych,"42,70 m² - 9367.68 zł/m²",Brak danych,Brak danych
359,"Piękne, nowoczesne mieszkanie w Łowiczu",549 000 zł,Brak danych,Brak danych,72 m² - 7625 zł/m²,Brak danych,Brak danych
360,"Kawalerka 38 m² za odstępne – Łódź Górna, okolice Placu Niepodległości",25 000 złdo negocjacji,Łódź,Brak danych,36 m² - 694.44 zł/m²,1 pokój,Brak danych
361,2 niezależne pokoje i oddzielna kuchnia na Ochocie / winda / piwnica,590 000 zł,Warszawa,Brak danych,"36,25 m² - 16275.86 zł/m²",Brak danych,Brak danych
362,Oś. Sadowe BALKON! 3 pokoje OSTATNIE takie MIESZKANIE !,427 975 zł,Brak danych,Brak danych,"51,90 m² - 8246.15 zł/m²",3 pokoje,Brak danych
363,Dwa Pokoje po Remoncie w Centrum - Politechnika,395 000 zł,Rzeszów - Dzisiaj O 12:57,Brak danych,"33,99 m² - 11621.07 zł/m²",Brak danych,Brak danych
364,"Mieszkanie Bełchatów, 2 pokoje, os.Dolnośląskie,doskonała lokalizacja",217 000 złdo negocjacji,Brak danych,Brak danych,37 m² - 5864.86 zł/m²,2 pokoje,Brak danych
365,"3 pokoje stan idealny, Nowy Świat/Wyścigowa.",699 000 zł,Lublin - 15 Lipca 2025,Brak danych,"61,50 m² - 11365.85 zł/m²",3 pokoje,Brak danych
366,Mieszkanie Karpackie 3 pokoje 1 piętro Giewont,530 000 zł,Bielsko-Biała - Dzisiaj O 07:45,Brak danych,"61,36 m² - 8637.55 zł/m²",3 pokoje,1 piętro
367,"Komfortowe, w pełni wyposażone 3 pokoje + balkon",320 000 zł,Chorzów - Dzisiaj O 05:24,Brak danych,"46,40 m² - 6896.55 zł/m²",3 pokoje,Brak danych
368,⭐️NOWOŚĆ - 3 Niezależne Pokoje ⭐️ - Dwa balkony,449 700 zł,Katowice,Brak danych,"53,20 m² - 8453.01 zł/m²",Brak danych,Brak danych
369,Mieszkanie z ogrodem i garażem,600 000 zł,Brak danych,Brak danych,55 m² - 10909.09 zł/m²,Brak danych,Brak danych
370,"Kawalerka pod inwestycję, parter, obok Hanza Tower, spółdzielcze",309 000 zł,Szczecin,Brak danych,"29,54 m² - 10460.39 zł/m²",1 pokój,Parter
371,"Mieszkanie, Pszów",229 900 zł,Brak danych,Brak danych,"50,47 m² - 4555.18 zł/m²",Brak danych,Brak danych
372,Wyjątkowe mieszkanie w Łebuni gm. Cewice!,277 000 zł,Brak danych,Brak danych,"40,20 m² - 6890.55 zł/m²",Brak danych,Brak danych
373,"Mieszkanie 68m2 w centrum Łodzi ul. Gdańska, 2 min. od Manufaktury.",390 000 złdo negocjacji,Łódź,Brak danych,"68,45 m² - 5697.59 zł/m²",Brak danych,Brak danych
374,Mieszkanie 3 pokojowe z balkonem + garaz. BEZ POŚREDNIKÓW,370 000 złdo negocjacji,Brak danych,Brak danych,58 m² - 6379.31 zł/m²,3 pokoje,Brak danych
375,Mieszkanie 49m2 | 3 pokoje | Bemowo - BEZPOŚREDNIO,679 000 zł,Warszawa,Brak danych,49 m² - 13857.14 zł/m²,3 pokoje,Brak danych
376,"Mieszkanie, Warszawa",679 000 zł,Warszawa,Brak danych,48 m² - 14145.83 zł/m²,Brak danych,Brak danych
377,"Ul. Starowiejska, 2 pokoje, dzień otwarty 23.07",200 000 zł,Elbląg - Dzisiaj O 13:31,Brak danych,"34,60 m² - 5780.35 zł/m²",2 pokoje,Brak danych
378,Przytulne mieszkanie 2 pokojowe na sprzedaż !,319 000 zł,Brak danych,Brak danych,"49,34 m² - 6465.34 zł/m²",2 pokoje,Brak danych
379,Mieszkanie na sprzedaż os. Cegielskiego,564 000 złdo negocjacji,Brak danych,Brak danych,54 m² - 10444.44 zł/m²,Brak danych,Brak danych
380,Na sprzedaz mieszkanie 3 pokojowe z balkonem,159 900 zł,Grudziądz - Dzisiaj O 19:07,Brak danych,46 m² - 3476.09 zł/m²,3 pokoje,Brak danych
381,Nowe 34m2 w stanie deweloperskim 2 pokoje,349 000 zł,Brak danych,Brak danych,34 m² - 10264.71 zł/m²,2 pokoje,Brak danych
382,Nowe Komfortowe mieszkanie -2 pokoje z balkonem + Garaż,709 000 zł,Wrocław,Brak danych,"43,50 m² - 16298.85 zł/m²",2 pokoje,Brak danych
383,⭐Zaraz Gotowe 2 Pokoje + Słoneczny Ogród/Taras + Obok Politechniki⭐,349 700 zł,Łódź,Brak danych,37 m² - 9451.35 zł/m²,2 pokoje,Brak danych
384,"Widne, po generalnym remoncie mieszkanie z balkonem",366 000 zł,Zabrze - 16 Lipca 2025,Brak danych,"58,75 m² - 6229.79 zł/m²",Brak danych,Brak danych
385,"Mieszkanie w dobrej lokalizacji,gotowe do zamieszkania",399 000 zł,Olsztyn - 16 Lipca 2025,Brak danych,36 m² - 11083.33 zł/m²,Brak danych,Brak danych
386,* 2 oddzielne pokoje * cegła * Centrum *,399 000 zł,Białystok - 16 Lipca 2025,Brak danych,"49,50 m² - 8060.61 zł/m²",Brak danych,Brak danych
387,Mieszkanie na spojnej wsi gmina Kruszwica,79 000 zł,Brak danych,Brak danych,48 m² - 1645.83 zł/m²,Brak danych,Brak danych
388,Mieszkanie w centrum! Ogrzewanie centralne 200m od PKP,195 000 zł,Katowice,Brak danych,21 m² - 9285.71 zł/m²,Brak danych,Brak danych
389,Wykończone 2 pokoje w nowym bloku- bez PCC i prowizji- CENTRUM,369 000 złdo negocjacji,Brak danych,Brak danych,"34,90 m² - 10573.07 zł/m²",2 pokoje,Brak danych
390,Świetne 2-pokojowe Motowe Mieszkanie na Parterze.,470 000 zł,Białystok,Brak danych,37 m² - 12702.7 zł/m²,Brak danych,Parter
391,Sprzedam mieszkanie,180 000 złdo negocjacji,Brak danych,Brak danych,35 m² - 5142.86 zł/m²,Brak danych,Brak danych
392,Sprzrzedam mieszkanie pod inwestycje olsztyn,450 000 zł,Olsztyn - Odświeżono Dzisiaj O 10:58,Brak danych,"48,40 m² - 9297.52 zł/m²",Brak danych,Brak danych
393,"3-pok. mieszkanie z balkonem ,garażem i ogródkiem",280 000 zł,Brak danych,Brak danych,"75,70 m² - 3698.81 zł/m²",Brak danych,Brak danych
394,"ZAREZERWOWANE! Gdynia W.Kack, Wschodnia, 65 m2, 3pokoje, balkon, garaż",700 000 zł,Gdynia,Brak danych,65 m² - 10769.23 zł/m²,3 pokoje,Brak danych
395,sprzedam mieszkanie,259 000 zł,Brak danych,Brak danych,"56,70 m² - 4567.9 zł/m²",Brak danych,Brak danych
396,Właściciel Sprzeda Bezpośrednio Mieszkanie 3 Pokoje Ul. Kolejowa,239 000 zł,Brak danych,Brak danych,48 m² - 4979.17 zł/m²,3 pokoje,Brak danych
397,Mieszkanie w Markach na sprzedaż!,579 000 złdo negocjacji,Brak danych,Brak danych,"51,50 m² - 11242.72 zł/m²",Brak danych,Brak danych
398,"2pokoje, osobna kuchnia, balkon, piwnica, garaż, WYPOSAŻONE",549 000 zł,Kraków,Brak danych,"45,61 m² - 12036.83 zł/m²",2 pokoje,Brak danych
399,REZERWACJA 3 oddzielne pokoje Waszyngtona 18,425 000 złdo negocjacji,Białystok,Brak danych,48 m² - 8854.17 zł/m²,Brak danych,Brak danych
400,Kawalerka lux przy Parku Szczęśliwickim bezp. - szybki zakup =rabat,659 000 złdo negocjacji,Warszawa,Brak danych,30 m² - 21966.67 zł/m²,1 pokój,Brak danych
401,"Sprzedam mieszkanie 44,2 m² – Białystok, Bacieczki, Pileckiego",475 000 zł,Białystok,Brak danych,"44,20 m² - 10746.61 zł/m²",Brak danych,Brak danych
402,Sprzedam mieszkanie 3 pokojowe,599 000 zł,Szczecin,Brak danych,66 m² - 9075.76 zł/m²,3 pokoje,Brak danych
403,Kawalerka po remoncie gm. Gostycyn,110 000 zł,Brak danych,Brak danych,21 m² - 5238.1 zł/m²,1 pokój,Brak danych
404,NA Sprzedaż Słoneczne Mieszkanie Bydgoszcz,429 000 zł,Bydgoszcz - Odświeżono Dzisiaj O 10:41,Brak danych,"46,74 m² - 9178.43 zł/m²",Brak danych,Brak danych
405,Kawalerka z wydzieloną sypialnią,369 000 zł,Szczecin - 16 Lipca 2025,Brak danych,"35,37 m² - 10432.57 zł/m²",1 pokój,Brak danych
406,Stylowe 2-pokojowe mieszkanie z balkonem,349 000 zł,Brak danych,Brak danych,50 m² - 6980 zł/m²,Brak danych,Brak danych
407,Nowe 2 pokoje obok Tczewa - idealne dla pary,288 090 zł,Brak danych,Brak danych,37 m² - 7786.22 zł/m²,2 pokoje,Brak danych
408,"Na sprzedaż mieszkanie 3-pokojowe, 45,6 m²,Piastów Śląskich, 335 tys",335 000 złdo negocjacji,Bielsko-Biała - Odświeżono Dnia 16 Lipca 2025,Brak danych,46 m² - 7282.61 zł/m²,Brak danych,Brak danych
409,"2 pokoje+kuchnia, ul. Matejki 11, 58m2",670 000 zł,Łódź,Brak danych,"57,79 m² - 11593.7 zł/m²",2 pokoje,Brak danych
410,Mieszkanie 2 pokojowe na Osiedlu Młodych.,280 000 zł,Brak danych,Brak danych,"40,70 m² - 6879.61 zł/m²",2 pokoje,Brak danych
411,Przestronne 4-pokojowe mieszkanie 72m2,370 000 zł,Brak danych,Brak danych,"71,80 m² - 5153.2 zł/m²",Brak danych,Brak danych
412,"Mieszkanie 1-pokojowe w Zabrzu, niska cena",84 900 zł,Zabrze - Dzisiaj O 14:32,Brak danych,"34,01 m² - 2496.32 zł/m²",Brak danych,Brak danych
413,"Mysłowice- Wesoła, 6‑pokojowe mieszkanie 127m² po remoncie kamienicy.",419 000 zł,Brak danych,Brak danych,127 m² - 3299.21 zł/m²,Brak danych,Brak danych
414,Zachodnia 29 | mieszkanie 3-pok. | 8,430 275 zł,Łódź,Brak danych,"57,37 m² - 7500 zł/m²",Brak danych,Brak danych
415,3 pokoje ul. Walecznych,395 000 zł,Płock - Dzisiaj O 06:54,Brak danych,62 m² - 6370.97 zł/m²,3 pokoje,Brak danych
416,"2 ( lub 3 )pokoje z widokiem, super lokalizacja- opróżnione do remontu",330 000 zł,Tychy - Odświeżono Dzisiaj O 16:05,Brak danych,50 m² - 6600 zł/m²,Brak danych,Brak danych
417,Dwupokojowe mieszkanie ul. Sasankowa dzielnica Cz,432 000 zł,Lublin - Dzisiaj O 12:43,Brak danych,"50,60 m² - 8537.55 zł/m²",Brak danych,Brak danych
418,"Nowoczesne, przestronne mieszkanie.",629 000 zł,Białystok,Brak danych,"59,39 m² - 10591.01 zł/m²",Brak danych,Brak danych
419,"Apartament przy lesie, komórka lok. hala garażowa, 3 pokoje garderoba",899 000 zł,Gdańsk,Brak danych,70 m² - 12842.86 zł/m²,3 pokoje,Brak danych
420,Dom 71 m2 z działka 400 m2 - 446 tyś!,446 000 zł,Brak danych,Brak danych,71 m² - 6281.69 zł/m²,Brak danych,Brak danych
421,‼️Najtańsze 3 pokoje + Hala Garażowa_ Zobacz osiedle‼️ Tramwaj,679 900 zł,Gdańsk,Brak danych,"49,58 m² - 13713.19 zł/m²",3 pokoje,Brak danych
422,Mieszkanie Bielszowice - Księdza Niedzieli,234 999 zł,Ruda Śląska - 16 Lipca 2025,Brak danych,45 m² - 5222.2 zł/m²,Brak danych,Brak danych
423,Komfortowe mieszkanie 80m2 z tarasem 20m2 + komórka 14m2,879 000 zł,Brak danych,Brak danych,"79,80 m² - 11015.04 zł/m²",Brak danych,Brak danych
424,Domy Niepołomice bez pośredników,720 000 zł,Brak danych,Brak danych,"70,04 m² - 10279.84 zł/m²",Brak danych,Brak danych
425,"Mieszkanie, Iława",360 000 zł,Brak danych,Brak danych,"78,56 m² - 4582.48 zł/m²",Brak danych,Brak danych
426,3-pokojowe mieszkanie | Doskonała lokalizacja,680 000 zł,Warszawa,Brak danych,"48,80 m² - 13934.43 zł/m²",Brak danych,Brak danych
427,Wygodne mieszkanie - 48m - 3 pokoje,499 000 zł,Opole - Dzisiaj O 07:24,Brak danych,48 m² - 10395.83 zł/m²,3 pokoje,Brak danych
428,Mieszkanie 2 pokojowe w bardzo dobrej lokalizacji-bezpośrednio,395 000 zł,Brak danych,Brak danych,38 m² - 10394.74 zł/m²,2 pokoje,Brak danych
429,Kawalerka na osiedlu Na Stoku na sprzedaż!,325 000 złdo negocjacji,Kraków,Brak danych,26 m² - 12500 zł/m²,1 pokój,Brak danych
430,Mieszkanie 2 pokojowe wyremontowane,190 000 złdo negocjacji,Brak danych,Brak danych,"64,30 m² - 2954.9 zł/m²",2 pokoje,Brak danych
431,⭐ OKAZJA ⭐ 4 pokoje na Mokotowie,850 000 zł,Warszawa,Brak danych,"72,30 m² - 11756.57 zł/m²",4 pokoje,Brak danych
432,Mieszkanie PO REMONCIE Mielec | 3-pokoje| 2-piętro,399 999 zł,Brak danych,Brak danych,49 m² - 8163.24 zł/m²,Brak danych,399 piętro
433,"Kawalerka z osobną kuchnią, duży taras | Możliwe 2 pok",469 000 zł,Wrocław,Brak danych,"35,87 m² - 13074.99 zł/m²",1 pokój,Brak danych
434,"Wykończone 55mkw, 3 pokoje, Snopków Park",577 000 zł,Lublin - 10 Lipca 2025,Brak danych,"55,64 m² - 10370.24 zł/m²",3 pokoje,Brak danych
435,Top Lokalizacja | Balkon| 2 Pokoje,359 000 zł,Brak danych,Brak danych,"41,30 m² - 8692.49 zł/m²",2 pokoje,Brak danych
436,"Będzin, ul. Śmigielskiego - mieszkanie 54 m2 z balkonem i panoramą",319 000 zł,Brak danych,Brak danych,54 m² - 5907.41 zł/m²,Brak danych,Brak danych
437,Bezpośrednio sprzedam mieszkanie 3 pokojowe,365 000 zł,Łódź,Brak danych,"48,24 m² - 7566.33 zł/m²",3 pokoje,Brak danych
438,sprzedam udział 1/2 w spółdzielczym własnościowym prawie do lokalu,112 000 zł,Kielce - 16 Lipca 2025,Brak danych,"58,80 m² - 1904.76 zł/m²",Brak danych,Brak danych
439,Kawalerka | inwestycja | po remoncie | blisko PKP,170 000 zł,Wałbrzych - Dzisiaj O 11:12,Brak danych,"25,20 m² - 6746.03 zł/m²",1 pokój,Brak danych
440,Mieszkanie LENA ze składzikiem,450 000 zł,Sosnowiec - Dzisiaj O 14:54,Brak danych,63 m² - 7142.86 zł/m²,Brak danych,Brak danych
441,Sprzedam kawalerkę w centrum Konina,185 000 złdo negocjacji,Brak danych,Brak danych,27 m² - 6851.85 zł/m²,Brak danych,Brak danych
442,Apartament - 4 pokoje - mieszkanie z fotowoltaiką w Dębicy przy ul. Łą,380 000 zł,Brak danych,Brak danych,"58,60 m² - 6484.64 zł/m²",4 pokoje,Brak danych
443,Dwupoziomowe mieszkanie,390 000 zł,Brak danych,Brak danych,"65,80 m² - 5927.05 zł/m²",Brak danych,Brak danych
444,3 pokoje | Centrum miasta | Po remoncie,350 000 zł,Brak danych,Brak danych,"48,46 m² - 7222.45 zł/m²",3 pokoje,Brak danych
445,"Mieszkanie na parterze, przy samej Katedrze",365 000 zł,Brak danych,Brak danych,"48,80 m² - 7479.51 zł/m²",Brak danych,Parter
446,Twoje mieszkanie gotowe do wprowadzenia- Fordon,440 000 zł,Bydgoszcz - Dzisiaj O 14:07,Brak danych,"44,11 m² - 9975.06 zł/m²",Brak danych,Brak danych
447,2 pokojowe mieszkanie po remoncie,239 000 zł,Brak danych,Brak danych,"34,57 m² - 6913.51 zł/m²",2 pokoje,Brak danych
448,Komfortowe 2-pokojowe mieszkanie na parterze !,349 000 zł,Brak danych,Brak danych,"37,98 m² - 9189.05 zł/m²",Brak danych,Parter
449,"Ul. Zacisze, 3 pokoje, dzień otwarty 27.07",250 000 zł,Elbląg - 16 Lipca 2025,Brak danych,"57,60 m² - 4340.28 zł/m²",3 pokoje,Brak danych
450,"Mieszkanie 58 m2, 1 piętro, Płońsk, Ks. Romualda Jaworskiego",380 000 zł,Brak danych,Brak danych,"58,15 m² - 6534.82 zł/m²",Brak danych,1 piętro
451,Funkcjonalne mieszkanie w zielonej części miasta,399 000 zł,Białystok - 16 Lipca 2025,Brak danych,51 m² - 7823.53 zł/m²,Brak danych,Brak danych
452,"Mieszkanie, Siedlce",685 000 zł,Brak danych,Brak danych,"61,80 m² - 11084.14 zł/m²",Brak danych,Brak danych
453,"Sprzedam 3 pokojowe mieszkanie 46,16m2",250 000 złdo negocjacji,Brak danych,Brak danych,"46,16 m² - 5415.94 zł/m²",3 pokoje,Brak danych
454,Amelung I 3 pokoje I Generalny remont I Bezpośrednio,399 000 zł,Chorzów - 15 Lipca 2025,Brak danych,50 m² - 7980 zł/m²,3 pokoje,Brak danych
455,Mieszkanie bezczynszowe,70 000 zł,Brak danych,Brak danych,"28,20 m² - 2482.27 zł/m²",Brak danych,Brak danych
456,"Duże mieszkanie z garażem, wiatą i ogródkiem ! !",285 000 zł,Brak danych,Brak danych,"71,50 m² - 3986.01 zł/m²",Brak danych,Brak danych
457,"Komfortowe mieszkanie, 5 pokoi, taras, po remoncie PODJUCHY",595 000 zł,Szczecin - 15 Lipca 2025,Brak danych,102 m² - 5833.33 zł/m²,5 pokoje,Brak danych
458,Po remoncie - 3 pokoje - blok - balkon,325 000 zł,Brak danych,Brak danych,"46,20 m² - 7034.63 zł/m²",3 pokoje,Brak danych
459,"Sprzedaż mieszkanie 2 pokoje 40,35 m2 Puławy",335 500 zł,Brak danych,Brak danych,"40,35 m² - 8314.75 zł/m²",2 pokoje,Brak danych
460,Mieszkanie 30 m² | Orzesze ul. Szklarska,179 000 zł,Brak danych,Brak danych,"30,40 m² - 5888.16 zł/m²",Brak danych,Brak danych
461,Mieszkanie M3 38m2 Centrum Zawiercia,225 000 złdo negocjacji,Brak danych,Brak danych,38 m² - 5921.05 zł/m²,Brak danych,Brak danych
462,Mieszkanie Oleśnica ul. Brzozowa,794 000 złdo negocjacji,Brak danych,Brak danych,76 m² - 10447.37 zł/m²,Brak danych,Brak danych
463,Piękne mieszkanie po remoncie 1 piętro bez pośredników,365 000 złdo negocjacji,Jastrzębie-Zdrój - Odświeżono Dzisiaj O 12:57,Brak danych,55 m² - 6636.36 zł/m²,Brak danych,1 piętro
464,Mieszkanie bezczynszowe w okolicy Nawiad,210 000 złdo negocjacji,Brak danych,Brak danych,72 m² - 2916.67 zł/m²,Brak danych,Brak danych
465,Sprzedam mieszkanie,149 000 złdo negocjacji,Brak danych,Brak danych,"56,66 m² - 2629.72 zł/m²",Brak danych,Brak danych
466,Mieszkanie Biały Prądnik 39m2 sprzedaż /zamiana,526 000 zł,Kraków,Brak danych,39 m² - 13487.18 zł/m²,Brak danych,Brak danych
467,"Stylowe, 3-Pokoje - Blisko centrum!",489 000 zł,Toruń - 14 Lipca 2025,Brak danych,46 m² - 10630.43 zł/m²,Brak danych,Brak danych
468,Nowoczesne Mieszaknie - 2 pokoje w centrum,480 000 zł,Olsztyn - Dzisiaj O 11:41,Brak danych,"36,88 m² - 13015.18 zł/m²",2 pokoje,Brak danych
469,2-pokojowe mieszkanie 40m2 + balkon,429 000 zł,Łódź,Brak danych,"40,05 m² - 10711.61 zł/m²",Brak danych,Brak danych
470,Po Remoncie 3 pokoje 1 pietro oferta prywatna,519 000 złdo negocjacji,Toruń - 10 Lipca 2025,Brak danych,47 m² - 11042.55 zł/m²,3 pokoje,Brak danych
471,Mieszkanie M15 Polna Residence,325 000 zł,Brak danych,Brak danych,"44,07 m² - 7374.63 zł/m²",Brak danych,Brak danych
472,2 pokoje LSM,419 000 zł,Lublin - Dzisiaj O 13:57,Brak danych,39 m² - 10743.59 zł/m²,2 pokoje,Brak danych
473,Mieszkanie Premium 3-pokojowe! ul. Topolowa,415 000 zł,Brak danych,Brak danych,"50,50 m² - 8217.82 zł/m²",Brak danych,Brak danych
474,Przestronne mieszkanie w Wieluniu.,310 000 zł,Brak danych,Brak danych,59 m² - 5254.24 zł/m²,Brak danych,Brak danych
475,"2 pokoje, balkon, ul. Rzeźniczaka, do zamieszkania",442 000 zł,Brak danych,Brak danych,"38,44 m² - 11498.44 zł/m²",2 pokoje,Brak danych
476,Na sprzedaż 2 pokoje ul. Władysława IV,300 000 zł,Brak danych,Brak danych,37 m² - 8108.11 zł/m²,2 pokoje,Brak danych
477,"Kawalerka z ogródkiem, garażem, komórką",297 000 zł,Łódź,Brak danych,"25,24 m² - 11767.04 zł/m²",1 pokój,Brak danych
478,MIŁA Żory - W PEŁNI umeblowane 2-pokojowe NOWE mieszkanie,370 000 zł,Brak danych,Brak danych,"31,90 m² - 11598.75 zł/m²",Brak danych,Brak danych
479,"Kawalerka z dużym balkonem, do wprowadzenia, miejsce parkingowe !",233 000 zł,Łódź,Brak danych,27 m² - 8629.63 zł/m²,1 pokój,Brak danych
480,Mieszkanie dwupokojowe - Gdańsk Młode Miasto,599 000 zł,Gdańsk,Brak danych,40 m² - 14975 zł/m²,Brak danych,Brak danych
481,Mieszkanie 2 pokojowe Piła os. Górne,385 000 zł,Brak danych,Brak danych,"43,11 m² - 8930.64 zł/m²",2 pokoje,Brak danych
482,"Zalesie, kawalerka 2 pokoje do zamieszkania bądź pod inwestycje",365 000 zł,Rzeszów - Odświeżono Dnia 14 Lipca 2025,Brak danych,25 m² - 14600 zł/m²,2 pokoje,Brak danych
483,Funkcjonalne mieszkanie w centrum Katowic – dzielnica Śródmieście!,303 000 zł,Katowice,Brak danych,39 m² - 7769.23 zł/m²,Brak danych,Brak danych
484,"Mieszkanie, Skierniewice",379 000 zł,Brak danych,Brak danych,"46,60 m² - 8133.05 zł/m²",Brak danych,Brak danych
485,Mieszkanie 74 m² z balkonem – do remontu,250 000 zł,Brak danych,Brak danych,"74,40 m² - 3360.22 zł/m²",Brak danych,Brak danych
486,"MIESZKANIE 3 pokojowe 62,5 m2 w Urszulinie na sprzedaż",259 000 zł,Brak danych,Brak danych,"62,50 m² - 4144 zł/m²",3 pokoje,Brak danych
487,"2pokoje| 60,38m2 | balkon | blisko Morza",199 000 zł,Brak danych,Brak danych,"60,38 m² - 3295.79 zł/m²",2 pokoje,Brak danych
488,3 Pokoje Parter Bez Posrednikow,565 000 zł,Bydgoszcz - Odświeżono Dzisiaj O 06:39,Brak danych,60 m² - 9416.67 zł/m²,3 pokoje,Parter
489,Barlinek Kawalerka 26m2 PARTER + duża piwnica *REZERWACJA,195 000 zł,Brak danych,Brak danych,26 m² - 7500 zł/m²,1 pokój,Parter
490,"Mieszkanie 42,45 m² – Centrum Lublina, ul. Podzamcze 4 – 442 000 zł",442 000 zł,Lublin - 28 Czerwca 2025,Brak danych,"42,45 m² - 10412.25 zł/m²",Brak danych,Brak danych
491,"OKAZJA!!! Wrocław, Mieszkanie 101m2, 4 pok, ogródek - bezpośrednio!",899 000 złdo negocjacji,Wrocław,Brak danych,"100,80 m² - 8918.65 zł/m²",Brak danych,Brak danych
492,3 Pokoje Parter Bez Posrednikow,565 000 zł,Bydgoszcz - Odświeżono Dzisiaj O 06:39,Brak danych,60 m² - 9416.67 zł/m²,3 pokoje,Parter
493,2-pokojowe mieszkanie 46m² z ogródkiem i garażem • Bez prowizji,549 900 zł,Wrocław,Brak danych,46 m² - 11954.35 zł/m²,Brak danych,Brak danych
494,"Tychy, 2 pokoje, 1 piętro z balkonem do wejścia",369 000 zł,Tychy - 15 Lipca 2025,Brak danych,"48,40 m² - 7623.97 zł/m²",2 pokoje,1 piętro
495,Kawalerka za bejecznym widokiem nieopodal Starówki,287 000 zł,Toruń - 16 Lipca 2025,Brak danych,36 m² - 7972.22 zł/m²,1 pokój,Brak danych
496,"Mieszkanie w klimatycznej kamienicy, 2 pok. 36m2 - Śródmieście",349 000 złdo negocjacji,Gorzów Wielkopolski - Odświeżono Dzisiaj O 20:16,Brak danych,"35,75 m² - 9762.24 zł/m²",Brak danych,Brak danych
497,Przytulna kawalerka w Wysokiej idealna pod inwestycję !!,119 000 zł,Brak danych,Brak danych,"20,12 m² - 5914.51 zł/m²",1 pokój,Brak danych
498,Super układ | Przestronne 2 pokoje + kuchnia | GOTOWE DO WEJŚCIA✔️,539 000 zł,Kraków,Brak danych,"34,10 m² - 15806.45 zł/m²",2 pokoje,Brak danych
499,Mieszkanie 37m²⭐2 pokoje⭐Winda⭐Piwnica⭐Księga Wieczysta,535 000 zł,Warszawa - Odświeżono Dzisiaj O 13:48,Brak danych,37 m² - 14459.46 zł/m²,2 pokoje,Brak danych
500,⭐ 15 tys.zł/m2⭐ Gotowe 4 pokoje + Hala Garażowa -> Blisko M. Wierzbno,1 517 000 zł,Warszawa,Brak danych,"97,02 m² - 15635.95 zł/m²",4 pokoje,Brak danych
501,3 pokoje w świetnej lokalizacji w Gdyni!,419 000 zł,Gdynia,Brak danych,"52,50 m² - 7980.95 zł/m²",3 pokoje,Brak danych
502,Przytulne mieszkanie w bardzo dobrej lokalizacji,549 000 zł,Gdynia,Brak danych,46 m² - 11934.78 zł/m²,Brak danych,Brak danych
503,Mieszkanie przy ul. Franciszkańskiej w Koszalinie!,349 000 zł,Koszalin - Dzisiaj O 09:12,Brak danych,"57,90 m² - 6027.63 zł/m²",Brak danych,Brak danych
504,Nowa kawalerka z ogródkiem w Gliwicach,290 721 zł,Stare Gliwice - Dzisiaj O 11:22,Gliwice,"28,14 m² - 10331.24 zł/m²",1 pokój,Brak danych
505,Sprzedam Mieszknie 54m2 po remoncie,669 000 złdo negocjacji,Gdynia,Brak danych,54 m² - 12388.89 zł/m²,Brak danych,Brak danych
506,Lokal mieszkalny 2 pokoje centrum Chodzieży 1 piętro,259 000 złdo negocjacji,Brak danych,Brak danych,"54,10 m² - 4787.43 zł/m²",2 pokoje,1 piętro
507,"Mieszkanie na miarę | Winda, garaże | Pod klucz!",484 650 zł,Rybnik - Odświeżono Dnia 14 Lipca 2025,Brak danych,"52,80 m² - 9178.98 zł/m²",Brak danych,Brak danych
508,PRZESTRONNE Mieszkanie !! IDEALNE dla rodziny M3 ! Rzeszów Drabinianka,536 119 zł,Rzeszów - Odświeżono Dzisiaj O 09:34,Brak danych,"55,27 m² - 9700 zł/m²",Brak danych,Brak danych
509,"Lubawa, Gdańska – 2 pokoje z balkonem, 3. piętro",230 000 zł,Gdańsk,Lubawa,"37,30 m² - 6166.22 zł/m²",2 pokoje,230 piętro
510,"Mieszkanie, Lubin",192 000 zł,Brak danych,Brak danych,"26,77 m² - 7172.21 zł/m²",Brak danych,Brak danych
511,Mieszkanie/2pokoje/ dwa balkony/Osiedle Ksm,335 000 zł,Kielce - Dzisiaj O 08:07,Brak danych,43 m² - 7790.7 zł/m²,2 pokoje,Brak danych
512,Kawalerka z balkonem / Nowość / Atrakcyjna cena,255 000 zł,Kraków,Brak danych,22 m² - 11590.91 zł/m²,1 pokój,Brak danych
513,"Jasne 2 pokojowe mieszkanie , 1000 m od plaży",450 000 zł,Brak danych,Brak danych,38 m² - 11842.11 zł/m²,2 pokoje,Brak danych
514,Mieszkanie w Śródmieściu na sprzedaż,399 000 zł,Opole - 14 Lipca 2025,Brak danych,"36,36 m² - 10973.6 zł/m²",Brak danych,Brak danych
515,"Przestronne, klimatyzowane mieszkanie - Śrem",385 000 zł,Brak danych,Brak danych,"62,10 m² - 6199.68 zł/m²",Brak danych,Brak danych
516,2 pokoje Centrum,254 000 zł,Brak danych,Brak danych,"37,20 m² - 6827.96 zł/m²",2 pokoje,Brak danych
517,Słoneczne 2-pokojowe mieszkanie blisko centrum Opola,405 000 złdo negocjacji,Opole - Odświeżono Dnia 15 Lipca 2025,Brak danych,47 m² - 8617.02 zł/m²,Brak danych,Brak danych
518,"Nowe mieszkanie 4 pokoje, 70m2 pod klucz, balkon",875 000 zł,Kielce - Odświeżono Dnia 16 Lipca 2025,Brak danych,"70,03 m² - 12494.65 zł/m²",4 pokoje,Brak danych
519,Umeblowana kawalerka blisko politechniki,152 000 zł,Łódź,Brak danych,"12,14 m² - 12520.59 zł/m²",1 pokój,Brak danych
520,"Na sprzedaż 3-pokojowe mieszkanie – Pawłowice, 56 m²",259 000 zł,Brak danych,Brak danych,56 m² - 4625 zł/m²,Brak danych,Brak danych
521,4-pokojowe mieszkanie 84m2 + balkon Bezpośrednio,841 500 zł,Katowice,Brak danych,"84,15 m² - 10000 zł/m²",Brak danych,Brak danych
522,3-pokojowe mieszkanie z balkonem os. Widok,390 000 zł,Brak danych,Brak danych,58 m² - 6724.14 zł/m²,Brak danych,Brak danych
523,Sprzedam mieszkanie w Słupsku,319 000 zł,Słupsk - Odświeżono Dzisiaj O 12:42,Brak danych,"42,56 m² - 7495.3 zł/m²",Brak danych,Brak danych
524,Krowodrza Suterena Kawalerka 2 pokoje Wrocławska Wielkotyrnowska,165 000 zł,Kraków,Brak danych,20 m² - 8250 zł/m²,2 pokoje,Suterena
525,Funkcjonalne mieszkanie z dużym tarasem - Rzeszów,379 000 zł,Rzeszów - Dzisiaj O 06:18,Brak danych,"37,52 m² - 10101.28 zł/m²",Brak danych,Brak danych
526,Mieszkanie o powierzchni 45mkw przy ul. Fieldorfa / 2-pokojowe z KW/,417 900 zł,Brak danych,Brak danych,"45,60 m² - 9164.47 zł/m²",Brak danych,Brak danych
527,Sprzedam mieszkanie 2 pokoje 37m2 - stan deweloperski,300 000 zł,Brak danych,Brak danych,"37,18 m² - 8068.85 zł/m²",2 pokoje,Brak danych
528,Mieszkanie Czerwone Maki 31C,1 349 000 złdo negocjacji,Kraków,Brak danych,"76,50 m² - 17633.99 zł/m²",Brak danych,Brak danych
529,Mieszkanie 3 pokojowe po remoncie Balkon 1 piętro winda Opole Dambonia,510 000 zł,Opole - 16 Lipca 2025,Brak danych,48 m² - 10625 zł/m²,3 pokoje,1 piętro
530,2 pokoje z oddzielną kuchnią w centrum Lubawy - gotowe do wprowadzenia,220 000 zł,Brak danych,Brak danych,"36,85 m² - 5970.15 zł/m²",2 pokoje,Brak danych
531,4 niezależne pokoje • 73 m² • CO miejskie • Sośnica ul. Jesienna,409 000 zł,Gliwice,Brak danych,73 m² - 5602.74 zł/m²,Brak danych,Brak danych
532,"Kawalerka Oława sprzedam 1 piętro , umeblowana REZERWACJA",220 000 zł,Brak danych,Brak danych,"32,20 m² - 6832.3 zł/m²",1 pokój,1 piętro
533,Nie mieszkanie. Początek nowej historii,365 000 zł,Łódź,Brak danych,"50,63 m² - 7209.16 zł/m²",Brak danych,Brak danych
534,Mieszkanie w wyremontowanej kamienicy Apartamenty Muzyczne,990 000 złdo negocjacji,Toruń - Odświeżono Dzisiaj O 13:02,Brak danych,"69,25 m² - 14296.03 zł/m²",Brak danych,Brak danych
535,"NISKA CENA, 48m2 osiedle Sikorskiego, 2 pokoje",263 000 zł,Brak danych,Brak danych,48 m² - 5479.17 zł/m²,2 pokoje,Brak danych
536,"Oaza Wilanów | al. Rzeczypospolitej | 2 pokoje, 42 m² | loggia + garaż",880 000 zł,Warszawa,Brak danych,42 m² - 20952.38 zł/m²,2 pokoje,Brak danych
537,Słoneczna kawalerka do własnej aranżacji!,275 000 zł,Poznań - 15 Lipca 2025,Brak danych,"24,70 m² - 11133.6 zł/m²",1 pokój,Brak danych
538,osiedle Jar! mieszkanie 3-pokojowe z Ogródkiem,739 000 zł,Toruń - Dzisiaj O 10:16,Brak danych,"56,63 m² - 13049.62 zł/m²",Brak danych,Brak danych
539,"Stary Rynek 12 - 59M2, 3 Pokoje, Balkon, Piwnica, 1 Piętro",279 000 zł,Brak danych,Brak danych,59 m² - 4728.81 zł/m²,3 pokoje,1 piętro
540,Na sprzedaż zadbane mieszkanie 2 pokoje z balkonem | Będzin Warpie.,329 000 zł,Brak danych,Brak danych,"52,92 m² - 6216.93 zł/m²",2 pokoje,Brak danych
541,"Warszawa, Mokotów / Ursynów 3 pokoje *klimatyzacja* wysoki standard",1 060 000 zł,Warszawa,Brak danych,"53,07 m² - 19973.62 zł/m²",3 pokoje,Brak danych
542,"Mieszkanie po generalnym remoncie 2 pokoje 37,79m2",289 000 zł,Brak danych,Brak danych,"37,79 m² - 7647.53 zł/m²",2 pokoje,Brak danych
543,Klimatyczne mieszkanie 4 pokojowe w kamienicy Żeromskiego,429 000 złdo negocjacji,Brak danych,Brak danych,78 m² - 5500 zł/m²,4 pokoje,Brak danych
544,BYTKÓW 4 pokoje z ogródkiem - wysoki standard!,1 050 000 zł,Brak danych,Brak danych,"94,64 m² - 11094.67 zł/m²",4 pokoje,Brak danych
545,"Superjednostka, 2 pokoje plus komórka z szafą, 47,4m2",430 000 złdo negocjacji,Katowice,Brak danych,"47,40 m² - 9071.73 zł/m²",2 pokoje,Brak danych
546,BEZPOŚREDNIO trzy pokoje PO REMONCIE Lublin Ułanów Czuby,539 000 zł,Lublin - Dzisiaj O 09:17,Brak danych,48 m² - 11229.17 zł/m²,Brak danych,Brak danych
547,"Mieszkanie 51.5 m2 w centrum, 3 pokoje, duży balkon - okazja",269 000 złdo negocjacji,Brak danych,Brak danych,"51,55 m² - 5218.23 zł/m²",3 pokoje,Brak danych
548,Bezczynszowe mieszkanie w apartamentowcu,419 000 zł,Brak danych,Brak danych,"42,83 m² - 9782.86 zł/m²",Brak danych,Brak danych
549,"Mieszkanie 3 pokojowe, 60 m2, ul.Poniatowskiego",459 000 zł,Brak danych,Brak danych,"60,39 m² - 7600.6 zł/m²",3 pokoje,Brak danych
550,"Mieszkanie 4 pokojowe, urządzone, gotowe w Rybniku",329 000 zł,Rybnik - Dzisiaj O 20:16,Brak danych,64 m² - 5140.63 zł/m²,4 pokoje,Brak danych
551,Duże Wyremontowane Mieszkanie wraz z 30 metrowym Garażem - Warto,780 000 zł,Brak danych,Brak danych,99 m² - 7878.79 zł/m²,Brak danych,Brak danych
552,3 pokojowe mieszkanie z garażem os. Borek Turka,569 000 zł,Brak danych,Brak danych,"68,22 m² - 8340.66 zł/m²",3 pokoje,Brak danych
553,"Nowoczesne mieszkanie z antresolą i tarasem, 4 pokoje.",389 000 zł,Brak danych,Brak danych,"55,70 m² - 6983.84 zł/m²",4 pokoje,Brak danych
554,Kawalerka na sprzedaż - Lubin,169 000 zł,Brak danych,Brak danych,"26,77 m² - 6313.04 zł/m²",1 pokój,Brak danych
555,"Mieszkanie na sprzedaż, parter z balkonem, Pszczyna,os. Siedlice,",230 000 zł,Brak danych,Brak danych,36 m² - 6388.89 zł/m²,Brak danych,Parter
556,"Mieszkanie na sprzedaż 2 pokojowe, ul. Zamenhofa",299 000 zł,Kielce - Dzisiaj O 07:58,Brak danych,"39,50 m² - 7569.62 zł/m²",2 pokoje,Brak danych
557,Karolew – mieszkanie z potencjałem aranżacyjnym,364 000 zł,Łódź,Brak danych,"52,10 m² - 6986.56 zł/m²",Brak danych,Brak danych
558,Piękne mieszkanie M4 z balkonem ! Zapraszamy!,439 000 zł,Brak danych,Brak danych,61 m² - 7196.72 zł/m²,Brak danych,Brak danych
559,Mieszkanie obok Pętli Słonecznej - Koszutka,390 000 zł,Katowice,Brak danych,45 m² - 8666.67 zł/m²,Brak danych,Brak danych
560,‼️Po generalnym remoncie 3 pokoje na parterze przy Parku Broniewskiego,419 000 zł,Brak danych,Brak danych,"48,20 m² - 8692.95 zł/m²",3 pokoje,Parter
561,Mieszkanie-Centrum-Parter-Obok Basenu-Duża Piwnica-Zapraszam,420 000 złdo negocjacji,Brak danych,Brak danych,60 m² - 7000 zł/m²,Brak danych,Parter
562,"Mieszkanie, Warszawa",529 000 zł,Warszawa,Brak danych,"36,97 m² - 14308.9 zł/m²",Brak danych,Brak danych
563,"NAJTAŃSZE 2 POKOJE! | 38,86 m2 | Rataje | OKAZJA!",418 950 zł,Poznań,Brak danych,"38,86 m² - 10781.01 zł/m²",2 pokoje,Brak danych
564,‼️Po generalnym remoncie 3 pokoje na parterze przy Parku Broniewskiego,419 000 zł,Brak danych,Brak danych,"48,20 m² - 8692.95 zł/m²",3 pokoje,Parter
565,Dwupoziomowe mieszkanie z pięknym widokiem - Śrem,580 000 zł,Brak danych,Brak danych,"82,90 m² - 6996.38 zł/m²",Brak danych,Brak danych
566,Mieszkanie 75 m2 (bezczynszowe) - wykończone,659 000 zł,Bydgoszcz - Odświeżono Dzisiaj O 07:40,Brak danych,75 m² - 8786.67 zł/m²,Brak danych,Brak danych
567,"Mieszkanie 3-pokoje , DOSTĘPNE OD RĘKI!",331 116 zł,Brak danych,Brak danych,"40,38 m² - 8200 zł/m²",Brak danych,Brak danych
568,"Mieszkanie z balkonem i piwnicą, bardzo dobry stan i lokalizacja",252 000 zł,Elbląg - Dzisiaj O 15:46,Brak danych,36 m² - 7000 zł/m²,Brak danych,Brak danych
569,"48,57m 2 pokoje Piaski Dąbrowskiego II piętro",265 000 zł,Brak danych,Brak danych,"48,57 m² - 5456.04 zł/m²",2 pokoje,265 piętro
570,"3 pokojowe mieszkanie w spokojnej okolicy, ul. Niemcewicza",499 500 zł,Wrocław - 15 Lipca 2025,Brak danych,"39,17 m² - 12752.11 zł/m²",3 pokoje,Brak danych
571,Piękne mieszkanie otulone zielenią,545 000 zł,Warszawa,Brak danych,"31,20 m² - 17467.95 zł/m²",Brak danych,Brak danych
572,Mieszkanie 3 pokojowe po remoncie Balkon 1 piętro winda Opole Dambonia,510 000 zł,Opole - 16 Lipca 2025,Brak danych,48 m² - 10625 zł/m²,3 pokoje,1 piętro
573,FUNCKONALNE 2-pokojowe mieszkanie z BALKONEM w świetnej LOKALIZACJI!,219 000 zł,Brak danych,Brak danych,"46,18 m² - 4742.31 zł/m²",Brak danych,Brak danych
574,Zadbane 2 pok. mieszkanie przy ul. Odkrytej na Tarchominie,519 000 zł,Warszawa,Brak danych,35 m² - 14828.57 zł/m²,Brak danych,Brak danych
575,"Tychy, Żwaków, 3 pokoje 64,9m, duży taras",439 000 zł,Tychy - 14 Lipca 2025,Brak danych,"64,90 m² - 6764.25 zł/m²",3 pokoje,Brak danych
576,TOP LOKALIZACJA | mieszkanie z dużą możliwością aranżacyjną,430 000 zł,Gliwice - Dzisiaj O 10:24,Brak danych,75 m² - 5733.33 zł/m²,Brak danych,Brak danych
577,"Ustawna kawalerka z ogródkiem, Swoszowice",249 000 zł,Kraków,Brak danych,"22,60 m² - 11017.7 zł/m²",1 pokój,Brak danych
578,Jasna kawalerka w stylu LOFT - okolice Śródki - P-ń,335 000 zł,Poznań - Dzisiaj O 14:41,Brak danych,"25,36 m² - 13209.78 zł/m²",1 pokój,Brak danych
579,"Bardzo Ładne, 4 pokojowe mieszkanie na Ursynowie",980 000 zł,Warszawa,Brak danych,"70,40 m² - 13920.45 zł/m²",4 pokoje,Brak danych
580,Mieszkanie w centrum z możliwością dokupienia garażu,349 000 zł,Brak danych,Brak danych,"58,50 m² - 5965.81 zł/m²",Brak danych,Brak danych
581,Nowe 3 pokoje Klimatyzacja Zamiana Kredyt Osoba prywatna,509 000 złdo negocjacji,Katowice,Brak danych,49 m² - 10387.76 zł/m²,3 pokoje,Brak danych
582,Ustawne mieszkanie w dobrej lokalizacji - do wprowadzenia!,415 000 złdo negocjacji,Brak danych,Brak danych,60 m² - 6916.67 zł/m²,Brak danych,Brak danych
583,Kawalerka I centrum I umeblowane I Łódź,334 900 złdo negocjacji,Łódź,Brak danych,"26,63 m² - 12576.04 zł/m²",1 pokój,Brak danych
584,"Przytulna kawalerka 26 m² – gotowa do zamieszkania! Opole, Dambonia",299 000 zł,Opole - Dzisiaj O 13:03,Brak danych,26 m² - 11500 zł/m²,1 pokój,Brak danych
585,"Mieszkanie, Lublin",490 000 zł,Lublin - Dzisiaj O 06:20,Brak danych,"48,17 m² - 10172.31 zł/m²",Brak danych,Brak danych
586,Świetne mieszkanie w Centrum Warszawy,798 000 zł,Warszawa,Brak danych,"41,24 m² - 19350.15 zł/m²",Brak danych,Brak danych
587,Unikatowe mieszkanie w centrum Bytomia,649 000 zł,Bytom - Dzisiaj O 12:40,Brak danych,"133,73 m² - 4853.06 zł/m²",Brak danych,Brak danych
588,Mieszkanie na parterze blisko morza i Kołobrzegu,249 000 zł,Brak danych,Brak danych,"50,80 m² - 4901.57 zł/m²",Brak danych,Parter
589,Mieszkanie na Os.Moderna przy Artium Targowek,1 200 000 zł,Warszawa,Brak danych,72 m² - 16666.67 zł/m²,Brak danych,Brak danych
590,Mieszkanie na sprzedaż,485 000 złdo negocjacji,Warszawa,Brak danych,"31,36 m² - 15465.56 zł/m²",Brak danych,Brak danych
591,"Mieszkanie po remoncie generalnym, Pieczewo!",475 000 zł,Olsztyn - 16 Lipca 2025,Brak danych,"47,90 m² - 9916.49 zł/m²",Brak danych,Brak danych
592,Ustawna Kawalerka na sprzedaż / 227tys zł,227 000 zł,Kraków,Brak danych,"18,10 m² - 12541.44 zł/m²",1 pokój,Brak danych
593,Gotowiec inwestycyjny | 2 pokoje | obok PKP,200 000 zł,Wałbrzych - Dzisiaj O 11:12,Brak danych,"36,03 m² - 5550.93 zł/m²",2 pokoje,Brak danych
594,"Spółdzielcza- Zielona Góra 3 pokojowe mieszkanie 47,8 m2",354 000 złdo negocjacji,Brak danych,Brak danych,"47,80 m² - 7405.86 zł/m²",3 pokoje,Brak danych
595,2 pokoje I Funkcjonalny układ I Balkon,469 000 zł,Brak danych,Brak danych,"39,80 m² - 11783.92 zł/m²",2 pokoje,Brak danych
596,M-4 Przestronne mieszkanie 78 m2 + ogród Dyrekcja,460 000 zł,Brak danych,Brak danych,"89,70 m² - 5128.21 zł/m²",Brak danych,Brak danych
597,Sprzedam mieszkanie bezczynszowe,179 000 złdo negocjacji,Brak danych,Brak danych,56 m² - 3196.43 zł/m²,Brak danych,Brak danych
598,Kawalerka | Blisko rynku | Do odświeżenia | 2 piętro,390 000 zł,Wrocław - 16 Lipca 2025,Brak danych,"31,62 m² - 12333.97 zł/m²",1 pokój,2 piętro
599,| 4x pokoje | Balkon | Nowe AGD | Do zamieszkania | Blok | Nowe |,489 000 zł,Zabrze - Dzisiaj O 10:48,Brak danych,68 m² - 7191.18 zł/m²,Brak danych,Brak danych
600,Podmiejska Nova | Słoneczne | 3 pokoje | Taras,498 800 zł,Brak danych,Brak danych,58 m² - 8600 zł/m²,3 pokoje,Brak danych
601,"Sprzedam bezpośrednio mieszkanie 46m2, Rembertów ul. Kadrowa",620 000 złdo negocjacji,Warszawa,Brak danych,46 m² - 13478.26 zł/m²,Brak danych,Brak danych
602,Na sprzedaż 4 pokojowe mieszkanie w Koszalinie.,469 000 zł,Koszalin - 09 Lipca 2025,Brak danych,"70,42 m² - 6660.04 zł/m²",4 pokoje,Brak danych
603,Sprzedam Mieszkanie,265 000 złdo negocjacji,Brak danych,Brak danych,42 m² - 6309.52 zł/m²,Brak danych,Brak danych
604,3 pokoje⭐Centrum⭐Panorama⭐Do remontu⭐Balkon,330 000 zł,Łódź,Brak danych,"41,64 m² - 7925.07 zł/m²",3 pokoje,Brak danych
605,Kamienica na Łazarzu – mieszkanie 26 m² w super lokalizacji,290 000 zł,Poznań,Brak danych,"26,13 m² - 11098.35 zł/m²",Brak danych,Brak danych
606,Park Wyszyńskiego / Mieszkanie Do Odbioru,1 856 624 zł,Gorzów Wielkopolski - 15 Lipca 2025,Brak danych,"165,77 m² - 11200 zł/m²",Brak danych,Brak danych
607,Mieszkanie Guderskiego,815 000 zł,Gdańsk,Brak danych,75 m² - 10866.67 zł/m²,Brak danych,Brak danych
608,4 pokoje / Bemowo / do własnej aranżacji /,1 350 000 zł,Warszawa,Brak danych,"81,50 m² - 16564.42 zł/m²",4 pokoje,Brak danych
609,Mieszkanie w willi z ogródkiem !,459 000 zł,Brak danych,Brak danych,68 m² - 6750 zł/m²,Brak danych,Brak danych
610,Przestronne i jasne mieszkanie w Centrum Siechnic w otoczeniu zieleni,740 000 zł,Brak danych,Brak danych,85 m² - 8705.88 zł/m²,Brak danych,Brak danych
611,"Małe, ale z charakterem. 2 pokoje z widokiem",299 000 zł,Rzeszów - 15 Lipca 2025,Brak danych,"26,50 m² - 11283.02 zł/m²",2 pokoje,Brak danych
612,"Mieszkanie w centrum, 3 pokoje po remoncie",719 000 złdo negocjacji,Szczecin,Brak danych,"74,90 m² - 9599.47 zł/m²",3 pokoje,Brak danych
613,Słoneczne 4 pokoje poniżej 14 tys/m2 - > Idealne dla Rodziny,1 210 000 zł,Warszawa,Brak danych,87 m² - 13908.05 zł/m²,4 pokoje,Brak danych
614,"Spółdzielcza- Zielona Góra 3 pokojowe mieszkanie 47,8 m2",354 000 złdo negocjacji,Brak danych,Brak danych,"47,80 m² - 7405.86 zł/m²",3 pokoje,Brak danych
615,"*Os.Przyjaźni Ustawne 3 pokoje 61,9m2 ładny widok*",435 000 zł,Brak danych,Brak danych,"61,90 m² - 7027.46 zł/m²",3 pokoje,Brak danych
616,Przestronne mieszkanie 55 m2 w otoczeniu lasów,339 000 zł,Brak danych,Brak danych,55 m² - 6163.64 zł/m²,Brak danych,Brak danych
617,Nowoczesne 47m2 mieszkanie w samym sercu Mielca,345 000 złdo negocjacji,Brak danych,Brak danych,47 m² - 7340.43 zł/m²,Brak danych,Brak danych
618,Mieszkanie na Woli blisko metra- Ul. Łacińska,780 000 zł,Warszawa,Brak danych,65 m² - 12000 zł/m²,Brak danych,Brak danych
619,"3 niezależne pokoje, balkon, świetna lokalizacja",232 000 zł,Brak danych,Brak danych,"48,17 m² - 4816.28 zł/m²",Brak danych,Brak danych
620,Mieszkanie Szczecin Płonia,580 000 zł,Szczecin,Brak danych,64 m² - 9062.5 zł/m²,Brak danych,Brak danych
621,"Prywatnie, Centrum, 2 pokoje, Nowe, Bez PCC","547 540,40 zł",Lublin - Dzisiaj O 09:26,Brak danych,"29,60 m² - 18497.99 zł/m²",2 pokoje,Brak danych
622,3 niezależne pokoje z oddzielną kuchnią | balkon | piwnica,749 900 zł,Warszawa,Brak danych,54 m² - 13887.04 zł/m²,Brak danych,Brak danych
623,"Mieszkanie 2- pokojowe ,38,7 m2, dwustronne, bez pośredników!",298 000 zł,Brak danych,Brak danych,"38,70 m² - 7700.26 zł/m²",Brak danych,Brak danych
624,"Przytulna kawalerka 30,5 m² – gotowa do zamieszkan",399 999 zł,Lublin - Dzisiaj O 17:53,Brak danych,"30,50 m² - 13114.72 zł/m²",1 pokój,Brak danych
625,Mieszkanie Bezczynszowe Do Własnej Aranżacji 86 M2,280 000 zł,Brak danych,Brak danych,"86,60 m² - 3233.26 zł/m²",Brak danych,Brak danych
626,2 Pokoje 36M2 Z Ogródkiem Gotowe Do Wprowadzenia,499 000 zł,Brak danych,Brak danych,"35,62 m² - 14008.98 zł/m²",2 pokoje,Brak danych
627,"Sosnowiec śródmieście , 3 pokoje + Balkon. Garaż",513 500 zł,Sosnowiec - 15 Lipca 2025,Brak danych,62 m² - 8282.26 zł/m²,3 pokoje,Brak danych
628,"Mieszkanie, Głogów",419 000 zł,Brak danych,Brak danych,63 m² - 6650.79 zł/m²,Brak danych,Brak danych
629,2 pokoje w centrum miasta,238 000 zł,Gorzów Wielkopolski - 15 Lipca 2025,Brak danych,"38,33 m² - 6209.24 zł/m²",2 pokoje,Brak danych
630,Mieszkanie M1 kawalerka garsoniera 1 pokój aneks kuchenny łazienka,215 000 zł,Brak danych,Brak danych,20 m² - 10750 zł/m²,1 pokoje,Brak danych
631,"Nowoczesne 3 pokojowe, mieszkanie, garderoba,2 tarasy BEZ POŚREDNIKÓW",790 000 złdo negocjacji,Zabrze - 24 Czerwca 2025,Brak danych,"83,60 m² - 9449.76 zł/m²",3 pokoje,Brak danych
632,"mieszkanie gotowe do odbioru, strona południowa",685 000 zł,Pruszcz Gdański - 14 Lipca 2025,Brak danych,"82,61 m² - 8291.97 zł/m²",Brak danych,Brak danych
633,Mieszkanie 3 pokoje Leśny Dwór 2 komórki lokatorskie,512 100 zł,Brak danych,Brak danych,"56,90 m² - 9000 zł/m²",3 pokoje,Brak danych
634,Mieszkanie na sprzedaż ul Budowlanych Oświęcim Bez ukrytych prowizji,310 000 zł,Brak danych,Brak danych,33 m² - 9393.94 zł/m²,Brak danych,Brak danych
635,"Na sprzedaż: 2-pokojowe mieszkanie, 36 m² – Rubinkowo II, Toruń",360 000 zł,Toruń - Dzisiaj O 17:41,Brak danych,36 m² - 10000 zł/m²,Brak danych,Brak danych
636,BEZPOŚREDNIO - 3 pokojowe mieszkanie z potencjałem!,555 000 zł,Wrocław - Odświeżono Dzisiaj O 08:33,Brak danych,63 m² - 8809.52 zł/m²,3 pokoje,Brak danych
637,3 pokoje do remontu na parterze - Kusocińskiego,310 000 zł,Radom - 16 Lipca 2025,Brak danych,"52,80 m² - 5871.21 zł/m²",3 pokoje,Parter
638,Rezydencja Świerkowa | mieszkanie 1-pok. | 59,233 233 zł,Radom - 16 Lipca 2025,Brak danych,"25,63 m² - 9100 zł/m²",Brak danych,Brak danych
639,"Mieszkanie, Lubin",469 000 zł,Brak danych,Brak danych,"68,30 m² - 6866.76 zł/m²",Brak danych,Brak danych
640,Sprzedam mieszkanie 65m2,925 000 złdo negocjacji,Poznań,Brak danych,65 m² - 14230.77 zł/m²,Brak danych,Brak danych
641,1 PIĘTRO 2 pokoje po remoncie. Balkon.,439 999 zł,Łódź,Brak danych,45 m² - 9777.76 zł/m²,2 pokoje,1 piętro
642,"Mieszkanie 48 m² – Warszawa Żoliborz, ul. Broniews",690 000 zł,Warszawa,Brak danych,48 m² - 14375 zł/m²,Brak danych,Brak danych
643,3 pokoje - I piętro - do własnej aranżacji,219 000 zł,Wałbrzych - Dzisiaj O 09:02,Brak danych,"57,97 m² - 3777.82 zł/m²",3 pokoje,Brak danych
644,"Mieszkanie, 2 pokoje, 46,20m2 | Piekary Śląskie",190 000 zł,Brak danych,Brak danych,"46,20 m² - 4112.55 zł/m²",2 pokoje,Brak danych
645,"Kawalerka 29,5m2 Starachowice",178 000 zł,Brak danych,Brak danych,"29,50 m² - 6033.9 zł/m²",1 pokój,Brak danych
646,"49,33mkw 2 pokoje Co-miejskie Bałuty Centrum, Doły",144 500 zł,Łódź,Brak danych,25 m² - 5780 zł/m²,2 pokoje,Brak danych
647,Nowe Miasto 2 pokoje Blok 2013r Żermoskiego,439 000 złdo negocjacji,Białystok,Brak danych,"33,29 m² - 13187.14 zł/m²",2 pokoje,Brak danych
648,Piotra Skargi 3 pokoje / 77m2 / wysoki parter,419 900 zł,Bydgoszcz - 11 Lipca 2025,Brak danych,77 m² - 5453.25 zł/m²,3 pokoje,Parter
649,Mieszkanie w pięknym miejscu nad rzeką,597 000 zł,Wrocław,Brak danych,"49,33 m² - 12102.17 zł/m²",Brak danych,Brak danych
650,3-pokojowe mieszkanie po kapitalnym remoncie – Centrum Grodziska.,599 000 zł,Brak danych,Brak danych,55 m² - 10890.91 zł/m²,Brak danych,Brak danych
651,"Mieszkanie 4 pokoje, 72m",650 000 zł,Łódź,Brak danych,72 m² - 9027.78 zł/m²,4 pokoje,Brak danych
652,"2 pokoje | 48,8 m² | Róży Wiatrów 19 | loggia z widokiem na zieleń",670 000 zł,Wrocław,Brak danych,"48,80 m² - 13729.51 zł/m²",2 pokoje,Brak danych
653,3 pokoje na sprzedaż - Lubin,338 000 zł,Brak danych,Brak danych,"62,90 m² - 5373.61 zł/m²",3 pokoje,Brak danych
654,Komfortowe mieszkanie z osobnym wejściem z własnego podwórka i garażem,650 000 zł,Brak danych,Brak danych,114 m² - 5701.75 zł/m²,Brak danych,Brak danych
655,Mieszkanie po remoncie z wyposażeniem.,270 000 zł,Brak danych,Brak danych,40 m² - 6750 zł/m²,Brak danych,Brak danych
656,Mieszkanie dwupokojowe Krasne - gotowe do zamieszkania,380 000 zł,Brak danych,Brak danych,"39,41 m² - 9642.22 zł/m²",Brak danych,Brak danych
657,"Urocze 3 pokoje w centrum. Zadbane, w pełni wyposażone.",429 000 zł,Brak danych,Brak danych,58 m² - 7396.55 zł/m²,3 pokoje,Brak danych
658,=> MIŁA PARK - 3 pokoje 47 m2 => DRABINIANKA !!! Rzeszów,450 395 zł,Rzeszów - Odświeżono Dnia 16 Lipca 2025,Brak danych,"47,41 m² - 9500 zł/m²",3 pokoje,Brak danych
659,"Na sprzedaż: 2-pokojowe mieszkanie, 36 m² – Rubinkowo II, Toruń",360 000 zł,Toruń - Dzisiaj O 17:41,Brak danych,36 m² - 10000 zł/m²,Brak danych,Brak danych
660,Mieszkanie Uzdrowisko Szczawnica - ścisłe centrum.,390 000 zł,Brak danych,Brak danych,54 m² - 7222.22 zł/m²,Brak danych,Brak danych
661,"Mieszkanie Kolarska 8 - 30 lat doświadczenia, przyjazny plan wpłat",509 980 zł,Brak danych,Brak danych,"59,30 m² - 8600 zł/m²",Brak danych,Brak danych
662,mieszkanie z ogrodem w spokojnej okolicy,622 000 zł,Brak danych,Brak danych,"62,30 m² - 9983.95 zł/m²",Brak danych,Brak danych
663,Mieszkanie Poznań os. Wichrowe Wzgórza,489 000 zł,Poznań,Brak danych,47 m² - 10404.26 zł/m²,Brak danych,Brak danych
664,2 pok. mieszkanie przy ul. Dreszera,349 000 zł,Brak danych,Brak danych,46 m² - 7586.96 zł/m²,Brak danych,Brak danych
665,"Mieszkanie na parterze, z ogródkiem w centrum",325 000 zł,Brak danych,Brak danych,57 m² - 5701.75 zł/m²,Brak danych,Parter
666,Mieszkanie | Mielec ul. Chopina | 2-pokoje| 2-piętro| PO REMONCIE,335 999 zł,Brak danych,Brak danych,37 m² - 9081.05 zł/m²,Brak danych,Brak danych
667,2 Pokojowe Mieszkanie Z Balkonem Centrum,399 000 zł,Brak danych,Brak danych,"44,77 m² - 8912.22 zł/m²",2 pokoje,Brak danych
668,Dwustronne 2-pokojowe mieszkanie w Legionowie,585 000 zł,Brak danych,Brak danych,"48,04 m² - 12177.35 zł/m²",Brak danych,Brak danych
669,"Mieszkanie 3 pokoje KSM 64,2 m² – idealne dla rodziny, szkoła, sklepy",549 700 zł,Kielce - Odświeżono Dnia 16 Lipca 2025,Brak danych,"64,20 m² - 8562.31 zł/m²",3 pokoje,Brak danych
670,"Mieszkanie dwupoziomowe 83.77m2, 3 balkony, klimatyzacja, piwnica",525 000 złdo negocjacji,Brak danych,Brak danych,"83,77 m² - 6267.16 zł/m²",Brak danych,Brak danych
671,Sprzedam w pełni wyposażone i umeblowane mieszkanie – SYCÓW CENTRUM,310 000 zł,Brak danych,Brak danych,"44,60 m² - 6950.67 zł/m²",Brak danych,Brak danych
672,"2 pokoje, Dworek, Gmina Mikołajki Pomorskie.",69 000 zł,Brak danych,Brak danych,"53,59 m² - 1287.55 zł/m²",2 pokoje,Brak danych
673,Przestronne 3-pokojowe mieszkanie z ogrodem i kominkiem | Parter,420 000 zł,Brak danych,Brak danych,91 m² - 4615.38 zł/m²,Brak danych,Parter
674,Sprzedam mieszkanie 70m2 OLECKO Osiedle Lesk,315 000 złdo negocjacji,Brak danych,Brak danych,70 m² - 4500 zł/m²,Brak danych,Brak danych
675,"2 Pokoje, I piętro, Balkon, Os. Paderewskiego",419 000 zł,Katowice - 16 Lipca 2025,Brak danych,"43,35 m² - 9665.51 zł/m²",2 pokoje,Brak danych
676,Mieszkanie niedaleko Starego Browaru!,470 000 złdo negocjacji,Poznań,Brak danych,65 m² - 7230.77 zł/m²,Brak danych,Brak danych
677,MIeszkanie w centrum Łodzi na osiedlu Recanto 63m2,787 500 zł,Łódź,Brak danych,63 m² - 12500 zł/m²,Brak danych,Brak danych
678,"Okazja! Mieszkanie z dużym balkonem, piwnicą.",515 000 zł,Gorzów Wielkopolski - 15 Lipca 2025,Brak danych,"65,82 m² - 7824.37 zł/m²",Brak danych,Brak danych
679,Mieszkanie 2 pokojowe-40m²-miejsce postojowe-Parkitka-Bezpośrednio,340 000 zł,Częstochowa,Brak danych,"39,87 m² - 8527.72 zł/m²",2 pokoje,Brak danych
680,Okazja. Przestronne 3 pokoje + kuchnio-jadalnia + ... !,760 000 zł,Toruń - 14 Czerwca 2025,Brak danych,72 m² - 10555.56 zł/m²,3 pokoje,Brak danych
681,Nowoczesne Mieszkanie z Ogródkiem i Zadaszonym Miejscem Postojowym,540 000 zł,Brak danych,Brak danych,"94,95 m² - 5687.2 zł/m²",Brak danych,Brak danych
682,DWA Przestronne Mieszkanie 2 Pok. | Całe Piętro | 4 sypialnie,379 000 zł,Brak danych,Brak danych,"107,50 m² - 3525.58 zł/m²",Brak danych,Brak danych
683,"Sprzedam mieszkanie dwupokojowe - Letnica, ul. Sucha (ROBYG)",799 000 złdo negocjacji,Gdańsk,Brak danych,"50,88 m² - 15703.62 zł/m²",Brak danych,Brak danych
684,Sprzedam mieszkanie 3 pokojowe na I piętrze w Koszalinie,480 000 złdo negocjacji,Koszalin - Odświeżono Dzisiaj O 19:36,Brak danych,"55,30 m² - 8679.93 zł/m²",3 pokoje,Brak danych
685,"Łódź-Górna, 2 pokoje z balkonem, do remontu z opcją 3‑pokojowego, 34m2",244 000 zł,Łódź,Brak danych,"34,40 m² - 7093.02 zł/m²",2 pokoje,Brak danych
686,Funkcjonalna kawalerka | Blisko Rynku,332 460 zł,Kraków,Brak danych,"18,47 m² - 18000 zł/m²",1 pokój,Brak danych
687,REZERWACJA | Heleny | 63m | 3 pokoje | 2 balkony | piwnica | 2 piętro,615 000 zł,Kraków,Brak danych,63 m² - 9761.9 zł/m²,3 pokoje,2 piętro
688,Mieszkanie z własnym ogródkiem i parkingiem !,129 000 zł,Brak danych,Brak danych,41 m² - 3146.34 zł/m²,Brak danych,Brak danych
689,"2 ( lub 3 )pokoje z widokiem, super lokalizacja- opróżnione do remontu",330 000 zł,Tychy - Odświeżono Dzisiaj O 16:05,Brak danych,50 m² - 6600 zł/m²,Brak danych,Brak danych
690,4 Pokoje 1 Piętro Duży Balkon,369 000 zł,Rybnik - 14 Lipca 2025,Brak danych,"70,50 m² - 5234.04 zł/m²",4 pokoje,1 piętro
691,"Rodzinne 4-pokojowe mieszkanie | 56,6 m² | ul. Olsztyńska 29",460 000 zł,Radom - 15 Lipca 2025,Brak danych,"56,60 m² - 8127.21 zł/m²",Brak danych,Brak danych
692,"3-pokojowe mieszkanie przy ul. Legionów 15–17, Kalisz | Winda | 48 m²",300 000 zł,Brak danych,Brak danych,48 m² - 6250 zł/m²,Brak danych,Brak danych
693,Mieszkanie 76m2 z ogrodem 156m2,999 000 zł,Warszawa,Brak danych,"76,44 m² - 13069.07 zł/m²",Brak danych,Brak danych
694,"2 pokoje po remoncie, os. Radogoszcz Wschód - sprzedaż lub zamiana",440 000 zł,Łódź,Brak danych,"42,23 m² - 10419.13 zł/m²",2 pokoje,Brak danych
695,Mieszkanie 4 pokojowe blisko Świdnicy.,485 000 zł,Brak danych,Brak danych,86 m² - 5639.53 zł/m²,4 pokoje,Brak danych
696,"Mieszkanie 2-pokojowe - Gdynia, ul. Zamenhofa",359 000 zł,Gdynia,Brak danych,"27,03 m² - 13281.54 zł/m²",Brak danych,Brak danych
697,Piękne mieszkanie gotowe do zamieszkania z garażem !,600 000 zł,Brak danych,Brak danych,60 m² - 10000 zł/m²,Brak danych,Brak danych
698,Duża przestronna kawalerka M2 35m plus balkon,129 999 zł,Brak danych,Brak danych,35 m² - 3714.26 zł/m²,1 pokój,Brak danych
699,Mieszkanie po remoncie - parter,499 000 zł,Brak danych,Brak danych,61 m² - 8180.33 zł/m²,Brak danych,Parter
700,☀️ 3 pokoje / Klimatyzacja / Balkon 16 m² / Miejsce postojowe ☀️,640 000 zł,Brak danych,Brak danych,49 m² - 13061.22 zł/m²,3 pokoje,Brak danych
701,2 pokoje!Smochowice!Osobna kuchnia!Duży balkon!Miejsce postojowe!,459 000 zł,Poznań,Brak danych,46 m² - 9978.26 zł/m²,2 pokoje,Brak danych
702,"Przestronne mieszkanie 3-pokojowe, 71 m² – centrum Gliwic",563 999 zł,Gliwice,Brak danych,"70,50 m² - 7999.99 zł/m²",Brak danych,Brak danych
703,Rewelacyjne mieszkanie z ogródkiem - Zwonowice,539 000 zł,Brak danych,Brak danych,"74,81 m² - 7204.92 zł/m²",Brak danych,Brak danych
704,"Mieszkanie z parkingiem, idealne pod inwestycję!",349 000 zł,Katowice,Brak danych,"47,25 m² - 7386.24 zł/m²",Brak danych,Brak danych
705,Mieszkanie - osiedle Piastowskie - Kazimierza Krolewicza,676 000 złdo negocjacji,Szczecin,Brak danych,52 m² - 13000 zł/m²,Brak danych,Brak danych
706,"Mieszkanie 2-pokojowe, 60m2 z tarasem",870 000 zł,Warszawa,Brak danych,60 m² - 14500 zł/m²,Brak danych,Brak danych
707,Dwupoziomowe mieszkanie,430 000 złdo negocjacji,Brak danych,Brak danych,"65,30 m² - 6584.99 zł/m²",Brak danych,Brak danych
708,"Ciche, odnowione mieszkanie na Bielanach",780 000 złdo negocjacji,Warszawa,Brak danych,60 m² - 13000 zł/m²,Brak danych,Brak danych
709,⭐Gotowe⭐2 pokoje⭐1piętro⭐Balkon⭐Park,362 000 zł,Łódź,Brak danych,"36,20 m² - 10000 zł/m²",2 pokoje,1 piętro
710,2-pokojowe mieszkanie na Koniuchach,359 000 zł,Toruń - Dzisiaj O 10:46,Brak danych,"43,75 m² - 8205.71 zł/m²",Brak danych,Brak danych
711,Po remoncie | 2 pokoje | ul. Rodziny Winczewskich,350 000 zł,Radom - Dzisiaj O 09:28,Brak danych,"38,60 m² - 9067.36 zł/m²",2 pokoje,Brak danych
712,"Mieszkanie 3pokojowe,Osiedle Generałów,Kleeberga",475 000 zł,Olsztyn - 14 Lipca 2025,Brak danych,"53,20 m² - 8928.57 zł/m²",3 pokoje,Brak danych
713,Dwupokojowe mieszkanie na Chłodnej.,646 000 zł,Warszawa,Brak danych,"38,70 m² - 16692.51 zł/m²",Brak danych,Brak danych
714,"Sprzedam mieszkanie , 18 Sierpnia Katowice , 37,37 m2",315 000 złdo negocjacji,Katowice,Brak danych,"37,37 m² - 8429.22 zł/m²",Brak danych,Brak danych
715,"Po remoncie, 2 pokoje + kuchnia, ul. Pawia",379 000 zł,Brak danych,Brak danych,"50,40 m² - 7519.84 zł/m²",2 pokoje,Brak danych
716,2 pokoje z loggią i piwnicą - bezpośrednio!,295 000 zł,Katowice - 15 Lipca 2025,Brak danych,37 m² - 7972.97 zł/m²,2 pokoje,Brak danych
717,sprzedam mieszkanie w Ptasiej dzielnicy Gliwic,800 000 zł,Gliwice - 16 Lipca 2025,Brak danych,112 m² - 7142.86 zł/m²,Brak danych,Brak danych
718,"Mieszkanie 42,45 m² – Centrum Lublina, ul. Podzamcze 4 – 442 000 zł",442 000 zł,Lublin - 28 Czerwca 2025,Brak danych,"42,45 m² - 10412.25 zł/m²",Brak danych,Brak danych
719,"2 pokojowe mieszkanie z balkonem, Bydgoszcz, Fordon, ul. Igrzyskowa",499 000 złdo negocjacji,Bydgoszcz - Odświeżono Dnia 15 Lipca 2025,Brak danych,40 m² - 12475 zł/m²,2 pokoje,Brak danych
720,"Gotowiec inwestycyjny, 4 pokoje, ul. Pana Tadeusza",489 000 zł,Olsztyn - Odświeżono Dzisiaj O 18:16,Brak danych,"48,20 m² - 10145.23 zł/m²",4 pokoje,Brak danych
721,Katowice Centrum 3 pokojowe MIESZKANIE wykończone,580 000 zł,Katowice - Dzisiaj O 07:45,Brak danych,60 m² - 9666.67 zł/m²,3 pokoje,Brak danych
722,"SUPER CENA Różanka 4-pokoje, 78,5 m²",815 000 złdo negocjacji,Wrocław,Brak danych,"78,50 m² - 10382.17 zł/m²",Brak danych,Brak danych
723,"Mieszkanie, Siedlce, ul. Pomorska, do wprowadzenia",549 000 zł,Brak danych,Brak danych,"59,60 m² - 9211.41 zł/m²",Brak danych,Brak danych
724,Nowoczesne mieszkanie na terenie zamkniętym !,277 000 zł,Włocławek - 15 Lipca 2025,Brak danych,"34,52 m² - 8024.33 zł/m²",Brak danych,Brak danych
725,Mieszkanie z balkonem z zasobów Wtbs,159 000 zł,Brak danych,Brak danych,"43,43 m² - 3661.06 zł/m²",Brak danych,Brak danych
726,Okazja!!! Sprzedam mieszkanie do remontu!,300 000 zł,Brak danych,Brak danych,"45,50 m² - 6593.41 zł/m²",Brak danych,Brak danych
727,Krowodrza/Bronowice/Prądnik Biały ok. Radzikowskiego - 2 pokoje loggia,687 000 zł,Kraków,Brak danych,50 m² - 13740 zł/m²,2 pokoje,Brak danych
728,"Mieszkanie Stary Browar Bielsko - Biała, 57 mkw",497 031 zł,Bielsko-Biała - 15 Lipca 2025,Brak danych,"57,13 m² - 8700 zł/m²",Brak danych,Brak danych
729,Augustów 2 pokojowe mieszkanie na sprzedaż,298 000 złdo negocjacji,Brak danych,Brak danych,"37,90 m² - 7862.8 zł/m²",2 pokoje,Brak danych
730,Wykończone mieszkanie na Zdrowiu,660 000 zł,Łódź,Brak danych,"52,28 m² - 12624.33 zł/m²",Brak danych,Brak danych
731,Nowe mieszkanie osiedle europejskie,400 000 zł,Gorzów Wielkopolski - 22 Czerwca 2025,Brak danych,"29,54 m² - 13540.96 zł/m²",Brak danych,Brak danych
732,Oddane do Użytkowania - 2 pokoje z Tarasem 13 m²﻿! Winda!,382 000 zł,Sosnowiec - 15 Lipca 2025,Brak danych,49 m² - 7795.92 zł/m²,2 pokoje,Brak danych
733,SPRZEDAM BEZPOŚREDNIO - 2 pokoje - 36m2 + balkon - ul. Kwarcowa,499 000 zł,Lublin - Dzisiaj O 20:39,Brak danych,"35,55 m² - 14036.57 zł/m²",2 pokoje,Brak danych
734,Komfortowe Mieszkanie,479 000 zł,Brak danych,Brak danych,"70,60 m² - 6784.7 zł/m²",Brak danych,Brak danych
735,Piękne mieszkanie dwupoziomowe na zakmniętym os.,699 000 zł,Szczecin,Brak danych,"78,20 m² - 8938.62 zł/m²",Brak danych,Brak danych
736,Sędziszów Młp. | 3 pokoje | Funkcjonalny układ |,379 000 zł,Brak danych,Brak danych,"58,87 m² - 6437.91 zł/m²",3 pokoje,Brak danych
737,Mieszkanie 3 pokoje 60m2 Marki,865 000 złdo negocjacji,Brak danych,Brak danych,"59,95 m² - 14428.69 zł/m²",3 pokoje,Brak danych
738,"Jezioro, spokój i nowoczesne wnętrze, 3 pokoje",449 000 zł,Brak danych,Brak danych,"61,40 m² - 7312.7 zł/m²",3 pokoje,Brak danych
739,Mieszkanie 100 m2 w odrestaurowanej kamienicy z balkonem i parkingiem,589 000 zł,Bytom - 15 Lipca 2025,Brak danych,100 m² - 5890 zł/m²,Brak danych,Brak danych
740,Ciepłe mieszkanie blisko centrum: Zielińskiego - Wrocław,625 000 zł,Wrocław,Brak danych,50 m² - 12500 zł/m²,Brak danych,Brak danych
741,Mieszkanie z pięknym tarasem na dachu,1 180 000 zł,Gdańsk,Brak danych,67 m² - 17611.94 zł/m²,Brak danych,Brak danych
742,Niepowtarzalny styl | 2 pokoje + gabinet | Balkon | Po remoncie,425 000 zł,Brak danych,Brak danych,"46,20 m² - 9199.13 zł/m²",2 pokoje,Brak danych
743,"Stylowe 3 pokoje | 63,5 m² po remoncie| 2 piętro",680 000 zł,Brak danych,Brak danych,"63,50 m² - 10708.66 zł/m²",3 pokoje,2 piętro
744,Przestronne mieszkanie z widokiem na ogrodki dzialkowe,330 000 złdo negocjacji,Brak danych,Brak danych,"57,80 m² - 5709.34 zł/m²",Brak danych,Brak danych
745,"Na sprzedaż mieszkanie w Brzegu w bloku, pierwsze pietro",330 000 zł,Brak danych,Brak danych,55 m² - 6000 zł/m²,Brak danych,Brak danych
746,Przytulne mieszkanie w zabytkowej kamienicy,249 000 zł,Brak danych,Brak danych,59 m² - 4220.34 zł/m²,Brak danych,Brak danych
747,2-pokojowe mieszkanie w Centrum Zabrza po remoncie,350 000 zł,Zabrze - 16 Lipca 2025,Brak danych,"52,04 m² - 6725.6 zł/m²",Brak danych,Brak danych
748,2 pokoje z balkonem Osiedle Stałe - zaproponuj swoją cene!,265 000 zł,Jaworzno - Dzisiaj O 17:16,Brak danych,"47,64 m² - 5562.55 zł/m²",2 pokoje,Brak danych
749,Kawalerka z dużym balkonem! Cechowa/ Pogórze Duchackie - Piaski,249 900 zł,Kraków,Brak danych,21 m² - 11900 zł/m²,1 pokój,Brak danych
750,Gotowe do zamieszkania | 3 pokoje | Po remoncie,599 000 zł,Poznań,Brak danych,"53,90 m² - 11113.17 zł/m²",3 pokoje,Brak danych
751,Sprzedam mieszkanie - kawalerkę,495 000 zł,Kraków,Brak danych,"32,31 m² - 15320.33 zł/m²",Brak danych,Brak danych
752,"Mieszkanie 100m2 Świdnica, prywatny parking, 3 pokoje, 2 garderoby",560 000 złdo negocjacji,Brak danych,Brak danych,105 m² - 5333.33 zł/m²,3 pokoje,Brak danych
753,Merano Park 2 | mieszkanie 3-pok. | B2.A2,447 000 zł,Wolsztyn - Dzisiaj O 13:06,Brak danych,"51,57 m² - 8667.83 zł/m²",Brak danych,Brak danych
754,3- pokoje z ogromnym potencjałem,399 000 zł,Bielsko-Biała - Dzisiaj O 12:01,Brak danych,53 m² - 7528.3 zł/m²,Brak danych,Brak danych
755,Mieszkanie 3 pokoje-parter-ogródek-garaż.,255 000 zł,Brak danych,Brak danych,"52,77 m² - 4832.29 zł/m²",3 pokoje,Parter
756,Wyposażona kawalerka z oddzielną SYPIALNIĄ / ul. Lubelska,335 000 złdo negocjacji,Łódź,Brak danych,"34,50 m² - 9710.14 zł/m²",1 pokój,Brak danych
757,"Mieszkanie, Sosnowiec",298 000 zł,Sosnowiec - 16 Lipca 2025,Brak danych,60 m² - 4966.67 zł/m²,Brak danych,Brak danych
758,"Na sprzedaż mieszkanie 57 m2, II piętro Armii Krajowej",279 900 zł,Brak danych,Brak danych,57 m² - 4910.53 zł/m²,Brak danych,Brak danych
759,"Ustka, 2 pokoje, osobna jasna kuchnia, układ niezależny, balkon, garaż",499 000 zł,Brak danych,Brak danych,"43,60 m² - 11444.95 zł/m²",2 pokoje,Brak danych
760,"Kawalerka 27m2 ul. Sportowa, 4 pietro",205 000 zł,Brak danych,Brak danych,27 m² - 7592.59 zł/m²,1 pokój,Brak danych
761,Mieszkanie w zielonej i cichej okolicy,499 000 zł,Szczecin,Brak danych,53 m² - 9415.09 zł/m²,Brak danych,Brak danych
762,"Umeblowana kawalerka 26,32m2 ul. Robotniczej!",250 000 zł,Elbląg - 30 Czerwca 2025,Brak danych,"26,32 m² - 9498.48 zł/m²",1 pokój,Brak danych
763,Mieszkanie Sandomierz sprzedam,350 000 złdo negocjacji,Brak danych,Brak danych,52 m² - 6730.77 zł/m²,Brak danych,Brak danych
764,Mieszkanie na sprzedaż,535 000 zł,Brak danych,Brak danych,43 m² - 12441.86 zł/m²,Brak danych,Brak danych
765,"3 Pokojowe Mieszkanie 58,83 m2 JACHOWICZA PARK",664 779 zł,Rzeszów - Odświeżono Dzisiaj O 12:52,Brak danych,"58,83 m² - 11300 zł/m²",3 pokoje,Brak danych
766,"Przestronne mieszkanie z wyjątkowym klimatem, bez prowizji",850 000 zł,Wrocław,Brak danych,"69,50 m² - 12230.22 zł/m²",Brak danych,Brak danych
767,Mieszkanie na Dąbiu + Miejsce,661 000 zł,Kraków,Brak danych,37 m² - 17864.86 zł/m²,Brak danych,Brak danych
768,Mieszkanie Grota-Roweckiego Wysoki Standard Gotowiec Inwestycyjny,515 000 złdo negocjacji,Tychy - Dzisiaj O 11:16,Brak danych,51 m² - 10098.04 zł/m²,Brak danych,Brak danych
769,"Cieszyn. Mieszkanie M-4, 48m2, 3 pokoje.",319 000 złdo negocjacji,Brak danych,Brak danych,48 m² - 6645.83 zł/m²,3 pokoje,Brak danych
770,kawalerka na osiedlu A,212 000 zł,Tychy - Dzisiaj O 11:02,Brak danych,32 m² - 6625 zł/m²,1 pokój,Brak danych
771,AZOT CONCEPT: Nowe mieszkanie z windą i balkonem w super cenie!,229 500 zł,Jaworzno - Dzisiaj O 19:27,Brak danych,"25,14 m² - 9128.88 zł/m²",Brak danych,Brak danych
772,Okazja/Komfortowe/ 3 pokoje/ Rumia Janowo!,495 000 zł,Brak danych,Brak danych,"59,61 m² - 8303.98 zł/m²",3 pokoje,Brak danych
773,"Mieszkanie 35,04m2 z piwnicą",165 000 zł,Gorzów Wielkopolski - Dzisiaj O 15:33,Brak danych,"35,04 m² - 4708.9 zł/m²",Brak danych,Brak danych
774,Sprzedam Mieszkanie,265 000 złdo negocjacji,Brak danych,Brak danych,53 m² - 5000 zł/m²,Brak danych,Brak danych
775,"Jasne, Nowoczesne dwupokojowe mieszkanie!",457 000 zł,Bielsko-Biała - 04 Lipca 2025,Brak danych,44 m² - 10386.36 zł/m²,Brak danych,Brak danych
776,"sprzedam mieszkanie w Goleniowie 49,22m2",470 000 zł,Brak danych,Brak danych,"49,22 m² - 9548.96 zł/m²",Brak danych,Brak danych
777,Przestronne mieszkanie przy Politechnice,639 000 zł,Lublin - Dzisiaj O 13:56,Brak danych,"81,12 m² - 7877.22 zł/m²",Brak danych,Brak danych
778,Mieszkanie dwupokojowe do remontu na Starych Włochach,410 000 zł,Warszawa,Brak danych,"34,35 m² - 11935.95 zł/m²",Brak danych,Brak danych
779,"Sławin, 3 pokoje, ul. Kwiatów Polnych",658 000 zł,Lublin - 16 Lipca 2025,Brak danych,69 m² - 9536.23 zł/m²,3 pokoje,Brak danych
780,Nowe mieszkanie Ożarów Mazowiecki 2-pokojowe,479 000 zł,Brak danych,Brak danych,"40,66 m² - 11780.62 zł/m²",Brak danych,Brak danych
781,Mieszkanie 3 pokojowe do remontu.,330 000 zł,Brak danych,Brak danych,60 m² - 5500 zł/m²,3 pokoje,Brak danych
782,Mieszkanie na sprzedaż,290 000 zł,Brak danych,Brak danych,"48,23 m² - 6012.86 zł/m²",Brak danych,Brak danych
783,Mieszkanie 72 m2 na SPRZEDAŻ,350 000 złdo negocjacji,Brak danych,Brak danych,72 m² - 4861.11 zł/m²,Brak danych,Brak danych
784,"Wyremontowane mieszkanie w Kamionku, gm.Szczytno",329 000 złdo negocjacji,Brak danych,Brak danych,49 m² - 6714.29 zł/m²,Brak danych,Brak danych
785,Mieszkanie Na Osiedlu FUZJA,655 000 zł,Łódź,Brak danych,50 m² - 13100 zł/m²,Brak danych,Brak danych
786,Oś. Sadowe BALKON! Oferta na 2 lub 3pokoje OSTATNIE takie MIESZKANIE !,369 000 zł,Brak danych,Brak danych,"51,90 m² - 7109.83 zł/m²",3 pokoje,Brak danych
787,Mieszkanie w centrum po remoncie od zaraz.,339 000 zł,Starogard Gdański - 15 Lipca 2025,Brak danych,"40,88 m² - 8292.56 zł/m²",Brak danych,Brak danych
788,Ustawne rodzinne mieszkanie z balkonem! Miechowice,378 500 zł,Bytom - Dzisiaj O 19:28,Brak danych,"63,10 m² - 5998.42 zł/m²",Brak danych,Brak danych
789,3 Pokoje z balkonem | Wysoki standard do zamieszkania | Dla spoza UE!,589 000 zł,Szczecin - 15 Lipca 2025,Brak danych,"63,30 m² - 9304.9 zł/m²",3 pokoje,Brak danych
790,Nowoczesne mieszkanie 70m2 + 20m2 balkonów we Wrocławiu bez prowizji,880 000 zł,Wrocław,Brak danych,72 m² - 12222.22 zł/m²,Brak danych,Brak danych
791,Słoneczne mieszkanie z balkonem w okolicy Rynku,375 000 złdo negocjacji,Brak danych,Brak danych,"35,80 m² - 10474.86 zł/m²",Brak danych,Brak danych
792,Wysoki standard | Parking | Od zaraz | 2 pokoje,569 000 zł,Gdańsk - 14 Lipca 2025,Brak danych,39 m² - 14589.74 zł/m²,2 pokoje,Brak danych
793,Komfortowe mieszkanie po generalnym remoncie Wałbrzych Piaskowa góra,399 000 złdo negocjacji,Wałbrzych - 05 Lipca 2025,Brak danych,52 m² - 7673.08 zł/m²,Brak danych,Brak danych
794,Klimatyczne 3-pokojowe mieszkanie z widokiem na Beskidy!,469 000 zł,Bielsko-Biała - 14 Lipca 2025,Brak danych,56 m² - 8375 zł/m²,Brak danych,Brak danych
795,Mieszkanie 3-pokojowe z garderobą i dużą piwnicą,315 000 zł,Brak danych,Brak danych,"50,28 m² - 6264.92 zł/m²",Brak danych,Brak danych
796,Przytulne 3-pokojowe mieszkanie z garażem i ogrodem - jasne błonia,699 000 zł,Szczecin,Brak danych,"58,73 m² - 11901.92 zł/m²",Brak danych,Brak danych
797,Rodzinne 3 pokojowe Mieszkanie z Antresolą,825 000 zł,Szczecin,Brak danych,"85,93 m² - 9600.84 zł/m²",3 pokoje,Brak danych
798,Sprzedam mieszkanie 2 pokoje Katowice Witosa,387 000 zł,Katowice,Brak danych,"48,65 m² - 7954.78 zł/m²",2 pokoje,Brak danych
799,"Dwupokojowe mieszkanie z balkonem, cicha okolica!",595 000 zł,Kraków,Brak danych,"35,11 m² - 16946.74 zł/m²",Brak danych,Brak danych
800,Sprzedam mieszkanie w Sulęcinie na nowym osiedlu DOLINA POSTOMII,414 000 złdo negocjacji,Brak danych,Brak danych,"61,80 m² - 6699.03 zł/m²",Brak danych,Brak danych
801,4 pokoje I Funkcjonalny rozkład I Blisko centrum,419 000 zł,Białystok - Dzisiaj O 14:21,Brak danych,"59,80 m² - 7006.69 zł/m²",4 pokoje,Brak danych
802,"Nowe mieszkanie, 3 sypialnie, 49,62m2",466 428 zł,Brak danych,Brak danych,"49,26 m² - 9468.7 zł/m²",Brak danych,Brak danych
803,Sprzedam mieszkanie 2-pokojowe,699 000 zł,Kraków,Brak danych,"44,80 m² - 15602.68 zł/m²",Brak danych,Brak danych
804,"Zatorze, 2 pokoje, parter, mieszkanie",295 000 zł,Olsztyn - 16 Lipca 2025,Brak danych,"31,70 m² - 9305.99 zł/m²",2 pokoje,Parter
805,"Narożne mieszkanie z pięknym widokiem, nowoczesne",899 000 zł,Kraków,Brak danych,59 m² - 15237.29 zł/m²,Brak danych,Brak danych
806,Dwa pokoje blisko stawów i lasu,99 000 złdo negocjacji,Brak danych,Brak danych,"61,98 m² - 1597.29 zł/m²",Brak danych,Brak danych
807,Mieszkanie 3-pok. w centrum miasta - os. Szumana,369 000 zł,Starogard Gdański - 16 Lipca 2025,Brak danych,"48,90 m² - 7546.01 zł/m²",Brak danych,Brak danych
808,Mieszkanie do remontu parter balkon,399 000 zł,Brak danych,Brak danych,"72,90 m² - 5473.25 zł/m²",Brak danych,Parter
809,Mieszkanie Tychy - po remoncie,350 000 zł,Tychy - 15 Lipca 2025,Brak danych,"44,75 m² - 7821.23 zł/m²",Brak danych,Brak danych
810,"3 pokoje | Przestronne | Komórka lokatorska | Kliny, Kraków",660 000 zł,Kraków,Brak danych,"46,10 m² - 14316.7 zł/m²",3 pokoje,Brak danych
811,Mieszkanie 3 pokojowe 48m2 os. Pojezierze,358 000 złdo negocjacji,Olsztyn - 15 Lipca 2025,Brak danych,48 m² - 7458.33 zł/m²,3 pokoje,Brak danych
812,"‼️Ustawne 2 pokoje, Wysoki Standard -> Mokotów‼️",650 000 zł,Warszawa,Brak danych,38 m² - 17105.26 zł/m²,2 pokoje,Brak danych
813,"Nowe 4-pokojowe mieszkanie dwupoziomowe - ul. Młyńska 15, Zamość",649 000 zł,Brak danych,Brak danych,"72,23 m² - 8985.19 zł/m²",Brak danych,Brak danych
814,Kawalerka I Doskonała inwestycja I TOP lokalizacja,249 000 zł,Gdynia - 16 Lipca 2025,Brak danych,"15,98 m² - 15581.98 zł/m²",1 pokój,Brak danych
815,"2 -pokojowe mieszkanie 44,45 m2 na ul. Brzozowskiego - bezpośrednio",339 000 złdo negocjacji,Łódź,Brak danych,"44,45 m² - 7626.55 zł/m²",Brak danych,Brak danych
816,2 pokoje blisko parku im. Cichociemnych Spadochroniarzy AK,620 000 zł,Warszawa,Brak danych,54 m² - 11481.48 zł/m²,2 pokoje,Brak danych
817,Nowoczesne 2-pokojowe mieszkanie Osiedle Sterowców,459 000 zł,Brak danych,Brak danych,"43,29 m² - 10602.91 zł/m²",Brak danych,Brak danych
818,0% prowizji! Dwupoziomowy apartament|premium|3 pokoje|nowy,1 099 000 zł,Wrocław,Brak danych,85 m² - 12929.41 zł/m²,3 pokoje,Brak danych
819,Duże mieszkanie z balkonem-okazja !,239 000 zł,Brak danych,Brak danych,"59,36 m² - 4026.28 zł/m²",Brak danych,Brak danych
820,Kawalerka po gruntownym remoncie!,209 000 złdo negocjacji,Brak danych,Brak danych,27 m² - 7740.74 zł/m²,1 pokój,Brak danych
821,"Mieszkanie 40,6M Do Własnej Aranżacji Zadbana Kamienica W Sercu Miasta",285 000 zł,Brak danych,Brak danych,"40,60 m² - 7019.7 zł/m²",Brak danych,Brak danych
822,"Nowoczesne, funkcjonalne 3 pokoje",499 000 zł,Bielsko-Biała - Odświeżono Dnia 06 Lipca 2025,Brak danych,48 m² - 10395.83 zł/m²,3 pokoje,Brak danych
823,Piękne odnowione mieszkanie w centrum Łodzi,315 000 złdo negocjacji,Łódź,Brak danych,"35,61 m² - 8845.83 zł/m²",Brak danych,Brak danych
824,Mieszkanie 3 pokojowe na sprzedaż,399 999 złdo negocjacji,Brak danych,Brak danych,64 m² - 6249.98 zł/m²,3 pokoje,Brak danych
825,Sprzedam kawalerkę w Krakowie!,310 000 zł,Kraków,Brak danych,17 m² - 18235.29 zł/m²,Brak danych,Brak danych
826,Sprzedam mieszkanie 3-pokojowe w Swarzędzu! 66 m2,479 000 zł,Brak danych,Brak danych,"65,90 m² - 7268.59 zł/m²",Brak danych,Brak danych
827,"2 pokoje do wprowadzenia się, Piekary Śląskie-Centrum!",179 000 zł,Brak danych,Brak danych,"32,85 m² - 5449.01 zł/m²",2 pokoje,Brak danych
828,2 pokojowe mieszkanie z balkonem 50 m² Bytom Miechowice Felińskiego,315 000 zł,Bytom - 15 Lipca 2025,Brak danych,51 m² - 6176.47 zł/m²,2 pokoje,Brak danych
829,⭐Jasne 2 Pokoje⭐Balkon⭐Rozkładowe⭐2 Piętro,300 000 zł,Łódź,Brak danych,"45,13 m² - 6647.46 zł/m²",2 pokoje,2 piętro
830,Rozkładowe 3 pokoje| 60 m² | winda,685 000 zł,Brak danych,Brak danych,"59,53 m² - 11506.8 zł/m²",3 pokoje,Brak danych
831,"Targówek Metro M2 balkon piwnica zieleń, 2 pokoje do własnej aranżacji",489 000 zł,Warszawa,Brak danych,39 m² - 12538.46 zł/m²,2 pokoje,Brak danych
832,Mieszkanie 3 pok. Kuźniki,570 000 zł,Wrocław,Brak danych,"55,72 m² - 10229.72 zł/m²",Brak danych,Brak danych
833,3 pok. mieszkanie na ostatnim piętrze z PIĘKNYM widokiem- przy METRZE!,695 000 zł,Warszawa,Brak danych,50 m² - 13900 zł/m²,Brak danych,Brak danych
834,Mieszkanie w świetnej lokalizacji,820 000 złdo negocjacji,Łódź,Brak danych,72 m² - 11388.89 zł/m²,Brak danych,Brak danych
835,Mieszkanie 60 m2| Z wyposażeniem | Wysoki standard| Świeży remont,549 000 zł,Grudziądz - Dzisiaj O 16:45,Brak danych,"60,20 m² - 9119.6 zł/m²",Brak danych,Brak danych
836,Przestronne mieszkanie 4-pokojowe I Piwnica,339 000 zł,Brak danych,Brak danych,"86,62 m² - 3913.65 zł/m²",Brak danych,Brak danych
837,Osiedle Dziekana - 2 pokoje z balkonem- do odświeżenia!,287 000 zł,Brak danych,Brak danych,45 m² - 6377.78 zł/m²,2 pokoje,Brak danych
838,Osiedle Dziekana - 2 pokoje z balkonem- do odświeżenia!,287 000 zł,Brak danych,Brak danych,45 m² - 6377.78 zł/m²,2 pokoje,Brak danych
839,Na sprzedaż – komfortowe mieszkanie w centrum Siedlec,310 000 złdo negocjacji,Brak danych,Brak danych,"34,20 m² - 9064.33 zł/m²",Brak danych,Brak danych
840,Gotowa do zamieszkan kawalerka w Centrum Szczecina,260 000 zł,Szczecin - 16 Lipca 2025,Brak danych,"21,50 m² - 12093.02 zł/m²",1 pokój,Brak danych
841,Mieszkanie na sprzedaż Katowice Brynów - OKAZJA!,318 000 zł,Katowice,Brak danych,"53,20 m² - 5977.44 zł/m²",Brak danych,Brak danych
842,przestronne 3 pokoje Czyżyny-Łęg,749 000 zł,Kraków,Brak danych,"63,16 m² - 11858.77 zł/m²",3 pokoje,Brak danych
843,Mieszkanie w spokojnej okolicy na sprzedaż,199 000 zł,Wałbrzych - 16 Lipca 2025,Brak danych,"32,85 m² - 6057.84 zł/m²",Brak danych,Brak danych
844,3 pokoje / po remoncie / niski blok / rozkładowe,499 000 zł,Brak danych,Brak danych,62 m² - 8048.39 zł/m²,3 pokoje,Brak danych
845,Parter 2 pokoje po generalnym remoncie! Okazja,299 000 zł,Brak danych,Brak danych,"35,20 m² - 8494.32 zł/m²",2 pokoje,Parter
846,"Katowice, 4 pokojowe mieszkanie, bezpośrednio od właściciela",629 000 złdo negocjacji,Katowice,Brak danych,67 m² - 9388.06 zł/m²,4 pokoje,Brak danych
847,"Świadka, po remoncie, 64 m, 4 pokoje",725 000 zł,Rzeszów - Odświeżono Dzisiaj O 13:20,Brak danych,64 m² - 11328.13 zł/m²,4 pokoje,Brak danych
848,"⭐2 pokoje + Ogródek i Taras⭐ obok Tczewa, szybki dojazd do Gdańska",297 000 zł,Gdańsk,Brak danych,"36,50 m² - 8136.99 zł/m²",2 pokoje,Brak danych
849,Piękne Mieszkanie 2-pokojowe po remoncie | Balkon,584 900 zł,Poznań,Brak danych,56 m² - 10444.64 zł/m²,Brak danych,Brak danych
850,"3 pokoje, gotowe do zamieszkania, Aleja Mirabelkowa, Złotno",680 000 zł,Łódź,Brak danych,58 m² - 11724.14 zł/m²,3 pokoje,Brak danych
851,2 pokoje/Krzyki-Południe/Gajowicka/Balkon/Okazja,499 000 zł,Wrocław,Brak danych,"42,97 m² - 11612.75 zł/m²",2 pokoje,Brak danych
852,Mieszkanie Bezczynszowe po remoncie z ogródkiem !,359 000 zł,Brak danych,Brak danych,105 m² - 3419.05 zł/m²,Brak danych,Brak danych
853,Sprzedam piękne 2 pok. mieszkanie po kapitalnym remoncie. Parter :),299 000 zł,Legnica - 16 Lipca 2025,Brak danych,35 m² - 8542.86 zł/m²,Brak danych,Parter
854,Wygodne 2 pokoje Centrum! Obok Parku Miejskiego!,280 000 zł,Brak danych,Brak danych,51 m² - 5490.2 zł/m²,2 pokoje,Brak danych
855,Po remoncie Będzin Rewolucjonistów - 3 pokoje,414 000 zł,Brak danych,Brak danych,"57,48 m² - 7202.51 zł/m²",3 pokoje,Brak danych
856,Wyjątkowe mieszkanie przy samym Parku Szczesliwickim,1 249 000 zł,Warszawa,Brak danych,66 m² - 18924.24 zł/m²,Brak danych,Brak danych
857,Sprzedam komfortowe 73 m.mieszkanie w centrum Sosnowca,420 000 zł,Sosnowiec - Dzisiaj O 13:51,Brak danych,73 m² - 5753.42 zł/m²,Brak danych,Brak danych
858,Mieszkanie 2 pokoje Pszczyna,375 000 złdo negocjacji,Brak danych,Brak danych,"44,80 m² - 8370.54 zł/m²",2 pokoje,Brak danych
859,Sprzedam Mieszkanie,650 000 złdo negocjacji,Warszawa,Brak danych,41 m² - 15853.66 zł/m²,Brak danych,Brak danych
860,"Mieszkanie M4 z 60 m2 tarasem i balkonem, świetna lokalizacja.",595 000 zł,Brak danych,Brak danych,"67,70 m² - 8788.77 zł/m²",Brak danych,Brak danych
861,PROMCYJNA CENA ! Nowe dwupokojowe mieszkanie,357 579 zł,Brak danych,Brak danych,"51,09 m² - 6999 zł/m²",Brak danych,Brak danych
862,Najtańsze 2 pokoje w GDAŃSKU + Parking/boks + Umów DNI OTWARTE ZOBACZ,390 000 zł,Gdańsk - 16 Lipca 2025,Brak danych,41 m² - 9512.2 zł/m²,2 pokoje,Brak danych
863,"2 pokoje ★ 34,3 m² ★ m. postojowe ★ komórka lokatorska ★ W CENIE ★",499 000 zł,Poznań,Brak danych,"34,30 m² - 14548.1 zł/m²",2 pokoje,Brak danych
864,"Bezpośrednio. Bezczynszowe, przestronne 3-pokojowe mieszkanie.",349 000 zł,Brak danych,Brak danych,63 m² - 5539.68 zł/m²,Brak danych,Brak danych
865,Nowoczesne mieszkanie 70 m² w Warszawie na Białołęce,980 000 złdo negocjacji,Warszawa,Brak danych,"70,71 m² - 13859.43 zł/m²",Brak danych,Brak danych
866,Okazja ! Nowa Cena mieszkanie z ogrodem i garażem ul.Radiowa Olsztyn .,720 000 złdo negocjacji,Olsztyn - Odświeżono Dzisiaj O 11:35,Brak danych,"75,44 m² - 9544.01 zł/m²",Brak danych,Brak danych
867,2 pokojwe mieszkanie - plac Wolności w Rybniku,329 000 zł,Rybnik - Dzisiaj O 20:13,Brak danych,"53,79 m² - 6116.38 zł/m²",2 pokoje,Brak danych
868,"Mieszkanie 3km od Rynku/60,4m2/3 pokoje",820 000 zł,Kraków,Brak danych,"60,40 m² - 13576.16 zł/m²",3 pokoje,Brak danych
869,Mieszkanie w centrum miasta,410 000 zł,Brak danych,Brak danych,"49,50 m² - 8282.83 zł/m²",Brak danych,Brak danych
870,Sprzedam mieszkanie w samym centrum Leborka,344 000 złdo negocjacji,Brak danych,Brak danych,52 m² - 6615.38 zł/m²,Brak danych,Brak danych
871,Nowoczesne 4 pokojowe mieszkanie w centrum miasta świeżo po remoncie!,440 000 złdo negocjacji,Brak danych,Brak danych,58 m² - 7586.21 zł/m²,4 pokoje,Brak danych
872,3 pokoje 60 m² | Metro | Zieleń | Świetna lokalizacja Warszawa Bemowo,759 000 zł,Warszawa,Brak danych,60 m² - 12650 zł/m²,3 pokoje,Brak danych
873,2-pokojowe mieszkanie 41m2 + balkon,527 488 zł,Kraków,Brak danych,"41,21 m² - 12800 zł/m²",Brak danych,Brak danych
874,2-pokojowe mieszkanie na Os. Rosochy,201 000 zł,Brak danych,Brak danych,48 m² - 4187.5 zł/m²,Brak danych,Brak danych
875,Sprzedam Mieszkanie,399 999 zł,Brak danych,Brak danych,"44,50 m² - 8988.74 zł/m²",Brak danych,Brak danych
876,Mieszkanie bezczynszowe w Kluczborku-Nowa Cena !!!,269 000 zł,Brak danych,Brak danych,"68,38 m² - 3933.9 zł/m²",Brak danych,Brak danych
877,Zadbane mieszkanie w niskiej zabudowie,580 000 zł,Brak danych,Brak danych,"69,98 m² - 8288.08 zł/m²",Brak danych,Brak danych
878,"Mieszkanie 2 pokojowe , 1 pietro, garaz",255 000 złdo negocjacji,Brak danych,Brak danych,62 m² - 4112.9 zł/m²,2 pokoje,Brak danych
879,Sprzedam mieszkanie w kamienicy przy ulicy Żeromskiego we Wrocławiu!,710 000 złdo negocjacji,Wrocław,Brak danych,"65,48 m² - 10843.01 zł/m²",Brak danych,Brak danych
880,Mieszkanie 52 m² w centrum Gdańska,649 000 zł,Gdańsk,Brak danych,52 m² - 12480.77 zł/m²,Brak danych,Brak danych
881,TOP Mieszkanie | Mielec ul. Tetmajera| 3-pokoje| 1-piętro| BALKON,409 999 zł,Brak danych,Brak danych,46 m² - 8913.02 zł/m²,Brak danych,Brak danych
882,Mieszkanie z potencjałem podziału Szwederowo,339 900 zł,Bydgoszcz - Dzisiaj O 07:56,Brak danych,"53,05 m² - 6407.16 zł/m²",Brak danych,Brak danych
883,3 pokojowe mieszkanie z balkonem do remontu,454 000 zł,Poznań,Brak danych,"48,10 m² - 9438.67 zł/m²",3 pokoje,Brak danych
884,Czynsz 420zł mieszkanie M2 w Pszowie.,218 000 zł,Brak danych,Brak danych,36 m² - 6055.56 zł/m²,Brak danych,Brak danych
885,Mieszkanie 4 pokojowe Rumia Park z garażem.,583 000 zł,Brak danych,Brak danych,68 m² - 8573.53 zł/m²,4 pokoje,Brak danych
886,Dwustronne Słoneczne Mieszkanie W Ciechocinku!!!,445 000 zł,Brak danych,Brak danych,65 m² - 6846.15 zł/m²,Brak danych,Brak danych
887,mieszkanie w centrum miasta - blisko do stacji PKP,559 000 zł,Brak danych,Brak danych,47 m² - 11893.62 zł/m²,Brak danych,Brak danych
888,Mieszkanie 40m2 Al.Wolności z miejscem parkingowym i bramą na pilota,278 000 zł,Częstochowa - 17 Czerwca 2025,Brak danych,40 m² - 6950 zł/m²,Brak danych,Brak danych
889,"Nowe mieszkanie 4 pokoje bezczynszowe sprzedaż Sławinek, Lublin",770 000 zł,Lublin - Odświeżono Dnia 15 Lipca 2025,Brak danych,"77,12 m² - 9984.44 zł/m²",4 pokoje,Brak danych
890,3 pokojowe mieszkanie w sercu Tarnowskich Gór,359 000 zł,Brak danych,Brak danych,"53,20 m² - 6748.12 zł/m²",3 pokoje,Brak danych
891,Mieszkanie 3 pokojowe z dużym balkonem,455 000 zł,Brak danych,Brak danych,"61,20 m² - 7434.64 zł/m²",3 pokoje,Brak danych
892,Przytulne mieszkanie 2-pokojowe + komórka lokatorska! bud. 2008 rok,345 000 zł,Toruń - 16 Lipca 2025,Brak danych,"38,83 m² - 8884.88 zł/m²",Brak danych,Brak danych
893,Komfortowe mieszkanie 4-pokojowe - ul. Leśna!,470 000 zł,Brak danych,Brak danych,"51,60 m² - 9108.53 zł/m²",Brak danych,Brak danych
894,⭐Zaraz Gotowe 3 pokoje + Obok Deptaka i Politechniki⭐GARAŻ/BOKS ⭐,455 800 zł,Łódź,Brak danych,55 m² - 8287.27 zł/m²,3 pokoje,Brak danych
895,Duże mieszkanie z miejscem parkingowym,579 200 zł,Brak danych,Brak danych,"72,40 m² - 8000 zł/m²",Brak danych,Brak danych
896,Aktualne Mieszkanie 4 Pokoje Swoszowice Bez PCC,899 000 zł,Kraków,Brak danych,105 m² - 8561.9 zł/m²,4 pokoje,Brak danych
897,"2 pokoje ul. Łepkowskiego, Prądnik Czerwony!",656 064 zł,Kraków,Brak danych,"42,88 m² - 15300 zł/m²",2 pokoje,Brak danych
898,2-pokojowe mieszkanie - Reden,330 000 zł,Brak danych,Brak danych,52 m² - 6346.15 zł/m²,Brak danych,Brak danych
899,2 Pokojowe Mieszkanie NA Muranowie,648 000 zł,Warszawa,Brak danych,36 m² - 18000 zł/m²,2 pokoje,Brak danych
900,Nowy budynek | Stylowe dwa pokoje | Brak PCC!,460 000 zł,Poznań,Brak danych,33 m² - 13939.39 zł/m²,Brak danych,Brak danych
901,"Mieszkanie 3 pok. z tarasem, Różany Potok Umultowo",765 000 zł,Poznań,Brak danych,"69,66 m² - 10981.91 zł/m²",Brak danych,Brak danych
902,Mieszkanie Polki 7 Ursynów 59 m plus komórka,1 100 000 złdo negocjacji,Warszawa,Brak danych,"59,20 m² - 18581.08 zł/m²",Brak danych,Brak danych
903,Najtańsze 2 pokoje wysoki parter 43.5m2 Eustachiewicza 7,229 000 zł,Brak danych,Brak danych,"43,50 m² - 5264.37 zł/m²",2 pokoje,Parter
904,"Mieszkanie u Przybyszewskiego Etap 1 – 72,65 m² + ogródek 26,72 m²",1 335 000 zł,Kraków,Brak danych,"72,65 m² - 18375.77 zł/m²",Brak danych,Brak danych
905,"Nowoczesna kawalerka ul. Wolska 165, budynek 2019",419 999 zł,Warszawa,Brak danych,"21,52 m² - 19516.68 zł/m²",1 pokój,Brak danych
906,"Mieszkanie blisko WOLA PARKU 3 pokoje 77,90 m2 metro Bemowo/ Górce",1 090 000 złdo negocjacji,Warszawa,Brak danych,"77,90 m² - 13992.3 zł/m²",3 pokoje,Brak danych
907,"3 trzy pokoje przy Łazienkach Król, Mokotów 68m2, taras, bezpośrednio.",1 099 000 złdo negocjacji,Warszawa,Brak danych,68 m² - 16161.76 zł/m²,Brak danych,Brak danych
908,"Sprzedam - 3 pokoje, balkon, osobna kuchnia na Jeżycach",420 000 zł,Poznań,Brak danych,47 m² - 8936.17 zł/m²,3 pokoje,Brak danych
909,Mieszkanie M3 wraz z piwnicą oraz z garażem,299 000 złdo negocjacji,Brak danych,Brak danych,61 m² - 4901.64 zł/m²,Brak danych,Brak danych
910,"3 pokoje 60,5m2 Grabskiego dwa balkony!",545 000 zł,Lublin - 16 Lipca 2025,Brak danych,"60,50 m² - 9008.26 zł/m²",3 pokoje,Brak danych
911,Super oferta! Mieszkanie Godne Obejrzenia Wysoki standard wykończenia,515 000 zł,Sosnowiec - 16 Lipca 2025,Brak danych,"77,80 m² - 6619.54 zł/m²",Brak danych,Brak danych
912,Dwa Pokoje - Pierwsze Piętro,389 000 zł,Toruń - 14 Lipca 2025,Brak danych,"43,04 m² - 9038.1 zł/m²",Brak danych,389 piętro
913,"Piękna kawalerka blisko centrum | Podgórze, | Świeżo po remoncie |",469 000 zł,Kraków,Brak danych,"25,40 m² - 18464.57 zł/m²",1 pokój,Brak danych
914,Julianów - piękne mieszkanie w świetnej lokalizacji,529 000 zł,Łódź,Brak danych,69 m² - 7666.67 zł/m²,Brak danych,Brak danych
915,Gotowe do zamieszkania 2 pokojowe mieszkanie na Tetmajera,320 000 złdo negocjacji,Brak danych,Brak danych,"46,04 m² - 6950.48 zł/m²",2 pokoje,Brak danych
916,Przytulna kawalerka antresola Łódź Śródmieście C.O,165 000 zł,Łódź,Brak danych,"13,50 m² - 12222.22 zł/m²",1 pokój,Brak danych
917,Mieszkanie na ul. końcowej,399 000 zł,Toruń - 15 Lipca 2025,Brak danych,"39,59 m² - 10078.3 zł/m²",Brak danych,Brak danych
918,Mieszkanie 2-pokojowe z balkonem os.SIKORNIK - Polecam,359 000 zł,Gliwice,Brak danych,"46,40 m² - 7737.07 zł/m²",Brak danych,Brak danych
919,Mieszkanie na Teofilowie w zielonej okolicy,290 000 zł,Łódź,Brak danych,"37,50 m² - 7733.33 zł/m²",Brak danych,Brak danych
920,Atrakcyjne mieszkanie 4 pokojowe z tarasem 25 m2,1 799 000 zł,Warszawa,Brak danych,"103,23 m² - 17427.1 zł/m²",4 pokoje,Brak danych
921,Mieszkanie 2 pokojowe Kalisz Os Widok,285 000 zł,Brak danych,Brak danych,"32,18 m² - 8856.43 zł/m²",2 pokoje,Brak danych
922,"2 pokojowe mieszkanie, Śródmieście| Kamienica",769 600 zł,Warszawa,Brak danych,"41,60 m² - 18500 zł/m²",2 pokoje,Brak danych
923,Sprzedam mieszkanie Dworcowa 43,309 000 zł,Olsztyn - Dzisiaj O 16:27,Brak danych,39 m² - 7923.08 zł/m²,Brak danych,Brak danych
924,Mieszkanie 1-pokojowe TOP Lokalizacja - własciciel,450 000 zł,Brak danych,Brak danych,30 m² - 15000 zł/m²,Brak danych,Brak danych
925,Słoneczne w pełni wyposażone mieszkanie rozkładowe z loggią,595 000 zł,Poznań,Brak danych,"42,14 m² - 14119.6 zł/m²",Brak danych,Brak danych
926,Sprzedam mieszkanie,920 000 zł,Brak danych,Brak danych,71 m² - 12957.75 zł/m²,Brak danych,Brak danych
927,OKAZJA Mieszkanie 4 pokoje Kapuściska 56/m2 II Piętro,370 000 zł,Bydgoszcz - Dzisiaj O 06:44,Brak danych,56 m² - 6607.14 zł/m²,4 pokoje,370 piętro
928,kawalerka na sprzedaż - Luboń,189 000 złdo negocjacji,Brak danych,Brak danych,22 m² - 8590.91 zł/m²,1 pokój,Brak danych
929,Przy Parku Szczęśliwickim | 3 pokoje+2 łazienki | Meble i AGD w cenie,1 975 000 zł,Warszawa,Brak danych,77 m² - 25649.35 zł/m²,3 pokoje,Brak danych
930,bezpośrednio 3 pokoje do remontu METRO WAWRZYSZEW,595 000 zł,Warszawa,Brak danych,46 m² - 12934.78 zł/m²,3 pokoje,Brak danych
931,Mieszkanie ul.Asnyka Bielsko-Biała dwupokojowe z komórką niskie opłaty,374 530 zł,Bielsko-Biała - 16 Lipca 2025,Brak danych,"34,84 m² - 10750 zł/m²",Brak danych,Brak danych
932,Sprzedam kawalerkę w samym centrum miasta,195 000 zł,Brak danych,Brak danych,27 m² - 7222.22 zł/m²,Brak danych,Brak danych
933,Mieszkanie 2 pok. w Nasutowie gm. Białogard,149 000 zł,Brak danych,Brak danych,"56,43 m² - 2640.44 zł/m²",Brak danych,Brak danych
934,Wyjątkowe 3 pokojowe mieszkanie z ogrodem,608 000 zł,Brak danych,Brak danych,"51,32 m² - 11847.23 zł/m²",3 pokoje,Brak danych
935,Ustane 2 pokoje z balkonem!,230 000 zł,Brak danych,Brak danych,"47,40 m² - 4852.32 zł/m²",2 pokoje,Brak danych
936,Mieszkanie w centrum miasta,329 000 zł,Słupsk - 16 Lipca 2025,Brak danych,85 m² - 3870.59 zł/m²,Brak danych,Brak danych
937,"Atrakcyjne mieszkanie 2-pokojowe Oława , Ul. Południowa ( Nowy Otok )",498 000 zł,Brak danych,Brak danych,"41,50 m² - 12000 zł/m²",Brak danych,Brak danych
938,Wykończone mieszkanie na Zdrowiu,660 000 zł,Łódź,Brak danych,"52,28 m² - 12624.33 zł/m²",Brak danych,Brak danych
939,"3 pokoje, balkon, 57,8 m² – Os. Chopina, Stargard",399 000 zł,Brak danych,Brak danych,"57,80 m² - 6903.11 zł/m²",3 pokoje,Brak danych
940,Ustawne 4 pokoje w zielonej okolicy,790 000 zł,Wrocław,Brak danych,"71,90 m² - 10987.48 zł/m²",4 pokoje,Brak danych
941,2 pokoje po remoncie z balkonem Dąbrowa,339 000 zł,Łódź,Brak danych,"38,16 m² - 8883.65 zł/m²",2 pokoje,Brak danych
942,3-pokoje z balkonem na 1piętrze os.Sady,439 000 zł,Kielce - 16 Lipca 2025,Brak danych,60 m² - 7316.67 zł/m²,Brak danych,Brak danych
943,3 pokoje|parter| ul.Mglista |blisko Zalewu Rybnik,350 000 zł,Rybnik - 15 Lipca 2025,Brak danych,56 m² - 6250 zł/m²,3 pokoje,Parter
944,Bezposrednio sprzedam 2 pokoje - Fort Bema,649 000 zł,Warszawa,Brak danych,34 m² - 19088.24 zł/m²,2 pokoje,Brak danych
945,Sprzedam mieszkanie,315 000 zł,Brak danych,Brak danych,49 m² - 6428.57 zł/m²,Brak danych,Brak danych
946,Jasne i przestronne mieszkanie na Saskiej Kępie,1 250 000 zł,Warszawa,Brak danych,"81,94 m² - 15255.06 zł/m²",Brak danych,Brak danych
947,3 Rozkladowe pokoje po remoncie - blisko UMK,479 000 zł,Toruń - 16 Lipca 2025,Brak danych,"45,19 m² - 10599.69 zł/m²",Brak danych,Brak danych
948,Mieszkanie 40m2 Al.Wolności z miejscem parkingowym i bramą na pilota,278 000 zł,Częstochowa - 17 Czerwca 2025,Brak danych,40 m² - 6950 zł/m²,Brak danych,Brak danych
949,Mieszkanie w centrum -Bez pośredników,419 000 zł,Częstochowa,Brak danych,63 m² - 6650.79 zł/m²,Brak danych,Brak danych
950,Rodzinne 3 pokoje z balkonem -Komórka lok. w cenie,950 000 zł,Warszawa,Brak danych,78 m² - 12179.49 zł/m²,3 pokoje,Brak danych
951,Mieszkanie Inwesctycyjne .Nowa Cena!!!Okazja!!!,242 000 zł,Brak danych,Brak danych,30 m² - 8066.67 zł/m²,Brak danych,Brak danych
952,Mieszkanie 3-pokojowe w centrum miasta,370 000 zł,Brak danych,Brak danych,45 m² - 8222.22 zł/m²,Brak danych,Brak danych
953,Przytulne dwa pokoje na I piętrze z klimatyzacją,269 000 zł,Olsztyn - Dzisiaj O 11:58,Brak danych,"26,30 m² - 10228.14 zł/m²",Brak danych,Brak danych
954,"Winiary - duże, słoneczne mieszkanie 65m2/ piwnica/ balkon",595 000 zł,Poznań,Brak danych,65 m² - 9153.85 zł/m²,Brak danych,Brak danych
955,Nowe 4 pokojowe mieszkanie|założona kw - możliwy zakup na kredyt|winda,649 000 zł,Brak danych,Brak danych,"58,86 m² - 11026.16 zł/m²",4 pokoje,Brak danych
956,"mieszkanie 60m2 z garażem, ogródek, parter ul Główna",312 000 złdo negocjacji,Brak danych,Brak danych,60 m² - 5200 zł/m²,Brak danych,Parter
957,3 pokoje | wysoki standard | przy parku |,1 310 000 zł,Kraków,Brak danych,"64,77 m² - 20225.41 zł/m²",3 pokoje,Brak danych
958,3 pokoje na sprzedaż - Lubin - Zalesie,579 000 zł,Brak danych,Brak danych,"64,70 m² - 8949 zł/m²",3 pokoje,Brak danych
959,Słoneczne jasne mieszkanie na Przytorzu,300 000 złdo negocjacji,Brak danych,Brak danych,"52,74 m² - 5688.28 zł/m²",Brak danych,Brak danych
960,Wygodne 2 pokoje do własnej aranżacji!,199 000 zł,Sosnowiec - Dzisiaj O 19:26,Brak danych,"32,71 m² - 6083.77 zł/m²",2 pokoje,Brak danych
961,Mieszkanie z potencjałem w dzielnicy muzycznej,347 000 zł,Bydgoszcz - Dzisiaj O 14:10,Brak danych,"47,45 m² - 7312.96 zł/m²",Brak danych,Brak danych
962,"Osiedle Leśne, 2 pokoje, I piętro",490 000 zł,Bydgoszcz - 16 Lipca 2025,Brak danych,"54,51 m² - 8989.18 zł/m²",2 pokoje,490 piętro
963,BEZPOŚREDNIO 3-pokojowe mieszkanie z balkonem na os. Braniborskim,499 999 zł,Brak danych,Brak danych,"52,20 m² - 9578.52 zł/m²",Brak danych,Brak danych
964,Mieszkanie 3-pokojowe gotowe do zamieszkania,399 000 zł,Starogard Gdański - 15 Lipca 2025,Brak danych,"48,90 m² - 8159.51 zł/m²",Brak danych,Brak danych
965,PRZESTRONNE Mieszkanie !! IDEALNE dla rodziny M3 ! Rzeszów Drabinianka,536 119 zł,Rzeszów - Odświeżono Dzisiaj O 09:34,Brak danych,"55,27 m² - 9700 zł/m²",Brak danych,Brak danych
966,Nowe mieszkanie w stanie deweloperskim ul. Robotnicza - od ręki!,337 000 zł,Brak danych,Brak danych,"39,08 m² - 8623.34 zł/m²",Brak danych,Brak danych
967,2 pokoje z oddzielną kuchnią,550 000 zł,Warszawa,Brak danych,38 m² - 14473.68 zł/m²,2 pokoje,Brak danych
968,2 Pokoje | Po remoncie | Dolina Trzech Stawów,439 000 zł,Katowice - Dzisiaj O 09:45,Brak danych,43 m² - 10209.3 zł/m²,2 pokoje,Brak danych
969,⭐Przytulne mieszkanie 2- pokojowe ⭐ możliwość zakupu GARAŻU ⭐,205 000 zł,Brak danych,Brak danych,"33,90 m² - 6047.2 zł/m²",Brak danych,Brak danych
970,2 pok mieszkanie na Bemowie osiedle Young City,540 000 zł,Warszawa,Brak danych,30 m² - 18000 zł/m²,Brak danych,Brak danych
971,Kawalerka 30 m² po remoncie | Możliwość 2 pokoi | Wysoki standard,299 000 zł,Brak danych,Brak danych,30 m² - 9966.67 zł/m²,2 pokoje,Brak danych
972,Duża Kawalerka blisko Uniwersytetu Szczecińskiego,395 000 zł,Szczecin,Brak danych,"43,40 m² - 9101.38 zł/m²",1 pokój,Brak danych
973,"Niebuszewo, Mieszkanie 51m2 piętro 1",299 000 zł,Szczecin,Brak danych,"51,22 m² - 5837.56 zł/m²",Brak danych,2 piętro
974,Okazja. Przestronne 3 pokoje + kuchnio-jadalnia + ... !,760 000 zł,Toruń - 14 Czerwca 2025,Brak danych,72 m² - 10555.56 zł/m²,3 pokoje,Brak danych
975,"Nowe Wykończone 2 pokoje 43,4m2 + ogródek 55m2, brak PCC, Właściciel.",859 000 zł,Kraków,Brak danych,"43,40 m² - 19792.63 zł/m²",2 pokoje,Brak danych
976,Mieszkanie 3 pokojowe z balkonem i zielenią za oknem,376 000 zł,Brak danych,Brak danych,48 m² - 7833.33 zł/m²,3 pokoje,Brak danych
977,"2 pokoje, klimatyczne mieszkanie na sprzedaż, winda! [REZERWACJA]",290 000 zł,Łódź,Brak danych,"38,30 m² - 7571.8 zł/m²",2 pokoje,Brak danych
978,"Nowoczesna kawalerka, Wrocław ul. Bierutowska",359 000 zł,Wrocław,Brak danych,"26,50 m² - 13547.17 zł/m²",1 pokój,Brak danych
979,"Kawalerka 28,3m2 z balkonem, do remontu, metro",375 000 zł,Warszawa,Brak danych,"28,30 m² - 13250.88 zł/m²",1 pokój,Brak danych
980,Kawalerka z kuchnią | Górczyn | 32 m² | Widok z 8. piętra,260 000 zł,Gorzów Wielkopolski - Dzisiaj O 16:05,Brak danych,"32,40 m² - 8024.69 zł/m²",1 pokój,Brak danych
981,"Mieszkanie 2-pokojowe, Zajezdnia Wrzeszcz, 47 m²",880 000 zł,Gdańsk,Brak danych,"47,22 m² - 18636.17 zł/m²",Brak danych,Brak danych
982,Mieszkanie 3 pokojowe w starej kamienicy w Siemianowicach Śląskich,185 000 zł,Brak danych,Brak danych,87 m² - 2126.44 zł/m²,3 pokoje,Brak danych
983,Pilnie#2-pokoje# Metro # okazja#,530 000 zł,Warszawa,Brak danych,"37,54 m² - 14118.27 zł/m²",Brak danych,Brak danych
984,⭐Odbierz duży Rabat- 2 pokoje + Hala Garażowa⭐ Umów się na dni Otwarte,618 900 zł,Warszawa - Dzisiaj O 14:14,Brak danych,"41,15 m² - 15040.1 zł/m²",2 pokoje,Brak danych
985,Sprzedam mieszkanie z balkonem !,320 000 zł,Brak danych,Brak danych,"51,26 m² - 6242.68 zł/m²",Brak danych,Brak danych
986,Kawalerka po generalnym remoncie z pięknymi zachodami!,499 000 zł,Warszawa,Brak danych,"30,40 m² - 16414.47 zł/m²",1 pokój,Brak danych
987,Funkcjonalne 2 pokoje z oddzielną kuchnią blisko centrum,369 000 zł,Białystok,Brak danych,"48,40 m² - 7623.97 zł/m²",2 pokoje,Brak danych
988,Mieszkanie do wprowadzenia | Rybnik | Parter,214 000 zł,Rybnik - 15 Lipca 2025,Brak danych,"39,79 m² - 5378.24 zł/m²",Brak danych,Parter
989,Bezczynszowe mieszkanie-6 km od Koszalina!,259 000 zł,Koszalin,Brak danych,"47,50 m² - 5452.63 zł/m²",Brak danych,Brak danych
990,"Mieszkanie (54,8 mkw.) Opalenica, os. Centrum",367 160 zł,Brak danych,Brak danych,"54,80 m² - 6700 zł/m²",Brak danych,Brak danych
991,Gdańsk Mieszkanie 2 pokoje wykończone PRYWATNIE,545 000 zł,Gdańsk - 16 Lipca 2025,Brak danych,39 m² - 13974.36 zł/m²,2 pokoje,Brak danych
992,3 pokojowe mieszkanie za Sterem ul. Gen. Maczka,649 000 zł,Szczecin,Brak danych,71 m² - 9140.85 zł/m²,3 pokoje,Brak danych
993,Słoneczne jasne mieszkanie na Przytorzu,300 000 złdo negocjacji,Brak danych,Brak danych,"52,74 m² - 5688.28 zł/m²",Brak danych,Brak danych
994,Mieszkanie z 3 sypialniami na parterze w Łowiczu,565 000 zł,Brak danych,Brak danych,"75,91 m² - 7443.02 zł/m²",Brak danych,Parter
995,Mieszkanie z potrójnym potencjałem,449 000 zł,Brak danych,Brak danych,"55,90 m² - 8032.2 zł/m²",Brak danych,Brak danych
996,Wygodne 2 pokoje do własnej aranżacji!,199 000 zł,Sosnowiec - Dzisiaj O 19:26,Brak danych,"32,71 m² - 6083.77 zł/m²",2 pokoje,Brak danych
997,Mieszkanie z potencjałem w dzielnicy muzycznej,347 000 zł,Bydgoszcz - Dzisiaj O 14:10,Brak danych,"47,45 m² - 7312.96 zł/m²",Brak danych,Brak danych
998,"Osiedle Leśne, 2 pokoje, I piętro",490 000 zł,Bydgoszcz - 16 Lipca 2025,Brak danych,"54,51 m² - 8989.18 zł/m²",2 pokoje,490 piętro
999,PRZESTRONNE Mieszkanie !! IDEALNE dla rodziny M3 ! Rzeszów Drabinianka,536 119 zł,Rzeszów - Odświeżono Dzisiaj O 09:34,Brak danych,"55,27 m² - 9700 zł/m²",Brak danych,Brak danych
1000,Nowe mieszkanie w stanie deweloperskim ul. Robotnicza - od ręki!,337 000 zł,Brak danych,Brak danych,"39,08 m² - 8623.34 zł/m²",Brak danych,Brak danych
1001,BEZPOŚREDNIO 3-pokojowe mieszkanie z balkonem na os. Braniborskim,499 999 zł,Brak danych,Brak danych,"52,20 m² - 9578.52 zł/m²",Brak danych,Brak danych
1002,Mieszkanie 3-pokojowe gotowe do zamieszkania,399 000 zł,Starogard Gdański - 15 Lipca 2025,Brak danych,"48,90 m² - 8159.51 zł/m²",Brak danych,Brak danych
1003,2 pokoje z oddzielną kuchnią,550 000 zł,Warszawa,Brak danych,38 m² - 14473.68 zł/m²,2 pokoje,Brak danych
1004,2 Pokoje | Po remoncie | Dolina Trzech Stawów,439 000 zł,Katowice - Dzisiaj O 09:45,Brak danych,43 m² - 10209.3 zł/m²,2 pokoje,Brak danych
1005,⭐Przytulne mieszkanie 2- pokojowe ⭐ możliwość zakupu GARAŻU ⭐,205 000 zł,Brak danych,Brak danych,"33,90 m² - 6047.2 zł/m²",Brak danych,Brak danych
1006,2 pok mieszkanie na Bemowie osiedle Young City,540 000 zł,Warszawa,Brak danych,30 m² - 18000 zł/m²,Brak danych,Brak danych
1007,Kawalerka 30 m² po remoncie | Możliwość 2 pokoi | Wysoki standard,299 000 zł,Brak danych,Brak danych,30 m² - 9966.67 zł/m²,2 pokoje,Brak danych
1008,Duża Kawalerka blisko Uniwersytetu Szczecińskiego,395 000 zł,Szczecin,Brak danych,"43,40 m² - 9101.38 zł/m²",1 pokój,Brak danych
1009,Okazja. Przestronne 3 pokoje + kuchnio-jadalnia + ... !,760 000 zł,Toruń - 14 Czerwca 2025,Brak danych,72 m² - 10555.56 zł/m²,3 pokoje,Brak danych
1010,⭐Odbierz duży Rabat- 2 pokoje + Hala Garażowa⭐ Umów się na dni Otwarte,618 900 zł,Warszawa - Dzisiaj O 14:14,Brak danych,"41,15 m² - 15040.1 zł/m²",2 pokoje,Brak danych
1011,"Niebuszewo, Mieszkanie 51m2 piętro 1",299 000 zł,Szczecin,Brak danych,"51,22 m² - 5837.56 zł/m²",Brak danych,2 piętro
1012,Mieszkanie 3 pokojowe z balkonem i zielenią za oknem,376 000 zł,Brak danych,Brak danych,48 m² - 7833.33 zł/m²,3 pokoje,Brak danych
1013,"2 pokoje, klimatyczne mieszkanie na sprzedaż, winda! [REZERWACJA]",290 000 zł,Łódź,Brak danych,"38,30 m² - 7571.8 zł/m²",2 pokoje,Brak danych
1014,"Nowoczesna kawalerka, Wrocław ul. Bierutowska",359 000 zł,Wrocław,Brak danych,"26,50 m² - 13547.17 zł/m²",1 pokój,Brak danych
1015,"Kawalerka 28,3m2 z balkonem, do remontu, metro",375 000 zł,Warszawa,Brak danych,"28,30 m² - 13250.88 zł/m²",1 pokój,Brak danych
1016,Kawalerka z kuchnią | Górczyn | 32 m² | Widok z 8. piętra,260 000 zł,Gorzów Wielkopolski - Dzisiaj O 16:05,Brak danych,"32,40 m² - 8024.69 zł/m²",1 pokój,Brak danych
1017,"Mieszkanie 2-pokojowe, Zajezdnia Wrzeszcz, 47 m²",880 000 zł,Gdańsk,Brak danych,"47,22 m² - 18636.17 zł/m²",Brak danych,Brak danych
1018,Sprzedam mieszkanie z balkonem !,320 000 zł,Brak danych,Brak danych,"51,26 m² - 6242.68 zł/m²",Brak danych,Brak danych
1019,Mieszkanie Opole ZWM 51M2 2 Pokoje Balkon Winda dla niepełnosprawnych,499 000 złdo negocjacji,Opole - Odświeżono Dnia 16 Lipca 2025,Brak danych,50 m² - 9980 zł/m²,2 pokoje,Brak danych
1020,Mieszkanie 3 pokojowe w starej kamienicy w Siemianowicach Śląskich,185 000 zł,Brak danych,Brak danych,87 m² - 2126.44 zł/m²,3 pokoje,Brak danych
1021,Pilnie#2-pokoje# Metro # okazja#,530 000 zł,Warszawa,Brak danych,"37,54 m² - 14118.27 zł/m²",Brak danych,Brak danych
1022,Kawalerka po generalnym remoncie z pięknymi zachodami!,499 000 zł,Warszawa,Brak danych,"30,40 m² - 16414.47 zł/m²",1 pokój,Brak danych
1023,Funkcjonalne 2 pokoje z oddzielną kuchnią blisko centrum,369 000 zł,Białystok,Brak danych,"48,40 m² - 7623.97 zł/m²",2 pokoje,Brak danych
1024,Mieszkanie do wprowadzenia | Rybnik | Parter,214 000 zł,Rybnik - 15 Lipca 2025,Brak danych,"39,79 m² - 5378.24 zł/m²",Brak danych,Parter
1025,Bezczynszowe mieszkanie-6 km od Koszalina!,259 000 zł,Koszalin,Brak danych,"47,50 m² - 5452.63 zł/m²",Brak danych,Brak danych
1026,"Mieszkanie (54,8 mkw.) Opalenica, os. Centrum",367 160 zł,Brak danych,Brak danych,"54,80 m² - 6700 zł/m²",Brak danych,Brak danych
1027,Słoneczne jasne mieszkanie na Przytorzu,300 000 złdo negocjacji,Brak danych,Brak danych,"52,74 m² - 5688.28 zł/m²",Brak danych,Brak danych
1028,Mieszkanie z 3 sypialniami na parterze w Łowiczu,565 000 zł,Brak danych,Brak danych,"75,91 m² - 7443.02 zł/m²",Brak danych,Parter
1029,Mieszkanie z potrójnym potencjałem,449 000 zł,Brak danych,Brak danych,"55,90 m² - 8032.2 zł/m²",Brak danych,Brak danych
1030,Wygodne 2 pokoje do własnej aranżacji!,199 000 zł,Sosnowiec - Dzisiaj O 19:26,Brak danych,"32,71 m² - 6083.77 zł/m²",2 pokoje,Brak danych
1031,Mieszkanie z potencjałem w dzielnicy muzycznej,347 000 zł,Bydgoszcz - Dzisiaj O 14:10,Brak danych,"47,45 m² - 7312.96 zł/m²",Brak danych,Brak danych
1032,"Osiedle Leśne, 2 pokoje, I piętro",490 000 zł,Bydgoszcz - 16 Lipca 2025,Brak danych,"54,51 m² - 8989.18 zł/m²",2 pokoje,490 piętro
1033,PRZESTRONNE Mieszkanie !! IDEALNE dla rodziny M3 ! Rzeszów Drabinianka,536 119 zł,Rzeszów - Odświeżono Dzisiaj O 09:34,Brak danych,"55,27 m² - 9700 zł/m²",Brak danych,Brak danych
1034,Nowe mieszkanie w stanie deweloperskim ul. Robotnicza - od ręki!,337 000 zł,Brak danych,Brak danych,"39,08 m² - 8623.34 zł/m²",Brak danych,Brak danych
1035,BEZPOŚREDNIO 3-pokojowe mieszkanie z balkonem na os. Braniborskim,499 999 zł,Brak danych,Brak danych,"52,20 m² - 9578.52 zł/m²",Brak danych,Brak danych
1036,Mieszkanie 3-pokojowe gotowe do zamieszkania,399 000 zł,Starogard Gdański - 15 Lipca 2025,Brak danych,"48,90 m² - 8159.51 zł/m²",Brak danych,Brak danych
1037,2 pokoje z oddzielną kuchnią,550 000 zł,Warszawa,Brak danych,38 m² - 14473.68 zł/m²,2 pokoje,Brak danych
1038,2 Pokoje | Po remoncie | Dolina Trzech Stawów,439 000 zł,Katowice - Dzisiaj O 09:45,Brak danych,43 m² - 10209.3 zł/m²,2 pokoje,Brak danych
1039,⭐Przytulne mieszkanie 2- pokojowe ⭐ możliwość zakupu GARAŻU ⭐,205 000 zł,Brak danych,Brak danych,"33,90 m² - 6047.2 zł/m²",Brak danych,Brak danych
1040,2 pok mieszkanie na Bemowie osiedle Young City,540 000 zł,Warszawa,Brak danych,30 m² - 18000 zł/m²,Brak danych,Brak danych
1041,Kawalerka 30 m² po remoncie | Możliwość 2 pokoi | Wysoki standard,299 000 zł,Brak danych,Brak danych,30 m² - 9966.67 zł/m²,2 pokoje,Brak danych
1042,Duża Kawalerka blisko Uniwersytetu Szczecińskiego,395 000 zł,Szczecin,Brak danych,"43,40 m² - 9101.38 zł/m²",1 pokój,Brak danych
1043,Okazja. Przestronne 3 pokoje + kuchnio-jadalnia + ... !,760 000 zł,Toruń - 14 Czerwca 2025,Brak danych,72 m² - 10555.56 zł/m²,3 pokoje,Brak danych
1044,"Nowe Wykończone 2 pokoje 43,4m2 + ogródek 55m2, brak PCC, Właściciel.",859 000 zł,Kraków,Brak danych,"43,40 m² - 19792.63 zł/m²",2 pokoje,Brak danych
1045,"Niebuszewo, Mieszkanie 51m2 piętro 1",299 000 zł,Szczecin,Brak danych,"51,22 m² - 5837.56 zł/m²",Brak danych,2 piętro
1046,Mieszkanie 3 pokojowe z balkonem i zielenią za oknem,376 000 zł,Brak danych,Brak danych,48 m² - 7833.33 zł/m²,3 pokoje,Brak danych
1047,"2 pokoje, klimatyczne mieszkanie na sprzedaż, winda! [REZERWACJA]",290 000 zł,Łódź,Brak danych,"38,30 m² - 7571.8 zł/m²",2 pokoje,Brak danych
1048,"Nowoczesna kawalerka, Wrocław ul. Bierutowska",359 000 zł,Wrocław,Brak danych,"26,50 m² - 13547.17 zł/m²",1 pokój,Brak danych
1049,"Kawalerka 28,3m2 z balkonem, do remontu, metro",375 000 zł,Warszawa,Brak danych,"28,30 m² - 13250.88 zł/m²",1 pokój,Brak danych
1050,Kawalerka z kuchnią | Górczyn | 32 m² | Widok z 8. piętra,260 000 zł,Gorzów Wielkopolski - Dzisiaj O 16:05,Brak danych,"32,40 m² - 8024.69 zł/m²",1 pokój,Brak danych
1051,"Mieszkanie 2-pokojowe, Zajezdnia Wrzeszcz, 47 m²",880 000 zł,Gdańsk,Brak danych,"47,22 m² - 18636.17 zł/m²",Brak danych,Brak danych
1052,⭐Odbierz duży Rabat- 2 pokoje + Hala Garażowa⭐ Umów się na dni Otwarte,618 900 zł,Warszawa - Dzisiaj O 14:14,Brak danych,"41,15 m² - 15040.1 zł/m²",2 pokoje,Brak danych
1053,Sprzedam mieszkanie 3-pokojowe,650 000 zł,Opole - 16 Lipca 2025,Brak danych,"61,68 m² - 10538.26 zł/m²",Brak danych,Brak danych
1054,Mieszkanie 3 pokojowe w starej kamienicy w Siemianowicach Śląskich,185 000 zł,Brak danych,Brak danych,87 m² - 2126.44 zł/m²,3 pokoje,Brak danych
1055,Pilnie#2-pokoje# Metro # okazja#,530 000 zł,Warszawa,Brak danych,"37,54 m² - 14118.27 zł/m²",Brak danych,Brak danych
1056,Kawalerka po generalnym remoncie z pięknymi zachodami!,499 000 zł,Warszawa,Brak danych,"30,40 m² - 16414.47 zł/m²",1 pokój,Brak danych
1057,Funkcjonalne 2 pokoje z oddzielną kuchnią blisko centrum,369 000 zł,Białystok,Brak danych,"48,40 m² - 7623.97 zł/m²",2 pokoje,Brak danych
1058,Mieszkanie do wprowadzenia | Rybnik | Parter,214 000 zł,Rybnik - 15 Lipca 2025,Brak danych,"39,79 m² - 5378.24 zł/m²",Brak danych,Parter
1059,Bezczynszowe mieszkanie-6 km od Koszalina!,259 000 zł,Koszalin,Brak danych,"47,50 m² - 5452.63 zł/m²",Brak danych,Brak danych
1060,"Mieszkanie (54,8 mkw.) Opalenica, os. Centrum",367 160 zł,Brak danych,Brak danych,"54,80 m² - 6700 zł/m²",Brak danych,Brak danych
1061,Słoneczne jasne mieszkanie na Przytorzu,300 000 złdo negocjacji,Brak danych,Brak danych,"52,74 m² - 5688.28 zł/m²",Brak danych,Brak danych
1062,Mieszkanie z 3 sypialniami na parterze w Łowiczu,565 000 zł,Brak danych,Brak danych,"75,91 m² - 7443.02 zł/m²",Brak danych,Parter
1063,Mieszkanie z potrójnym potencjałem,449 000 zł,Brak danych,Brak danych,"55,90 m² - 8032.2 zł/m²",Brak danych,Brak danych
1064,Wygodne 2 pokoje do własnej aranżacji!,199 000 zł,Sosnowiec - Dzisiaj O 19:26,Brak danych,"32,71 m² - 6083.77 zł/m²",2 pokoje,Brak danych
1065,Mieszkanie z potencjałem w dzielnicy muzycznej,347 000 zł,Bydgoszcz - Dzisiaj O 14:10,Brak danych,"47,45 m² - 7312.96 zł/m²",Brak danych,Brak danych
1066,"Osiedle Leśne, 2 pokoje, I piętro",490 000 zł,Bydgoszcz - 16 Lipca 2025,Brak danych,"54,51 m² - 8989.18 zł/m²",2 pokoje,490 piętro
1067,PRZESTRONNE Mieszkanie !! IDEALNE dla rodziny M3 ! Rzeszów Drabinianka,536 119 zł,Rzeszów - Odświeżono Dzisiaj O 09:34,Brak danych,"55,27 m² - 9700 zł/m²",Brak danych,Brak danych
1068,BEZPOŚREDNIO 3-pokojowe mieszkanie z balkonem na os. Braniborskim,499 999 zł,Brak danych,Brak danych,"52,20 m² - 9578.52 zł/m²",Brak danych,Brak danych
1069,Mieszkanie 3-pokojowe gotowe do zamieszkania,399 000 zł,Starogard Gdański - 15 Lipca 2025,Brak danych,"48,90 m² - 8159.51 zł/m²",Brak danych,Brak danych
1070,2 pokoje z oddzielną kuchnią,550 000 zł,Warszawa,Brak danych,38 m² - 14473.68 zł/m²,2 pokoje,Brak danych
1071,2 Pokoje | Po remoncie | Dolina Trzech Stawów,439 000 zł,Katowice - Dzisiaj O 09:45,Brak danych,43 m² - 10209.3 zł/m²,2 pokoje,Brak danych
1072,⭐Przytulne mieszkanie 2- pokojowe ⭐ możliwość zakupu GARAŻU ⭐,205 000 zł,Brak danych,Brak danych,"33,90 m² - 6047.2 zł/m²",Brak danych,Brak danych
1073,2 pok mieszkanie na Bemowie osiedle Young City,540 000 zł,Warszawa,Brak danych,30 m² - 18000 zł/m²,Brak danych,Brak danych
1074,Kawalerka 30 m² po remoncie | Możliwość 2 pokoi | Wysoki standard,299 000 zł,Brak danych,Brak danych,30 m² - 9966.67 zł/m²,2 pokoje,Brak danych
1075,Duża Kawalerka blisko Uniwersytetu Szczecińskiego,395 000 zł,Szczecin,Brak danych,"43,40 m² - 9101.38 zł/m²",1 pokój,Brak danych
1076,Nowe mieszkanie w stanie deweloperskim ul. Robotnicza - od ręki!,337 000 zł,Brak danych,Brak danych,"39,08 m² - 8623.34 zł/m²",Brak danych,Brak danych
1077,Okazja. Przestronne 3 pokoje + kuchnio-jadalnia + ... !,760 000 zł,Toruń - 14 Czerwca 2025,Brak danych,72 m² - 10555.56 zł/m²,3 pokoje,Brak danych
1078,"Nowe Wykończone 2 pokoje 43,4m2 + ogródek 55m2, brak PCC, Właściciel.",859 000 zł,Kraków,Brak danych,"43,40 m² - 19792.63 zł/m²",2 pokoje,Brak danych
1079,"Niebuszewo, Mieszkanie 51m2 piętro 1",299 000 zł,Szczecin,Brak danych,"51,22 m² - 5837.56 zł/m²",Brak danych,2 piętro
1080,Mieszkanie 3 pokojowe z balkonem i zielenią za oknem,376 000 zł,Brak danych,Brak danych,48 m² - 7833.33 zł/m²,3 pokoje,Brak danych
1081,"2 pokoje, klimatyczne mieszkanie na sprzedaż, winda! [REZERWACJA]",290 000 zł,Łódź,Brak danych,"38,30 m² - 7571.8 zł/m²",2 pokoje,Brak danych
1082,"Nowoczesna kawalerka, Wrocław ul. Bierutowska",359 000 zł,Wrocław,Brak danych,"26,50 m² - 13547.17 zł/m²",1 pokój,Brak danych
1083,"Kawalerka 28,3m2 z balkonem, do remontu, metro",375 000 zł,Warszawa,Brak danych,"28,30 m² - 13250.88 zł/m²",1 pokój,Brak danych
1084,Kawalerka z kuchnią | Górczyn | 32 m² | Widok z 8. piętra,260 000 zł,Gorzów Wielkopolski - Dzisiaj O 16:05,Brak danych,"32,40 m² - 8024.69 zł/m²",1 pokój,Brak danych
1085,"Mieszkanie 2-pokojowe, Zajezdnia Wrzeszcz, 47 m²",880 000 zł,Gdańsk,Brak danych,"47,22 m² - 18636.17 zł/m²",Brak danych,Brak danych
1086,⭐Odbierz duży Rabat- 2 pokoje + Hala Garażowa⭐ Umów się na dni Otwarte,618 900 zł,Warszawa - Dzisiaj O 14:14,Brak danych,"41,15 m² - 15040.1 zł/m²",2 pokoje,Brak danych
1087,Mieszkanie Opole ZWM 51M2 2 Pokoje Balkon Winda dla niepełnosprawnych,499 000 złdo negocjacji,Opole - Odświeżono Dnia 16 Lipca 2025,Brak danych,50 m² - 9980 zł/m²,2 pokoje,Brak danych
1088,Mieszkanie 3 pokojowe w starej kamienicy w Siemianowicach Śląskich,185 000 zł,Brak danych,Brak danych,87 m² - 2126.44 zł/m²,3 pokoje,Brak danych
1089,Pilnie#2-pokoje# Metro # okazja#,530 000 zł,Warszawa,Brak danych,"37,54 m² - 14118.27 zł/m²",Brak danych,Brak danych
1090,Kawalerka po generalnym remoncie z pięknymi zachodami!,499 000 zł,Warszawa,Brak danych,"30,40 m² - 16414.47 zł/m²",1 pokój,Brak danych
1091,Funkcjonalne 2 pokoje z oddzielną kuchnią blisko centrum,369 000 zł,Białystok,Brak danych,"48,40 m² - 7623.97 zł/m²",2 pokoje,Brak danych
1092,Mieszkanie do wprowadzenia | Rybnik | Parter,214 000 zł,Rybnik - 15 Lipca 2025,Brak danych,"39,79 m² - 5378.24 zł/m²",Brak danych,Parter
1093,Bezczynszowe mieszkanie-6 km od Koszalina!,259 000 zł,Koszalin,Brak danych,"47,50 m² - 5452.63 zł/m²",Brak danych,Brak danych
1094,"Mieszkanie (54,8 mkw.) Opalenica, os. Centrum",367 160 zł,Brak danych,Brak danych,"54,80 m² - 6700 zł/m²",Brak danych,Brak danych
1095,Słoneczne jasne mieszkanie na Przytorzu,300 000 złdo negocjacji,Brak danych,Brak danych,"52,74 m² - 5688.28 zł/m²",Brak danych,Brak danych
1096,Mieszkanie z 3 sypialniami na parterze w Łowiczu,565 000 zł,Brak danych,Brak danych,"75,91 m² - 7443.02 zł/m²",Brak danych,Parter
1097,Mieszkanie z potrójnym potencjałem,449 000 zł,Brak danych,Brak danych,"55,90 m² - 8032.2 zł/m²",Brak danych,Brak danych
1098,Wygodne 2 pokoje do własnej aranżacji!,199 000 zł,Sosnowiec - Dzisiaj O 19:26,Brak danych,"32,71 m² - 6083.77 zł/m²",2 pokoje,Brak danych
1099,Mieszkanie z potencjałem w dzielnicy muzycznej,347 000 zł,Bydgoszcz - Dzisiaj O 14:10,Brak danych,"47,45 m² - 7312.96 zł/m²",Brak danych,Brak danych
1100,"Osiedle Leśne, 2 pokoje, I piętro",490 000 zł,Bydgoszcz - 16 Lipca 2025,Brak danych,"54,51 m² - 8989.18 zł/m²",2 pokoje,490 piętro
1101,PRZESTRONNE Mieszkanie !! IDEALNE dla rodziny M3 ! Rzeszów Drabinianka,536 119 zł,Rzeszów - Odświeżono Dzisiaj O 09:34,Brak danych,"55,27 m² - 9700 zł/m²",Brak danych,Brak danych
1102,BEZPOŚREDNIO 3-pokojowe mieszkanie z balkonem na os. Braniborskim,499 999 zł,Brak danych,Brak danych,"52,20 m² - 9578.52 zł/m²",Brak danych,Brak danych
1103,Mieszkanie 3-pokojowe gotowe do zamieszkania,399 000 zł,Starogard Gdański - 15 Lipca 2025,Brak danych,"48,90 m² - 8159.51 zł/m²",Brak danych,Brak danych
1104,2 pokoje z oddzielną kuchnią,550 000 zł,Warszawa,Brak danych,38 m² - 14473.68 zł/m²,2 pokoje,Brak danych
1105,2 Pokoje | Po remoncie | Dolina Trzech Stawów,439 000 zł,Katowice - Dzisiaj O 09:45,Brak danych,43 m² - 10209.3 zł/m²,2 pokoje,Brak danych
1106,⭐Przytulne mieszkanie 2- pokojowe ⭐ możliwość zakupu GARAŻU ⭐,205 000 zł,Brak danych,Brak danych,"33,90 m² - 6047.2 zł/m²",Brak danych,Brak danych
1107,2 pok mieszkanie na Bemowie osiedle Young City,540 000 zł,Warszawa,Brak danych,30 m² - 18000 zł/m²,Brak danych,Brak danych
1108,Kawalerka 30 m² po remoncie | Możliwość 2 pokoi | Wysoki standard,299 000 zł,Brak danych,Brak danych,30 m² - 9966.67 zł/m²,2 pokoje,Brak danych
1109,Duża Kawalerka blisko Uniwersytetu Szczecińskiego,395 000 zł,Szczecin,Brak danych,"43,40 m² - 9101.38 zł/m²",1 pokój,Brak danych
1110,Nowe mieszkanie w stanie deweloperskim ul. Robotnicza - od ręki!,337 000 zł,Brak danych,Brak danych,"39,08 m² - 8623.34 zł/m²",Brak danych,Brak danych
1111,Okazja. Przestronne 3 pokoje + kuchnio-jadalnia + ... !,760 000 zł,Toruń - 14 Czerwca 2025,Brak danych,72 m² - 10555.56 zł/m²,3 pokoje,Brak danych
1112,"Nowe Wykończone 2 pokoje 43,4m2 + ogródek 55m2, brak PCC, Właściciel.",859 000 zł,Kraków,Brak danych,"43,40 m² - 19792.63 zł/m²",2 pokoje,Brak danych
1113,"Niebuszewo, Mieszkanie 51m2 piętro 1",299 000 zł,Szczecin,Brak danych,"51,22 m² - 5837.56 zł/m²",Brak danych,2 piętro
1114,Mieszkanie 3 pokojowe z balkonem i zielenią za oknem,376 000 zł,Brak danych,Brak danych,48 m² - 7833.33 zł/m²,3 pokoje,Brak danych
1115,"2 pokoje, klimatyczne mieszkanie na sprzedaż, winda! [REZERWACJA]",290 000 zł,Łódź,Brak danych,"38,30 m² - 7571.8 zł/m²",2 pokoje,Brak danych
1116,"Kawalerka 28,3m2 z balkonem, do remontu, metro",375 000 zł,Warszawa,Brak danych,"28,30 m² - 13250.88 zł/m²",1 pokój,Brak danych
1117,Kawalerka z kuchnią | Górczyn | 32 m² | Widok z 8. piętra,260 000 zł,Gorzów Wielkopolski - Dzisiaj O 16:05,Brak danych,"32,40 m² - 8024.69 zł/m²",1 pokój,Brak danych
1118,"Mieszkanie 2-pokojowe, Zajezdnia Wrzeszcz, 47 m²",880 000 zł,Gdańsk,Brak danych,"47,22 m² - 18636.17 zł/m²",Brak danych,Brak danych
1119,Mieszkanie 3 pokojowe w starej kamienicy w Siemianowicach Śląskich,185 000 zł,Brak danych,Brak danych,87 m² - 2126.44 zł/m²,3 pokoje,Brak danych
1120,⭐Odbierz duży Rabat- 2 pokoje + Hala Garażowa⭐ Umów się na dni Otwarte,618 900 zł,Warszawa - Dzisiaj O 14:14,Brak danych,"41,15 m² - 15040.1 zł/m²",2 pokoje,Brak danych
1121,Mieszkanie Opole ZWM 51M2 2 Pokoje Balkon Winda dla niepełnosprawnych,499 000 złdo negocjacji,Opole - Odświeżono Dnia 16 Lipca 2025,Brak danych,50 m² - 9980 zł/m²,2 pokoje,Brak danych
1122,Pilnie#2-pokoje# Metro # okazja#,530 000 zł,Warszawa,Brak danych,"37,54 m² - 14118.27 zł/m²",Brak danych,Brak danych
1123,Kawalerka po generalnym remoncie z pięknymi zachodami!,499 000 zł,Warszawa,Brak danych,"30,40 m² - 16414.47 zł/m²",1 pokój,Brak danych
1124,Funkcjonalne 2 pokoje z oddzielną kuchnią blisko centrum,369 000 zł,Białystok,Brak danych,"48,40 m² - 7623.97 zł/m²",2 pokoje,Brak danych
1125,"Nowoczesna kawalerka, Wrocław ul. Bierutowska",359 000 zł,Wrocław,Brak danych,"26,50 m² - 13547.17 zł/m²",1 pokój,Brak danych
1126,Mieszkanie do wprowadzenia | Rybnik | Parter,214 000 zł,Rybnik - 15 Lipca 2025,Brak danych,"39,79 m² - 5378.24 zł/m²",Brak danych,Parter
1127,Bezczynszowe mieszkanie-6 km od Koszalina!,259 000 zł,Koszalin,Brak danych,"47,50 m² - 5452.63 zł/m²",Brak danych,Brak danych
1128,"Mieszkanie (54,8 mkw.) Opalenica, os. Centrum",367 160 zł,Brak danych,Brak danych,"54,80 m² - 6700 zł/m²",Brak danych,Brak danych
1129,Słoneczne jasne mieszkanie na Przytorzu,300 000 złdo negocjacji,Brak danych,Brak danych,"52,74 m² - 5688.28 zł/m²",Brak danych,Brak danych
1130,Mieszkanie z 3 sypialniami na parterze w Łowiczu,565 000 zł,Brak danych,Brak danych,"75,91 m² - 7443.02 zł/m²",Brak danych,Parter
1131,Mieszkanie z potrójnym potencjałem,449 000 zł,Brak danych,Brak danych,"55,90 m² - 8032.2 zł/m²",Brak danych,Brak danych
1132,Wygodne 2 pokoje do własnej aranżacji!,199 000 zł,Sosnowiec - Dzisiaj O 19:26,Brak danych,"32,71 m² - 6083.77 zł/m²",2 pokoje,Brak danych
1133,Mieszkanie z potencjałem w dzielnicy muzycznej,347 000 zł,Bydgoszcz - Dzisiaj O 14:10,Brak danych,"47,45 m² - 7312.96 zł/m²",Brak danych,Brak danych
1134,"Osiedle Leśne, 2 pokoje, I piętro",490 000 zł,Bydgoszcz - 16 Lipca 2025,Brak danych,"54,51 m² - 8989.18 zł/m²",2 pokoje,490 piętro
1135,PRZESTRONNE Mieszkanie !! IDEALNE dla rodziny M3 ! Rzeszów Drabinianka,536 119 zł,Rzeszów - Odświeżono Dzisiaj O 09:34,Brak danych,"55,27 m² - 9700 zł/m²",Brak danych,Brak danych
1136,BEZPOŚREDNIO 3-pokojowe mieszkanie z balkonem na os. Braniborskim,499 999 zł,Brak danych,Brak danych,"52,20 m² - 9578.52 zł/m²",Brak danych,Brak danych
1137,Mieszkanie 3-pokojowe gotowe do zamieszkania,399 000 zł,Starogard Gdański - 15 Lipca 2025,Brak danych,"48,90 m² - 8159.51 zł/m²",Brak danych,Brak danych
1138,2 pokoje z oddzielną kuchnią,550 000 zł,Warszawa,Brak danych,38 m² - 14473.68 zł/m²,2 pokoje,Brak danych
1139,2 Pokoje | Po remoncie | Dolina Trzech Stawów,439 000 zł,Katowice - Dzisiaj O 09:45,Brak danych,43 m² - 10209.3 zł/m²,2 pokoje,Brak danych
1140,⭐Przytulne mieszkanie 2- pokojowe ⭐ możliwość zakupu GARAŻU ⭐,205 000 zł,Brak danych,Brak danych,"33,90 m² - 6047.2 zł/m²",Brak danych,Brak danych
1141,2 pok mieszkanie na Bemowie osiedle Young City,540 000 zł,Warszawa,Brak danych,30 m² - 18000 zł/m²,Brak danych,Brak danych
1142,Kawalerka 30 m² po remoncie | Możliwość 2 pokoi | Wysoki standard,299 000 zł,Brak danych,Brak danych,30 m² - 9966.67 zł/m²,2 pokoje,Brak danych
1143,Duża Kawalerka blisko Uniwersytetu Szczecińskiego,395 000 zł,Szczecin,Brak danych,"43,40 m² - 9101.38 zł/m²",1 pokój,Brak danych
1144,Nowe mieszkanie w stanie deweloperskim ul. Robotnicza - od ręki!,337 000 zł,Brak danych,Brak danych,"39,08 m² - 8623.34 zł/m²",Brak danych,Brak danych
1145,Okazja. Przestronne 3 pokoje + kuchnio-jadalnia + ... !,760 000 zł,Toruń - 14 Czerwca 2025,Brak danych,72 m² - 10555.56 zł/m²,3 pokoje,Brak danych
1146,"Nowe Wykończone 2 pokoje 43,4m2 + ogródek 55m2, brak PCC, Właściciel.",859 000 zł,Kraków,Brak danych,"43,40 m² - 19792.63 zł/m²",2 pokoje,Brak danych
1147,"Niebuszewo, Mieszkanie 51m2 piętro 1",299 000 zł,Szczecin,Brak danych,"51,22 m² - 5837.56 zł/m²",Brak danych,2 piętro
1148,Mieszkanie 3 pokojowe z balkonem i zielenią za oknem,376 000 zł,Brak danych,Brak danych,48 m² - 7833.33 zł/m²,3 pokoje,Brak danych
1149,"2 pokoje, klimatyczne mieszkanie na sprzedaż, winda! [REZERWACJA]",290 000 zł,Łódź,Brak danych,"38,30 m² - 7571.8 zł/m²",2 pokoje,Brak danych
1150,"Kawalerka 28,3m2 z balkonem, do remontu, metro",375 000 zł,Warszawa,Brak danych,"28,30 m² - 13250.88 zł/m²",1 pokój,Brak danych
1151,Kawalerka z kuchnią | Górczyn | 32 m² | Widok z 8. piętra,260 000 zł,Gorzów Wielkopolski - Dzisiaj O 16:05,Brak danych,"32,40 m² - 8024.69 zł/m²",1 pokój,Brak danych
1152,"Mieszkanie 2-pokojowe, Zajezdnia Wrzeszcz, 47 m²",880 000 zł,Gdańsk,Brak danych,"47,22 m² - 18636.17 zł/m²",Brak danych,Brak danych
1153,Mieszkanie 3 pokojowe w starej kamienicy w Siemianowicach Śląskich,185 000 zł,Brak danych,Brak danych,87 m² - 2126.44 zł/m²,3 pokoje,Brak danych
1154,⭐Odbierz duży Rabat- 2 pokoje + Hala Garażowa⭐ Umów się na dni Otwarte,618 900 zł,Warszawa - Dzisiaj O 14:14,Brak danych,"41,15 m² - 15040.1 zł/m²",2 pokoje,Brak danych
1155,Mieszkanie Opole ZWM 51M2 2 Pokoje Balkon Winda dla niepełnosprawnych,499 000 złdo negocjacji,Opole - Odświeżono Dnia 16 Lipca 2025,Brak danych,50 m² - 9980 zł/m²,2 pokoje,Brak danych
1156,Pilnie#2-pokoje# Metro # okazja#,530 000 zł,Warszawa,Brak danych,"37,54 m² - 14118.27 zł/m²",Brak danych,Brak danych
1157,Kawalerka po generalnym remoncie z pięknymi zachodami!,499 000 zł,Warszawa,Brak danych,"30,40 m² - 16414.47 zł/m²",1 pokój,Brak danych
1158,Funkcjonalne 2 pokoje z oddzielną kuchnią blisko centrum,369 000 zł,Białystok,Brak danych,"48,40 m² - 7623.97 zł/m²",2 pokoje,Brak danych
1159,"Nowoczesna kawalerka, Wrocław ul. Bierutowska",359 000 zł,Wrocław,Brak danych,"26,50 m² - 13547.17 zł/m²",1 pokój,Brak danych
1160,Mieszkanie do wprowadzenia | Rybnik | Parter,214 000 zł,Rybnik - 15 Lipca 2025,Brak danych,"39,79 m² - 5378.24 zł/m²",Brak danych,Parter
1161,Bezczynszowe mieszkanie-6 km od Koszalina!,259 000 zł,Koszalin,Brak danych,"47,50 m² - 5452.63 zł/m²",Brak danych,Brak danych
1162,"Mieszkanie (54,8 mkw.) Opalenica, os. Centrum",367 160 zł,Brak danych,Brak danych,"54,80 m² - 6700 zł/m²",Brak danych,Brak danych
1163,Słoneczne jasne mieszkanie na Przytorzu,300 000 złdo negocjacji,Brak danych,Brak danych,"52,74 m² - 5688.28 zł/m²",Brak danych,Brak danych
1164,Mieszkanie z 3 sypialniami na parterze w Łowiczu,565 000 zł,Brak danych,Brak danych,"75,91 m² - 7443.02 zł/m²",Brak danych,Parter
1165,Mieszkanie z potrójnym potencjałem,449 000 zł,Brak danych,Brak danych,"55,90 m² - 8032.2 zł/m²",Brak danych,Brak danych
1166,Wygodne 2 pokoje do własnej aranżacji!,199 000 zł,Sosnowiec - Dzisiaj O 19:26,Brak danych,"32,71 m² - 6083.77 zł/m²",2 pokoje,Brak danych
1167,Mieszkanie z potencjałem w dzielnicy muzycznej,347 000 zł,Bydgoszcz - Dzisiaj O 14:10,Brak danych,"47,45 m² - 7312.96 zł/m²",Brak danych,Brak danych
1168,"Osiedle Leśne, 2 pokoje, I piętro",490 000 zł,Bydgoszcz - 16 Lipca 2025,Brak danych,"54,51 m² - 8989.18 zł/m²",2 pokoje,490 piętro
1169,PRZESTRONNE Mieszkanie !! IDEALNE dla rodziny M3 ! Rzeszów Drabinianka,536 119 zł,Rzeszów - Odświeżono Dzisiaj O 09:34,Brak danych,"55,27 m² - 9700 zł/m²",Brak danych,Brak danych
1170,BEZPOŚREDNIO 3-pokojowe mieszkanie z balkonem na os. Braniborskim,499 999 zł,Brak danych,Brak danych,"52,20 m² - 9578.52 zł/m²",Brak danych,Brak danych
1171,Mieszkanie 3-pokojowe gotowe do zamieszkania,399 000 zł,Starogard Gdański - 15 Lipca 2025,Brak danych,"48,90 m² - 8159.51 zł/m²",Brak danych,Brak danych
1172,2 pokoje z oddzielną kuchnią,550 000 zł,Warszawa,Brak danych,38 m² - 14473.68 zł/m²,2 pokoje,Brak danych
1173,2 Pokoje | Po remoncie | Dolina Trzech Stawów,439 000 zł,Katowice - Dzisiaj O 09:45,Brak danych,43 m² - 10209.3 zł/m²,2 pokoje,Brak danych
1174,⭐Przytulne mieszkanie 2- pokojowe ⭐ możliwość zakupu GARAŻU ⭐,205 000 zł,Brak danych,Brak danych,"33,90 m² - 6047.2 zł/m²",Brak danych,Brak danych
1175,2 pok mieszkanie na Bemowie osiedle Young City,540 000 zł,Warszawa,Brak danych,30 m² - 18000 zł/m²,Brak danych,Brak danych
1176,Kawalerka 30 m² po remoncie | Możliwość 2 pokoi | Wysoki standard,299 000 zł,Brak danych,Brak danych,30 m² - 9966.67 zł/m²,2 pokoje,Brak danych
1177,Duża Kawalerka blisko Uniwersytetu Szczecińskiego,395 000 zł,Szczecin,Brak danych,"43,40 m² - 9101.38 zł/m²",1 pokój,Brak danych
1178,Nowe mieszkanie w stanie deweloperskim ul. Robotnicza - od ręki!,337 000 zł,Brak danych,Brak danych,"39,08 m² - 8623.34 zł/m²",Brak danych,Brak danych
1179,Okazja. Przestronne 3 pokoje + kuchnio-jadalnia + ... !,760 000 zł,Toruń - 14 Czerwca 2025,Brak danych,72 m² - 10555.56 zł/m²,3 pokoje,Brak danych
1180,"Nowe Wykończone 2 pokoje 43,4m2 + ogródek 55m2, brak PCC, Właściciel.",859 000 zł,Kraków,Brak danych,"43,40 m² - 19792.63 zł/m²",2 pokoje,Brak danych
1181,"Niebuszewo, Mieszkanie 51m2 piętro 1",299 000 zł,Szczecin,Brak danych,"51,22 m² - 5837.56 zł/m²",Brak danych,2 piętro
1182,Mieszkanie 3 pokojowe z balkonem i zielenią za oknem,376 000 zł,Brak danych,Brak danych,48 m² - 7833.33 zł/m²,3 pokoje,Brak danych
1183,"2 pokoje, klimatyczne mieszkanie na sprzedaż, winda! [REZERWACJA]",290 000 zł,Łódź,Brak danych,"38,30 m² - 7571.8 zł/m²",2 pokoje,Brak danych
1184,"Kawalerka 28,3m2 z balkonem, do remontu, metro",375 000 zł,Warszawa,Brak danych,"28,30 m² - 13250.88 zł/m²",1 pokój,Brak danych
1185,Kawalerka z kuchnią | Górczyn | 32 m² | Widok z 8. piętra,260 000 zł,Gorzów Wielkopolski - Dzisiaj O 16:05,Brak danych,"32,40 m² - 8024.69 zł/m²",1 pokój,Brak danych
1186,"Mieszkanie 2-pokojowe, Zajezdnia Wrzeszcz, 47 m²",880 000 zł,Gdańsk,Brak danych,"47,22 m² - 18636.17 zł/m²",Brak danych,Brak danych
1187,Mieszkanie 3 pokojowe w starej kamienicy w Siemianowicach Śląskich,185 000 zł,Brak danych,Brak danych,87 m² - 2126.44 zł/m²,3 pokoje,Brak danych
1188,⭐Odbierz duży Rabat- 2 pokoje + Hala Garażowa⭐ Umów się na dni Otwarte,618 900 zł,Warszawa - Dzisiaj O 14:14,Brak danych,"41,15 m² - 15040.1 zł/m²",2 pokoje,Brak danych
1189,Mieszkanie Opole ZWM 51M2 2 Pokoje Balkon Winda dla niepełnosprawnych,499 000 złdo negocjacji,Opole - Odświeżono Dnia 16 Lipca 2025,Brak danych,50 m² - 9980 zł/m²,2 pokoje,Brak danych
1190,Pilnie#2-pokoje# Metro # okazja#,530 000 zł,Warszawa,Brak danych,"37,54 m² - 14118.27 zł/m²",Brak danych,Brak danych
1191,Kawalerka po generalnym remoncie z pięknymi zachodami!,499 000 zł,Warszawa,Brak danych,"30,40 m² - 16414.47 zł/m²",1 pokój,Brak danych
1192,Funkcjonalne 2 pokoje z oddzielną kuchnią blisko centrum,369 000 zł,Białystok,Brak danych,"48,40 m² - 7623.97 zł/m²",2 pokoje,Brak danych
1193,"Nowoczesna kawalerka, Wrocław ul. Bierutowska",359 000 zł,Wrocław,Brak danych,"26,50 m² - 13547.17 zł/m²",1 pokój,Brak danych
1194,Mieszkanie do wprowadzenia | Rybnik | Parter,214 000 zł,Rybnik - 15 Lipca 2025,Brak danych,"39,79 m² - 5378.24 zł/m²",Brak danych,Parter
1195,Bezczynszowe mieszkanie-6 km od Koszalina!,259 000 zł,Koszalin,Brak danych,"47,50 m² - 5452.63 zł/m²",Brak danych,Brak danych
1196,"Mieszkanie (54,8 mkw.) Opalenica, os. Centrum",367 160 zł,Brak danych,Brak danych,"54,80 m² - 6700 zł/m²",Brak danych,Brak danych
1197,Słoneczne jasne mieszkanie na Przytorzu,300 000 złdo negocjacji,Brak danych,Brak danych,"52,74 m² - 5688.28 zł/m²",Brak danych,Brak danych
1198,Mieszkanie z 3 sypialniami na parterze w Łowiczu,565 000 zł,Brak danych,Brak danych,"75,91 m² - 7443.02 zł/m²",Brak danych,Parter
1199,Mieszkanie z potrójnym potencjałem,449 000 zł,Brak danych,Brak danych,"55,90 m² - 8032.2 zł/m²",Brak danych,Brak danych
1200,Wygodne 2 pokoje do własnej aranżacji!,199 000 zł,Sosnowiec - Dzisiaj O 19:26,Brak danych,"32,71 m² - 6083.77 zł/m²",2 pokoje,Brak danych
1201,Mieszkanie z potencjałem w dzielnicy muzycznej,347 000 zł,Bydgoszcz - Dzisiaj O 14:10,Brak danych,"47,45 m² - 7312.96 zł/m²",Brak danych,Brak danych
1202,"Osiedle Leśne, 2 pokoje, I piętro",490 000 zł,Bydgoszcz - 16 Lipca 2025,Brak danych,"54,51 m² - 8989.18 zł/m²",2 pokoje,490 piętro
1203,PRZESTRONNE Mieszkanie !! IDEALNE dla rodziny M3 ! Rzeszów Drabinianka,536 119 zł,Rzeszów - Odświeżono Dzisiaj O 09:34,Brak danych,"55,27 m² - 9700 zł/m²",Brak danych,Brak danych
1204,BEZPOŚREDNIO 3-pokojowe mieszkanie z balkonem na os. Braniborskim,499 999 zł,Brak danych,Brak danych,"52,20 m² - 9578.52 zł/m²",Brak danych,Brak danych
1205,Mieszkanie 3-pokojowe gotowe do zamieszkania,399 000 zł,Starogard Gdański - 15 Lipca 2025,Brak danych,"48,90 m² - 8159.51 zł/m²",Brak danych,Brak danych
1206,2 pokoje z oddzielną kuchnią,550 000 zł,Warszawa,Brak danych,38 m² - 14473.68 zł/m²,2 pokoje,Brak danych
1207,2 Pokoje | Po remoncie | Dolina Trzech Stawów,439 000 zł,Katowice - Dzisiaj O 09:45,Brak danych,43 m² - 10209.3 zł/m²,2 pokoje,Brak danych
1208,⭐Przytulne mieszkanie 2- pokojowe ⭐ możliwość zakupu GARAŻU ⭐,205 000 zł,Brak danych,Brak danych,"33,90 m² - 6047.2 zł/m²",Brak danych,Brak danych
1209,2 pok mieszkanie na Bemowie osiedle Young City,540 000 zł,Warszawa,Brak danych,30 m² - 18000 zł/m²,Brak danych,Brak danych
1210,Kawalerka 30 m² po remoncie | Możliwość 2 pokoi | Wysoki standard,299 000 zł,Brak danych,Brak danych,30 m² - 9966.67 zł/m²,2 pokoje,Brak danych
1211,Duża Kawalerka blisko Uniwersytetu Szczecińskiego,395 000 zł,Szczecin,Brak danych,"43,40 m² - 9101.38 zł/m²",1 pokój,Brak danych
1212,Nowe mieszkanie w stanie deweloperskim ul. Robotnicza - od ręki!,337 000 zł,Brak danych,Brak danych,"39,08 m² - 8623.34 zł/m²",Brak danych,Brak danych
1213,Okazja. Przestronne 3 pokoje + kuchnio-jadalnia + ... !,760 000 zł,Toruń - 14 Czerwca 2025,Brak danych,72 m² - 10555.56 zł/m²,3 pokoje,Brak danych
1214,"Nowe Wykończone 2 pokoje 43,4m2 + ogródek 55m2, brak PCC, Właściciel.",859 000 zł,Kraków,Brak danych,"43,40 m² - 19792.63 zł/m²",2 pokoje,Brak danych
1215,"Niebuszewo, Mieszkanie 51m2 piętro 1",299 000 zł,Szczecin,Brak danych,"51,22 m² - 5837.56 zł/m²",Brak danych,2 piętro
1216,Mieszkanie 3 pokojowe z balkonem i zielenią za oknem,376 000 zł,Brak danych,Brak danych,48 m² - 7833.33 zł/m²,3 pokoje,Brak danych
1217,"2 pokoje, klimatyczne mieszkanie na sprzedaż, winda! [REZERWACJA]",290 000 zł,Łódź,Brak danych,"38,30 m² - 7571.8 zł/m²",2 pokoje,Brak danych
1218,"Kawalerka 28,3m2 z balkonem, do remontu, metro",375 000 zł,Warszawa,Brak danych,"28,30 m² - 13250.88 zł/m²",1 pokój,Brak danych
1219,Kawalerka z kuchnią | Górczyn | 32 m² | Widok z 8. piętra,260 000 zł,Gorzów Wielkopolski - Dzisiaj O 16:05,Brak danych,"32,40 m² - 8024.69 zł/m²",1 pokój,Brak danych
1220,"Mieszkanie 2-pokojowe, Zajezdnia Wrzeszcz, 47 m²",880 000 zł,Gdańsk,Brak danych,"47,22 m² - 18636.17 zł/m²",Brak danych,Brak danych
1221,Mieszkanie 3 pokojowe w starej kamienicy w Siemianowicach Śląskich,185 000 zł,Brak danych,Brak danych,87 m² - 2126.44 zł/m²,3 pokoje,Brak danych
1222,⭐Odbierz duży Rabat- 2 pokoje + Hala Garażowa⭐ Umów się na dni Otwarte,618 900 zł,Warszawa - Dzisiaj O 14:14,Brak danych,"41,15 m² - 15040.1 zł/m²",2 pokoje,Brak danych
1223,Mieszkanie Opole ZWM 51M2 2 Pokoje Balkon Winda dla niepełnosprawnych,499 000 złdo negocjacji,Opole - Odświeżono Dnia 16 Lipca 2025,Brak danych,50 m² - 9980 zł/m²,2 pokoje,Brak danych
1224,Pilnie#2-pokoje# Metro # okazja#,530 000 zł,Warszawa,Brak danych,"37,54 m² - 14118.27 zł/m²",Brak danych,Brak danych
1225,Kawalerka po generalnym remoncie z pięknymi zachodami!,499 000 zł,Warszawa,Brak danych,"30,40 m² - 16414.47 zł/m²",1 pokój,Brak danych
1226,Funkcjonalne 2 pokoje z oddzielną kuchnią blisko centrum,369 000 zł,Białystok,Brak danych,"48,40 m² - 7623.97 zł/m²",2 pokoje,Brak danych
1227,"Nowoczesna kawalerka, Wrocław ul. Bierutowska",359 000 zł,Wrocław,Brak danych,"26,50 m² - 13547.17 zł/m²",1 pokój,Brak danych
1228,Mieszkanie do wprowadzenia | Rybnik | Parter,214 000 zł,Rybnik - 15 Lipca 2025,Brak danych,"39,79 m² - 5378.24 zł/m²",Brak danych,Parter
1229,Bezczynszowe mieszkanie-6 km od Koszalina!,259 000 zł,Koszalin,Brak danych,"47,50 m² - 5452.63 zł/m²",Brak danych,Brak danych
1230,"Mieszkanie (54,8 mkw.) Opalenica, os. Centrum",367 160 zł,Brak danych,Brak danych,"54,80 m² - 6700 zł/m²",Brak danych,Brak danych
1231,Słoneczne jasne mieszkanie na Przytorzu,300 000 złdo negocjacji,Brak danych,Brak danych,"52,74 m² - 5688.28 zł/m²",Brak danych,Brak danych
1232,Mieszkanie z 3 sypialniami na parterze w Łowiczu,565 000 zł,Brak danych,Brak danych,"75,91 m² - 7443.02 zł/m²",Brak danych,Parter
1233,Mieszkanie z potrójnym potencjałem,449 000 zł,Brak danych,Brak danych,"55,90 m² - 8032.2 zł/m²",Brak danych,Brak danych
1234,Wygodne 2 pokoje do własnej aranżacji!,199 000 zł,Sosnowiec - Dzisiaj O 19:26,Brak danych,"32,71 m² - 6083.77 zł/m²",2 pokoje,Brak danych
1235,Mieszkanie z potencjałem w dzielnicy muzycznej,347 000 zł,Bydgoszcz - Dzisiaj O 14:10,Brak danych,"47,45 m² - 7312.96 zł/m²",Brak danych,Brak danych
1236,"Osiedle Leśne, 2 pokoje, I piętro",490 000 zł,Bydgoszcz - 16 Lipca 2025,Brak danych,"54,51 m² - 8989.18 zł/m²",2 pokoje,490 piętro
1237,PRZESTRONNE Mieszkanie !! IDEALNE dla rodziny M3 ! Rzeszów Drabinianka,536 119 zł,Rzeszów - Odświeżono Dzisiaj O 09:34,Brak danych,"55,27 m² - 9700 zł/m²",Brak danych,Brak danych
1238,Nowe mieszkanie w stanie deweloperskim ul. Robotnicza - od ręki!,337 000 zł,Brak danych,Brak danych,"39,08 m² - 8623.34 zł/m²",Brak danych,Brak danych
1239,BEZPOŚREDNIO 3-pokojowe mieszkanie z balkonem na os. Braniborskim,499 999 zł,Brak danych,Brak danych,"52,20 m² - 9578.52 zł/m²",Brak danych,Brak danych
1240,Mieszkanie 3-pokojowe gotowe do zamieszkania,399 000 zł,Starogard Gdański - 15 Lipca 2025,Brak danych,"48,90 m² - 8159.51 zł/m²",Brak danych,Brak danych
1241,2 pokoje z oddzielną kuchnią,550 000 zł,Warszawa,Brak danych,38 m² - 14473.68 zł/m²,2 pokoje,Brak danych
1242,2 Pokoje | Po remoncie | Dolina Trzech Stawów,439 000 zł,Katowice - Dzisiaj O 09:45,Brak danych,43 m² - 10209.3 zł/m²,2 pokoje,Brak danych
1243,⭐Przytulne mieszkanie 2- pokojowe ⭐ możliwość zakupu GARAŻU ⭐,205 000 zł,Brak danych,Brak danych,"33,90 m² - 6047.2 zł/m²",Brak danych,Brak danych
1244,2 pok mieszkanie na Bemowie osiedle Young City,540 000 zł,Warszawa,Brak danych,30 m² - 18000 zł/m²,Brak danych,Brak danych
1245,Kawalerka 30 m² po remoncie | Możliwość 2 pokoi | Wysoki standard,299 000 zł,Brak danych,Brak danych,30 m² - 9966.67 zł/m²,2 pokoje,Brak danych
1246,Duża Kawalerka blisko Uniwersytetu Szczecińskiego,395 000 zł,Szczecin,Brak danych,"43,40 m² - 9101.38 zł/m²",1 pokój,Brak danych
1247,Okazja. Przestronne 3 pokoje + kuchnio-jadalnia + ... !,760 000 zł,Toruń - 14 Czerwca 2025,Brak danych,72 m² - 10555.56 zł/m²,3 pokoje,Brak danych
1248,"Nowe Wykończone 2 pokoje 43,4m2 + ogródek 55m2, brak PCC, Właściciel.",859 000 zł,Kraków,Brak danych,"43,40 m² - 19792.63 zł/m²",2 pokoje,Brak danych
1249,"Niebuszewo, Mieszkanie 51m2 piętro 1",299 000 zł,Szczecin,Brak danych,"51,22 m² - 5837.56 zł/m²",Brak danych,2 piętro
1250,Mieszkanie 3 pokojowe z balkonem i zielenią za oknem,376 000 zł,Brak danych,Brak danych,48 m² - 7833.33 zł/m²,3 pokoje,Brak danych
1251,"2 pokoje, klimatyczne mieszkanie na sprzedaż, winda! [REZERWACJA]",290 000 zł,Łódź,Brak danych,"38,30 m² - 7571.8 zł/m²",2 pokoje,Brak danych
1252,"Kawalerka 28,3m2 z balkonem, do remontu, metro",375 000 zł,Warszawa,Brak danych,"28,30 m² - 13250.88 zł/m²",1 pokój,Brak danych
1253,Kawalerka z kuchnią | Górczyn | 32 m² | Widok z 8. piętra,260 000 zł,Gorzów Wielkopolski - Dzisiaj O 16:05,Brak danych,"32,40 m² - 8024.69 zł/m²",1 pokój,Brak danych
1254,"Mieszkanie 2-pokojowe, Zajezdnia Wrzeszcz, 47 m²",880 000 zł,Gdańsk,Brak danych,"47,22 m² - 18636.17 zł/m²",Brak danych,Brak danych
1255,Mieszkanie 3 pokojowe w starej kamienicy w Siemianowicach Śląskich,185 000 zł,Brak danych,Brak danych,87 m² - 2126.44 zł/m²,3 pokoje,Brak danych
1256,⭐Odbierz duży Rabat- 2 pokoje + Hala Garażowa⭐ Umów się na dni Otwarte,618 900 zł,Warszawa - Dzisiaj O 14:14,Brak danych,"41,15 m² - 15040.1 zł/m²",2 pokoje,Brak danych
1257,Sprzedam mieszkanie z balkonem !,320 000 zł,Brak danych,Brak danych,"51,26 m² - 6242.68 zł/m²",Brak danych,Brak danych
1258,Pilnie#2-pokoje# Metro # okazja#,530 000 zł,Warszawa,Brak danych,"37,54 m² - 14118.27 zł/m²",Brak danych,Brak danych
1259,Kawalerka po generalnym remoncie z pięknymi zachodami!,499 000 zł,Warszawa,Brak danych,"30,40 m² - 16414.47 zł/m²",1 pokój,Brak danych
1260,Funkcjonalne 2 pokoje z oddzielną kuchnią blisko centrum,369 000 zł,Białystok,Brak danych,"48,40 m² - 7623.97 zł/m²",2 pokoje,Brak danych
1261,"Nowoczesna kawalerka, Wrocław ul. Bierutowska",359 000 zł,Wrocław,Brak danych,"26,50 m² - 13547.17 zł/m²",1 pokój,Brak danych
1262,Mieszkanie do wprowadzenia | Rybnik | Parter,214 000 zł,Rybnik - 15 Lipca 2025,Brak danych,"39,79 m² - 5378.24 zł/m²",Brak danych,Parter
1263,Bezczynszowe mieszkanie-6 km od Koszalina!,259 000 zł,Koszalin,Brak danych,"47,50 m² - 5452.63 zł/m²",Brak danych,Brak danych
1264,"Mieszkanie (54,8 mkw.) Opalenica, os. Centrum",367 160 zł,Brak danych,Brak danych,"54,80 m² - 6700 zł/m²",Brak danych,Brak danych
1265,"3 Pokoje, LSM, Po Generalnym Remoncie, ul. Pozytywistów, Widok n Wąwóz",529 000 zł,Lublin - Odświeżono Dzisiaj O 11:18,Brak danych,48 m² - 11020.83 zł/m²,3 pokoje,Brak danych
1266,"Lokal,na Dowolną Działalność i Mieszkać #ZDECYDOWANIE #sprzedam",1 443 990 złdo negocjacji,Szczecin,Brak danych,143 m² - 10097.83 zł/m²,Brak danych,Brak danych
1267,Mieszkanie z 3 sypialniami na parterze w Łowiczu,565 000 zł,Brak danych,Brak danych,"75,91 m² - 7443.02 zł/m²",Brak danych,Parter
1268,Mieszkanie z potrójnym potencjałem,449 000 zł,Brak danych,Brak danych,"55,90 m² - 8032.2 zł/m²",Brak danych,Brak danych
1269,Wygodne 2 pokoje do własnej aranżacji!,199 000 zł,Sosnowiec - Dzisiaj O 19:26,Brak danych,"32,71 m² - 6083.77 zł/m²",2 pokoje,Brak danych
1270,Mieszkanie z potencjałem w dzielnicy muzycznej,347 000 zł,Bydgoszcz - Dzisiaj O 14:10,Brak danych,"47,45 m² - 7312.96 zł/m²",Brak danych,Brak danych
1271,"Osiedle Leśne, 2 pokoje, I piętro",490 000 zł,Bydgoszcz - 16 Lipca 2025,Brak danych,"54,51 m² - 8989.18 zł/m²",2 pokoje,490 piętro
1272,PRZESTRONNE Mieszkanie !! IDEALNE dla rodziny M3 ! Rzeszów Drabinianka,536 119 zł,Rzeszów - Odświeżono Dzisiaj O 09:34,Brak danych,"55,27 m² - 9700 zł/m²",Brak danych,Brak danych
1273,BEZPOŚREDNIO 3-pokojowe mieszkanie z balkonem na os. Braniborskim,499 999 zł,Brak danych,Brak danych,"52,20 m² - 9578.52 zł/m²",Brak danych,Brak danych
1274,Mieszkanie 3-pokojowe gotowe do zamieszkania,399 000 zł,Starogard Gdański - 15 Lipca 2025,Brak danych,"48,90 m² - 8159.51 zł/m²",Brak danych,Brak danych
1275,2 pokoje z oddzielną kuchnią,550 000 zł,Warszawa,Brak danych,38 m² - 14473.68 zł/m²,2 pokoje,Brak danych
1276,2 Pokoje | Po remoncie | Dolina Trzech Stawów,439 000 zł,Katowice - Dzisiaj O 09:45,Brak danych,43 m² - 10209.3 zł/m²,2 pokoje,Brak danych
1277,⭐Przytulne mieszkanie 2- pokojowe ⭐ możliwość zakupu GARAŻU ⭐,205 000 zł,Brak danych,Brak danych,"33,90 m² - 6047.2 zł/m²",Brak danych,Brak danych
1278,2 pok mieszkanie na Bemowie osiedle Young City,540 000 zł,Warszawa,Brak danych,30 m² - 18000 zł/m²,Brak danych,Brak danych
1279,Kawalerka 30 m² po remoncie | Możliwość 2 pokoi | Wysoki standard,299 000 zł,Brak danych,Brak danych,30 m² - 9966.67 zł/m²,2 pokoje,Brak danych
1280,Duża Kawalerka blisko Uniwersytetu Szczecińskiego,395 000 zł,Szczecin,Brak danych,"43,40 m² - 9101.38 zł/m²",1 pokój,Brak danych
1281,Piękne nowe mieszkanie w idealnej lokalizacji!,645 000 złdo negocjacji,Białystok,Brak danych,52 m² - 12403.85 zł/m²,Brak danych,Brak danych
1282,Okazja. Przestronne 3 pokoje + kuchnio-jadalnia + ... !,760 000 zł,Toruń - 14 Czerwca 2025,Brak danych,72 m² - 10555.56 zł/m²,3 pokoje,Brak danych
1283,"Nowe Wykończone 2 pokoje 43,4m2 + ogródek 55m2, brak PCC, Właściciel.",859 000 zł,Kraków,Brak danych,"43,40 m² - 19792.63 zł/m²",2 pokoje,Brak danych
1284,"Niebuszewo, Mieszkanie 51m2 piętro 1",299 000 zł,Szczecin,Brak danych,"51,22 m² - 5837.56 zł/m²",Brak danych,2 piętro
1285,Mieszkanie 3 pokojowe z balkonem i zielenią za oknem,376 000 zł,Brak danych,Brak danych,48 m² - 7833.33 zł/m²,3 pokoje,Brak danych
1286,"2 pokoje, klimatyczne mieszkanie na sprzedaż, winda! [REZERWACJA]",290 000 zł,Łódź,Brak danych,"38,30 m² - 7571.8 zł/m²",2 pokoje,Brak danych
1287,"Kawalerka 28,3m2 z balkonem, do remontu, metro",375 000 zł,Warszawa,Brak danych,"28,30 m² - 13250.88 zł/m²",1 pokój,Brak danych
1288,Kawalerka z kuchnią | Górczyn | 32 m² | Widok z 8. piętra,260 000 zł,Gorzów Wielkopolski - Dzisiaj O 16:05,Brak danych,"32,40 m² - 8024.69 zł/m²",1 pokój,Brak danych
1289,"Mieszkanie 2-pokojowe, Zajezdnia Wrzeszcz, 47 m²",880 000 zł,Gdańsk,Brak danych,"47,22 m² - 18636.17 zł/m²",Brak danych,Brak danych
1290,Mieszkanie 3 pokojowe w starej kamienicy w Siemianowicach Śląskich,185 000 zł,Brak danych,Brak danych,87 m² - 2126.44 zł/m²,3 pokoje,Brak danych
1291,⭐Odbierz duży Rabat- 2 pokoje + Hala Garażowa⭐ Umów się na dni Otwarte,618 900 zł,Warszawa - Dzisiaj O 14:14,Brak danych,"41,15 m² - 15040.1 zł/m²",2 pokoje,Brak danych
1292,Pilnie#2-pokoje# Metro # okazja#,530 000 zł,Warszawa,Brak danych,"37,54 m² - 14118.27 zł/m²",Brak danych,Brak danych
1293,Kawalerka po generalnym remoncie z pięknymi zachodami!,499 000 zł,Warszawa,Brak danych,"30,40 m² - 16414.47 zł/m²",1 pokój,Brak danych
1294,Funkcjonalne 2 pokoje z oddzielną kuchnią blisko centrum,369 000 zł,Białystok,Brak danych,"48,40 m² - 7623.97 zł/m²",2 pokoje,Brak danych
1295,"Nowoczesna kawalerka, Wrocław ul. Bierutowska",359 000 zł,Wrocław,Brak danych,"26,50 m² - 13547.17 zł/m²",1 pokój,Brak danych
1296,Mieszkanie do wprowadzenia | Rybnik | Parter,214 000 zł,Rybnik - 15 Lipca 2025,Brak danych,"39,79 m² - 5378.24 zł/m²",Brak danych,Parter
1297,Bezczynszowe mieszkanie-6 km od Koszalina!,259 000 zł,Koszalin,Brak danych,"47,50 m² - 5452.63 zł/m²",Brak danych,Brak danych
1298,"Mieszkanie (54,8 mkw.) Opalenica, os. Centrum",367 160 zł,Brak danych,Brak danych,"54,80 m² - 6700 zł/m²",Brak danych,Brak danych
1299,Słoneczne jasne mieszkanie na Przytorzu,300 000 złdo negocjacji,Brak danych,Brak danych,"52,74 m² - 5688.28 zł/m²",Brak danych,Brak danych
1300,Mieszkanie z 3 sypialniami na parterze w Łowiczu,565 000 zł,Brak danych,Brak danych,"75,91 m² - 7443.02 zł/m²",Brak danych,Parter
1301,Mieszkanie z potrójnym potencjałem,449 000 zł,Brak danych,Brak danych,"55,90 m² - 8032.2 zł/m²",Brak danych,Brak danych
1302,Wygodne 2 pokoje do własnej aranżacji!,199 000 zł,Sosnowiec - Dzisiaj O 19:26,Brak danych,"32,71 m² - 6083.77 zł/m²",2 pokoje,Brak danych
1303,Mieszkanie z potencjałem w dzielnicy muzycznej,347 000 zł,Bydgoszcz - Dzisiaj O 14:10,Brak danych,"47,45 m² - 7312.96 zł/m²",Brak danych,Brak danych
1304,"Osiedle Leśne, 2 pokoje, I piętro",490 000 zł,Bydgoszcz - 16 Lipca 2025,Brak danych,"54,51 m² - 8989.18 zł/m²",2 pokoje,490 piętro
1305,PRZESTRONNE Mieszkanie !! IDEALNE dla rodziny M3 ! Rzeszów Drabinianka,536 119 zł,Rzeszów - Odświeżono Dzisiaj O 09:34,Brak danych,"55,27 m² - 9700 zł/m²",Brak danych,Brak danych
1306,BEZPOŚREDNIO 3-pokojowe mieszkanie z balkonem na os. Braniborskim,499 999 zł,Brak danych,Brak danych,"52,20 m² - 9578.52 zł/m²",Brak danych,Brak danych
1307,Mieszkanie 3-pokojowe gotowe do zamieszkania,399 000 zł,Starogard Gdański - 15 Lipca 2025,Brak danych,"48,90 m² - 8159.51 zł/m²",Brak danych,Brak danych
1308,2 pokoje z oddzielną kuchnią,550 000 zł,Warszawa,Brak danych,38 m² - 14473.68 zł/m²,2 pokoje,Brak danych
1309,2 Pokoje | Po remoncie | Dolina Trzech Stawów,439 000 zł,Katowice - Dzisiaj O 09:45,Brak danych,43 m² - 10209.3 zł/m²,2 pokoje,Brak danych
1310,⭐Przytulne mieszkanie 2- pokojowe ⭐ możliwość zakupu GARAŻU ⭐,205 000 zł,Brak danych,Brak danych,"33,90 m² - 6047.2 zł/m²",Brak danych,Brak danych
1311,2 pok mieszkanie na Bemowie osiedle Young City,540 000 zł,Warszawa,Brak danych,30 m² - 18000 zł/m²,Brak danych,Brak danych
1312,Kawalerka 30 m² po remoncie | Możliwość 2 pokoi | Wysoki standard,299 000 zł,Brak danych,Brak danych,30 m² - 9966.67 zł/m²,2 pokoje,Brak danych
1313,Duża Kawalerka blisko Uniwersytetu Szczecińskiego,395 000 zł,Szczecin,Brak danych,"43,40 m² - 9101.38 zł/m²",1 pokój,Brak danych
1314,Nowe mieszkanie w stanie deweloperskim ul. Robotnicza - od ręki!,337 000 zł,Brak danych,Brak danych,"39,08 m² - 8623.34 zł/m²",Brak danych,Brak danych
1315,Okazja. Przestronne 3 pokoje + kuchnio-jadalnia + ... !,760 000 zł,Toruń - 14 Czerwca 2025,Brak danych,72 m² - 10555.56 zł/m²,3 pokoje,Brak danych
1316,"Nowe Wykończone 2 pokoje 43,4m2 + ogródek 55m2, brak PCC, Właściciel.",859 000 zł,Kraków,Brak danych,"43,40 m² - 19792.63 zł/m²",2 pokoje,Brak danych
1317,"Niebuszewo, Mieszkanie 51m2 piętro 1",299 000 zł,Szczecin,Brak danych,"51,22 m² - 5837.56 zł/m²",Brak danych,2 piętro
1318,Mieszkanie 3 pokojowe z balkonem i zielenią za oknem,376 000 zł,Brak danych,Brak danych,48 m² - 7833.33 zł/m²,3 pokoje,Brak danych
1319,"2 pokoje, klimatyczne mieszkanie na sprzedaż, winda! [REZERWACJA]",290 000 zł,Łódź,Brak danych,"38,30 m² - 7571.8 zł/m²",2 pokoje,Brak danych
1320,"Kawalerka 28,3m2 z balkonem, do remontu, metro",375 000 zł,Warszawa,Brak danych,"28,30 m² - 13250.88 zł/m²",1 pokój,Brak danych
1321,Kawalerka z kuchnią | Górczyn | 32 m² | Widok z 8. piętra,260 000 zł,Gorzów Wielkopolski - Dzisiaj O 16:05,Brak danych,"32,40 m² - 8024.69 zł/m²",1 pokój,Brak danych
1322,"Mieszkanie 2-pokojowe, Zajezdnia Wrzeszcz, 47 m²",880 000 zł,Gdańsk,Brak danych,"47,22 m² - 18636.17 zł/m²",Brak danych,Brak danych
1323,Mieszkanie 3 pokojowe w starej kamienicy w Siemianowicach Śląskich,185 000 zł,Brak danych,Brak danych,87 m² - 2126.44 zł/m²,3 pokoje,Brak danych
1324,⭐Odbierz duży Rabat- 2 pokoje + Hala Garażowa⭐ Umów się na dni Otwarte,618 900 zł,Warszawa - Dzisiaj O 14:14,Brak danych,"41,15 m² - 15040.1 zł/m²",2 pokoje,Brak danych
1325,Mieszkanie Opole ZWM 51M2 2 Pokoje Balkon Winda dla niepełnosprawnych,499 000 złdo negocjacji,Opole - Odświeżono Dnia 16 Lipca 2025,Brak danych,50 m² - 9980 zł/m²,2 pokoje,Brak danych
1326,Pilnie#2-pokoje# Metro # okazja#,530 000 zł,Warszawa,Brak danych,"37,54 m² - 14118.27 zł/m²",Brak danych,Brak danych
1327,Kawalerka po generalnym remoncie z pięknymi zachodami!,499 000 zł,Warszawa,Brak danych,"30,40 m² - 16414.47 zł/m²",1 pokój,Brak danych
1328,Funkcjonalne 2 pokoje z oddzielną kuchnią blisko centrum,369 000 zł,Białystok,Brak danych,"48,40 m² - 7623.97 zł/m²",2 pokoje,Brak danych
1329,"Nowoczesna kawalerka, Wrocław ul. Bierutowska",359 000 zł,Wrocław,Brak danych,"26,50 m² - 13547.17 zł/m²",1 pokój,Brak danych
1330,Mieszkanie do wprowadzenia | Rybnik | Parter,214 000 zł,Rybnik - 15 Lipca 2025,Brak danych,"39,79 m² - 5378.24 zł/m²",Brak danych,Parter
1331,Bezczynszowe mieszkanie-6 km od Koszalina!,259 000 zł,Koszalin,Brak danych,"47,50 m² - 5452.63 zł/m²",Brak danych,Brak danych
1332,"Mieszkanie (54,8 mkw.) Opalenica, os. Centrum",367 160 zł,Brak danych,Brak danych,"54,80 m² - 6700 zł/m²",Brak danych,Brak danych
1333,"3 Pokoje, LSM, Po Generalnym Remoncie, ul. Pozytywistów, Widok n Wąwóz",529 000 zł,Lublin - Odświeżono Dzisiaj O 11:18,Brak danych,48 m² - 11020.83 zł/m²,3 pokoje,Brak danych
1334,"Lokal,na Dowolną Działalność i Mieszkać #ZDECYDOWANIE #sprzedam",1 443 990 złdo negocjacji,Szczecin,Brak danych,143 m² - 10097.83 zł/m²,Brak danych,Brak danych
1335,Mieszkanie z potrójnym potencjałem,449 000 zł,Brak danych,Brak danych,"55,90 m² - 8032.2 zł/m²",Brak danych,Brak danych
1336,Wygodne 2 pokoje do własnej aranżacji!,199 000 zł,Sosnowiec - Dzisiaj O 19:26,Brak danych,"32,71 m² - 6083.77 zł/m²",2 pokoje,Brak danych
1337,Mieszkanie z potencjałem w dzielnicy muzycznej,347 000 zł,Bydgoszcz - Dzisiaj O 14:10,Brak danych,"47,45 m² - 7312.96 zł/m²",Brak danych,Brak danych
1338,"Osiedle Leśne, 2 pokoje, I piętro",490 000 zł,Bydgoszcz - 16 Lipca 2025,Brak danych,"54,51 m² - 8989.18 zł/m²",2 pokoje,490 piętro
1339,BEZPOŚREDNIO 3-pokojowe mieszkanie z balkonem na os. Braniborskim,499 999 zł,Brak danych,Brak danych,"52,20 m² - 9578.52 zł/m²",Brak danych,Brak danych
1340,PRZESTRONNE Mieszkanie !! IDEALNE dla rodziny M3 ! Rzeszów Drabinianka,536 119 zł,Rzeszów - Odświeżono Dzisiaj O 09:34,Brak danych,"55,27 m² - 9700 zł/m²",Brak danych,Brak danych
1341,Mieszkanie 3-pokojowe gotowe do zamieszkania,399 000 zł,Starogard Gdański - 15 Lipca 2025,Brak danych,"48,90 m² - 8159.51 zł/m²",Brak danych,Brak danych
1342,2 pokoje z oddzielną kuchnią,550 000 zł,Warszawa,Brak danych,38 m² - 14473.68 zł/m²,2 pokoje,Brak danych
1343,2 Pokoje | Po remoncie | Dolina Trzech Stawów,439 000 zł,Katowice - Dzisiaj O 09:45,Brak danych,43 m² - 10209.3 zł/m²,2 pokoje,Brak danych
1344,⭐Przytulne mieszkanie 2- pokojowe ⭐ możliwość zakupu GARAŻU ⭐,205 000 zł,Brak danych,Brak danych,"33,90 m² - 6047.2 zł/m²",Brak danych,Brak danych
1345,2 pok mieszkanie na Bemowie osiedle Young City,540 000 zł,Warszawa,Brak danych,30 m² - 18000 zł/m²,Brak danych,Brak danych
1346,Kawalerka 30 m² po remoncie | Możliwość 2 pokoi | Wysoki standard,299 000 zł,Brak danych,Brak danych,30 m² - 9966.67 zł/m²,2 pokoje,Brak danych
1347,Duża Kawalerka blisko Uniwersytetu Szczecińskiego,395 000 zł,Szczecin,Brak danych,"43,40 m² - 9101.38 zł/m²",1 pokój,Brak danych
1348,Piękne nowe mieszkanie w idealnej lokalizacji!,645 000 złdo negocjacji,Białystok,Brak danych,52 m² - 12403.85 zł/m²,Brak danych,Brak danych
1349,Okazja. Przestronne 3 pokoje + kuchnio-jadalnia + ... !,760 000 zł,Toruń - 14 Czerwca 2025,Brak danych,72 m² - 10555.56 zł/m²,3 pokoje,Brak danych
1350,"Nowe Wykończone 2 pokoje 43,4m2 + ogródek 55m2, brak PCC, Właściciel.",859 000 zł,Kraków,Brak danych,"43,40 m² - 19792.63 zł/m²",2 pokoje,Brak danych
1351,"Niebuszewo, Mieszkanie 51m2 piętro 1",299 000 zł,Szczecin,Brak danych,"51,22 m² - 5837.56 zł/m²",Brak danych,2 piętro
1352,Mieszkanie 3 pokojowe z balkonem i zielenią za oknem,376 000 zł,Brak danych,Brak danych,48 m² - 7833.33 zł/m²,3 pokoje,Brak danych
1353,"2 pokoje, klimatyczne mieszkanie na sprzedaż, winda! [REZERWACJA]",290 000 zł,Łódź,Brak danych,"38,30 m² - 7571.8 zł/m²",2 pokoje,Brak danych
1354,"Kawalerka 28,3m2 z balkonem, do remontu, metro",375 000 zł,Warszawa,Brak danych,"28,30 m² - 13250.88 zł/m²",1 pokój,Brak danych
1355,Kawalerka z kuchnią | Górczyn | 32 m² | Widok z 8. piętra,260 000 zł,Gorzów Wielkopolski - Dzisiaj O 16:05,Brak danych,"32,40 m² - 8024.69 zł/m²",1 pokój,Brak danych
1356,"Mieszkanie 2-pokojowe, Zajezdnia Wrzeszcz, 47 m²",880 000 zł,Gdańsk,Brak danych,"47,22 m² - 18636.17 zł/m²",Brak danych,Brak danych
1357,Mieszkanie 3 pokojowe w starej kamienicy w Siemianowicach Śląskich,185 000 zł,Brak danych,Brak danych,87 m² - 2126.44 zł/m²,3 pokoje,Brak danych
1358,Pilnie#2-pokoje# Metro # okazja#,530 000 zł,Warszawa,Brak danych,"37,54 m² - 14118.27 zł/m²",Brak danych,Brak danych
1359,⭐Odbierz duży Rabat- 2 pokoje + Hala Garażowa⭐ Umów się na dni Otwarte,618 900 zł,Warszawa - Dzisiaj O 14:14,Brak danych,"41,15 m² - 15040.1 zł/m²",2 pokoje,Brak danych
1360,Sprzedam mieszkanie 3-pokojowe,650 000 zł,Opole - 16 Lipca 2025,Brak danych,"61,68 m² - 10538.26 zł/m²",Brak danych,Brak danych
1361,Kawalerka po generalnym remoncie z pięknymi zachodami!,499 000 zł,Warszawa,Brak danych,"30,40 m² - 16414.47 zł/m²",1 pokój,Brak danych
1362,Funkcjonalne 2 pokoje z oddzielną kuchnią blisko centrum,369 000 zł,Białystok,Brak danych,"48,40 m² - 7623.97 zł/m²",2 pokoje,Brak danych
1363,"Nowoczesna kawalerka, Wrocław ul. Bierutowska",359 000 zł,Wrocław,Brak danych,"26,50 m² - 13547.17 zł/m²",1 pokój,Brak danych
1364,Mieszkanie do wprowadzenia | Rybnik | Parter,214 000 zł,Rybnik - 15 Lipca 2025,Brak danych,"39,79 m² - 5378.24 zł/m²",Brak danych,Parter
1365,Bezczynszowe mieszkanie-6 km od Koszalina!,259 000 zł,Koszalin,Brak danych,"47,50 m² - 5452.63 zł/m²",Brak danych,Brak danych
1366,"Mieszkanie (54,8 mkw.) Opalenica, os. Centrum",367 160 zł,Brak danych,Brak danych,"54,80 m² - 6700 zł/m²",Brak danych,Brak danych
1367,Gdańsk Mieszkanie 2 pokoje wykończone PRYWATNIE,545 000 zł,Gdańsk - 16 Lipca 2025,Brak danych,39 m² - 13974.36 zł/m²,2 pokoje,Brak danych
1368,"3 Pokoje, LSM, Po Generalnym Remoncie, ul. Pozytywistów, Widok n Wąwóz",529 000 zł,Lublin - Odświeżono Dzisiaj O 11:18,Brak danych,48 m² - 11020.83 zł/m²,3 pokoje,Brak danych
1369,"Lokal,na Dowolną Działalność i Mieszkać #ZDECYDOWANIE #sprzedam",1 443 990 złdo negocjacji,Szczecin,Brak danych,143 m² - 10097.83 zł/m²,Brak danych,Brak danych
1370,Mieszkanie z potrójnym potencjałem,449 000 zł,Brak danych,Brak danych,"55,90 m² - 8032.2 zł/m²",Brak danych,Brak danych
1371,Wygodne 2 pokoje do własnej aranżacji!,199 000 zł,Sosnowiec - Dzisiaj O 19:26,Brak danych,"32,71 m² - 6083.77 zł/m²",2 pokoje,Brak danych
1372,Mieszkanie z potencjałem w dzielnicy muzycznej,347 000 zł,Bydgoszcz - Dzisiaj O 14:10,Brak danych,"47,45 m² - 7312.96 zł/m²",Brak danych,Brak danych
1373,"Osiedle Leśne, 2 pokoje, I piętro",490 000 zł,Bydgoszcz - 16 Lipca 2025,Brak danych,"54,51 m² - 8989.18 zł/m²",2 pokoje,490 piętro
1374,BEZPOŚREDNIO 3-pokojowe mieszkanie z balkonem na os. Braniborskim,499 999 zł,Brak danych,Brak danych,"52,20 m² - 9578.52 zł/m²",Brak danych,Brak danych
1375,PRZESTRONNE Mieszkanie !! IDEALNE dla rodziny M3 ! Rzeszów Drabinianka,536 119 zł,Rzeszów - Odświeżono Dzisiaj O 09:34,Brak danych,"55,27 m² - 9700 zł/m²",Brak danych,Brak danych
1376,Mieszkanie 3-pokojowe gotowe do zamieszkania,399 000 zł,Starogard Gdański - 15 Lipca 2025,Brak danych,"48,90 m² - 8159.51 zł/m²",Brak danych,Brak danych
1377,2 pokoje z oddzielną kuchnią,550 000 zł,Warszawa,Brak danych,38 m² - 14473.68 zł/m²,2 pokoje,Brak danych
1378,2 Pokoje | Po remoncie | Dolina Trzech Stawów,439 000 zł,Katowice - Dzisiaj O 09:45,Brak danych,43 m² - 10209.3 zł/m²,2 pokoje,Brak danych
1379,⭐Przytulne mieszkanie 2- pokojowe ⭐ możliwość zakupu GARAŻU ⭐,205 000 zł,Brak danych,Brak danych,"33,90 m² - 6047.2 zł/m²",Brak danych,Brak danych
1380,2 pok mieszkanie na Bemowie osiedle Young City,540 000 zł,Warszawa,Brak danych,30 m² - 18000 zł/m²,Brak danych,Brak danych
1381,Kawalerka 30 m² po remoncie | Możliwość 2 pokoi | Wysoki standard,299 000 zł,Brak danych,Brak danych,30 m² - 9966.67 zł/m²,2 pokoje,Brak danych
1382,Duża Kawalerka blisko Uniwersytetu Szczecińskiego,395 000 zł,Szczecin,Brak danych,"43,40 m² - 9101.38 zł/m²",1 pokój,Brak danych
1383,Piękne nowe mieszkanie w idealnej lokalizacji!,645 000 złdo negocjacji,Białystok,Brak danych,52 m² - 12403.85 zł/m²,Brak danych,Brak danych
1384,Okazja. Przestronne 3 pokoje + kuchnio-jadalnia + ... !,760 000 zł,Toruń - 14 Czerwca 2025,Brak danych,72 m² - 10555.56 zł/m²,3 pokoje,Brak danych
1385,"Niebuszewo, Mieszkanie 51m2 piętro 1",299 000 zł,Szczecin,Brak danych,"51,22 m² - 5837.56 zł/m²",Brak danych,2 piętro
1386,Mieszkanie 3 pokojowe z balkonem i zielenią za oknem,376 000 zł,Brak danych,Brak danych,48 m² - 7833.33 zł/m²,3 pokoje,Brak danych
1387,"2 pokoje, klimatyczne mieszkanie na sprzedaż, winda! [REZERWACJA]",290 000 zł,Łódź,Brak danych,"38,30 m² - 7571.8 zł/m²",2 pokoje,Brak danych
1388,"Kawalerka 28,3m2 z balkonem, do remontu, metro",375 000 zł,Warszawa,Brak danych,"28,30 m² - 13250.88 zł/m²",1 pokój,Brak danych
1389,Kawalerka z kuchnią | Górczyn | 32 m² | Widok z 8. piętra,260 000 zł,Gorzów Wielkopolski - Dzisiaj O 16:05,Brak danych,"32,40 m² - 8024.69 zł/m²",1 pokój,Brak danych
1390,"Mieszkanie 2-pokojowe, Zajezdnia Wrzeszcz, 47 m²",880 000 zł,Gdańsk,Brak danych,"47,22 m² - 18636.17 zł/m²",Brak danych,Brak danych
1391,Mieszkanie 3 pokojowe w starej kamienicy w Siemianowicach Śląskich,185 000 zł,Brak danych,Brak danych,87 m² - 2126.44 zł/m²,3 pokoje,Brak danych
1392,Pilnie#2-pokoje# Metro # okazja#,530 000 zł,Warszawa,Brak danych,"37,54 m² - 14118.27 zł/m²",Brak danych,Brak danych
1393,"Nowe Wykończone 2 pokoje 43,4m2 + ogródek 55m2, brak PCC, Właściciel.",859 000 zł,Kraków,Brak danych,"43,40 m² - 19792.63 zł/m²",2 pokoje,Brak danych
1394,⭐Odbierz duży Rabat- 2 pokoje + Hala Garażowa⭐ Umów się na dni Otwarte,618 900 zł,Warszawa - Dzisiaj O 14:14,Brak danych,"41,15 m² - 15040.1 zł/m²",2 pokoje,Brak danych
1395,Kawalerka po generalnym remoncie z pięknymi zachodami!,499 000 zł,Warszawa,Brak danych,"30,40 m² - 16414.47 zł/m²",1 pokój,Brak danych
1396,Funkcjonalne 2 pokoje z oddzielną kuchnią blisko centrum,369 000 zł,Białystok,Brak danych,"48,40 m² - 7623.97 zł/m²",2 pokoje,Brak danych
1397,"Nowoczesna kawalerka, Wrocław ul. Bierutowska",359 000 zł,Wrocław,Brak danych,"26,50 m² - 13547.17 zł/m²",1 pokój,Brak danych
1398,Mieszkanie do wprowadzenia | Rybnik | Parter,214 000 zł,Rybnik - 15 Lipca 2025,Brak danych,"39,79 m² - 5378.24 zł/m²",Brak danych,Parter
1399,Bezczynszowe mieszkanie-6 km od Koszalina!,259 000 zł,Koszalin,Brak danych,"47,50 m² - 5452.63 zł/m²",Brak danych,Brak danych
1400,"Mieszkanie (54,8 mkw.) Opalenica, os. Centrum",367 160 zł,Brak danych,Brak danych,"54,80 m² - 6700 zł/m²",Brak danych,Brak danych
1401,Gdańsk Mieszkanie 2 pokoje wykończone PRYWATNIE,545 000 zł,Gdańsk - 16 Lipca 2025,Brak danych,39 m² - 13974.36 zł/m²,2 pokoje,Brak danych
1402,Słoneczne jasne mieszkanie na Przytorzu,300 000 złdo negocjacji,Brak danych,Brak danych,"52,74 m² - 5688.28 zł/m²",Brak danych,Brak danych
1403,Mieszkanie z potrójnym potencjałem,449 000 zł,Brak danych,Brak danych,"55,90 m² - 8032.2 zł/m²",Brak danych,Brak danych
1404,Wygodne 2 pokoje do własnej aranżacji!,199 000 zł,Sosnowiec - Dzisiaj O 19:26,Brak danych,"32,71 m² - 6083.77 zł/m²",2 pokoje,Brak danych
1405,Mieszkanie z potencjałem w dzielnicy muzycznej,347 000 zł,Bydgoszcz - Dzisiaj O 14:10,Brak danych,"47,45 m² - 7312.96 zł/m²",Brak danych,Brak danych
1406,"Osiedle Leśne, 2 pokoje, I piętro",490 000 zł,Bydgoszcz - 16 Lipca 2025,Brak danych,"54,51 m² - 8989.18 zł/m²",2 pokoje,490 piętro
1407,BEZPOŚREDNIO 3-pokojowe mieszkanie z balkonem na os. Braniborskim,499 999 zł,Brak danych,Brak danych,"52,20 m² - 9578.52 zł/m²",Brak danych,Brak danych
1408,PRZESTRONNE Mieszkanie !! IDEALNE dla rodziny M3 ! Rzeszów Drabinianka,536 119 zł,Rzeszów - Odświeżono Dzisiaj O 09:34,Brak danych,"55,27 m² - 9700 zł/m²",Brak danych,Brak danych
1409,Nowe mieszkanie w stanie deweloperskim ul. Robotnicza - od ręki!,337 000 zł,Brak danych,Brak danych,"39,08 m² - 8623.34 zł/m²",Brak danych,Brak danych
1410,Mieszkanie 3-pokojowe gotowe do zamieszkania,399 000 zł,Starogard Gdański - 15 Lipca 2025,Brak danych,"48,90 m² - 8159.51 zł/m²",Brak danych,Brak danych
1411,2 pokoje z oddzielną kuchnią,550 000 zł,Warszawa,Brak danych,38 m² - 14473.68 zł/m²,2 pokoje,Brak danych
1412,2 Pokoje | Po remoncie | Dolina Trzech Stawów,439 000 zł,Katowice - Dzisiaj O 09:45,Brak danych,43 m² - 10209.3 zł/m²,2 pokoje,Brak danych
1413,⭐Przytulne mieszkanie 2- pokojowe ⭐ możliwość zakupu GARAŻU ⭐,205 000 zł,Brak danych,Brak danych,"33,90 m² - 6047.2 zł/m²",Brak danych,Brak danych
1414,2 pok mieszkanie na Bemowie osiedle Young City,540 000 zł,Warszawa,Brak danych,30 m² - 18000 zł/m²,Brak danych,Brak danych
1415,Kawalerka 30 m² po remoncie | Możliwość 2 pokoi | Wysoki standard,299 000 zł,Brak danych,Brak danych,30 m² - 9966.67 zł/m²,2 pokoje,Brak danych
1416,Duża Kawalerka blisko Uniwersytetu Szczecińskiego,395 000 zł,Szczecin,Brak danych,"43,40 m² - 9101.38 zł/m²",1 pokój,Brak danych
1417,Okazja. Przestronne 3 pokoje + kuchnio-jadalnia + ... !,760 000 zł,Toruń - 14 Czerwca 2025,Brak danych,72 m² - 10555.56 zł/m²,3 pokoje,Brak danych
1418,"Nowe Wykończone 2 pokoje 43,4m2 + ogródek 55m2, brak PCC, Właściciel.",859 000 zł,Kraków,Brak danych,"43,40 m² - 19792.63 zł/m²",2 pokoje,Brak danych
1419,"Niebuszewo, Mieszkanie 51m2 piętro 1",299 000 zł,Szczecin,Brak danych,"51,22 m² - 5837.56 zł/m²",Brak danych,2 piętro
1420,Mieszkanie 3 pokojowe z balkonem i zielenią za oknem,376 000 zł,Brak danych,Brak danych,48 m² - 7833.33 zł/m²,3 pokoje,Brak danych
1421,"2 pokoje, klimatyczne mieszkanie na sprzedaż, winda! [REZERWACJA]",290 000 zł,Łódź,Brak danych,"38,30 m² - 7571.8 zł/m²",2 pokoje,Brak danych
1422,"Kawalerka 28,3m2 z balkonem, do remontu, metro",375 000 zł,Warszawa,Brak danych,"28,30 m² - 13250.88 zł/m²",1 pokój,Brak danych
1423,Kawalerka z kuchnią | Górczyn | 32 m² | Widok z 8. piętra,260 000 zł,Gorzów Wielkopolski - Dzisiaj O 16:05,Brak danych,"32,40 m² - 8024.69 zł/m²",1 pokój,Brak danych
1424,"Mieszkanie 2-pokojowe, Zajezdnia Wrzeszcz, 47 m²",880 000 zł,Gdańsk,Brak danych,"47,22 m² - 18636.17 zł/m²",Brak danych,Brak danych
1425,Mieszkanie 3 pokojowe w starej kamienicy w Siemianowicach Śląskich,185 000 zł,Brak danych,Brak danych,87 m² - 2126.44 zł/m²,3 pokoje,Brak danych
1426,Pilnie#2-pokoje# Metro # okazja#,530 000 zł,Warszawa,Brak danych,"37,54 m² - 14118.27 zł/m²",Brak danych,Brak danych
1427,⭐Odbierz duży Rabat- 2 pokoje + Hala Garażowa⭐ Umów się na dni Otwarte,618 900 zł,Warszawa - Dzisiaj O 14:14,Brak danych,"41,15 m² - 15040.1 zł/m²",2 pokoje,Brak danych
1428,Sprzedam mieszkanie z balkonem !,320 000 zł,Brak danych,Brak danych,"51,26 m² - 6242.68 zł/m²",Brak danych,Brak danych
1429,Kawalerka po generalnym remoncie z pięknymi zachodami!,499 000 zł,Warszawa,Brak danych,"30,40 m² - 16414.47 zł/m²",1 pokój,Brak danych
1430,Funkcjonalne 2 pokoje z oddzielną kuchnią blisko centrum,369 000 zł,Białystok,Brak danych,"48,40 m² - 7623.97 zł/m²",2 pokoje,Brak danych
1431,"Nowoczesna kawalerka, Wrocław ul. Bierutowska",359 000 zł,Wrocław,Brak danych,"26,50 m² - 13547.17 zł/m²",1 pokój,Brak danych
1432,Mieszkanie do wprowadzenia | Rybnik | Parter,214 000 zł,Rybnik - 15 Lipca 2025,Brak danych,"39,79 m² - 5378.24 zł/m²",Brak danych,Parter
1433,Bezczynszowe mieszkanie-6 km od Koszalina!,259 000 zł,Koszalin,Brak danych,"47,50 m² - 5452.63 zł/m²",Brak danych,Brak danych
1434,"Mieszkanie (54,8 mkw.) Opalenica, os. Centrum",367 160 zł,Brak danych,Brak danych,"54,80 m² - 6700 zł/m²",Brak danych,Brak danych
1435,Gdańsk Mieszkanie 2 pokoje wykończone PRYWATNIE,545 000 zł,Gdańsk - 16 Lipca 2025,Brak danych,39 m² - 13974.36 zł/m²,2 pokoje,Brak danych
1436,Słoneczne jasne mieszkanie na Przytorzu,300 000 złdo negocjacji,Brak danych,Brak danych,"52,74 m² - 5688.28 zł/m²",Brak danych,Brak danych
1437,Mieszkanie z potrójnym potencjałem,449 000 zł,Brak danych,Brak danych,"55,90 m² - 8032.2 zł/m²",Brak danych,Brak danych
1438,Wygodne 2 pokoje do własnej aranżacji!,199 000 zł,Sosnowiec - Dzisiaj O 19:26,Brak danych,"32,71 m² - 6083.77 zł/m²",2 pokoje,Brak danych
1439,Mieszkanie z potencjałem w dzielnicy muzycznej,347 000 zł,Bydgoszcz - Dzisiaj O 14:10,Brak danych,"47,45 m² - 7312.96 zł/m²",Brak danych,Brak danych
1440,"Osiedle Leśne, 2 pokoje, I piętro",490 000 zł,Bydgoszcz - 16 Lipca 2025,Brak danych,"54,51 m² - 8989.18 zł/m²",2 pokoje,490 piętro
1441,BEZPOŚREDNIO 3-pokojowe mieszkanie z balkonem na os. Braniborskim,499 999 zł,Brak danych,Brak danych,"52,20 m² - 9578.52 zł/m²",Brak danych,Brak danych
1442,PRZESTRONNE Mieszkanie !! IDEALNE dla rodziny M3 ! Rzeszów Drabinianka,536 119 zł,Rzeszów - Odświeżono Dzisiaj O 09:34,Brak danych,"55,27 m² - 9700 zł/m²",Brak danych,Brak danych
1443,Nowe mieszkanie w stanie deweloperskim ul. Robotnicza - od ręki!,337 000 zł,Brak danych,Brak danych,"39,08 m² - 8623.34 zł/m²",Brak danych,Brak danych
1444,Mieszkanie 3-pokojowe gotowe do zamieszkania,399 000 zł,Starogard Gdański - 15 Lipca 2025,Brak danych,"48,90 m² - 8159.51 zł/m²",Brak danych,Brak danych
1445,2 pokoje z oddzielną kuchnią,550 000 zł,Warszawa,Brak danych,38 m² - 14473.68 zł/m²,2 pokoje,Brak danych
1446,2 Pokoje | Po remoncie | Dolina Trzech Stawów,439 000 zł,Katowice - Dzisiaj O 09:45,Brak danych,43 m² - 10209.3 zł/m²,2 pokoje,Brak danych
1447,⭐Przytulne mieszkanie 2- pokojowe ⭐ możliwość zakupu GARAŻU ⭐,205 000 zł,Brak danych,Brak danych,"33,90 m² - 6047.2 zł/m²",Brak danych,Brak danych
1448,2 pok mieszkanie na Bemowie osiedle Young City,540 000 zł,Warszawa,Brak danych,30 m² - 18000 zł/m²,Brak danych,Brak danych
1449,Kawalerka 30 m² po remoncie | Możliwość 2 pokoi | Wysoki standard,299 000 zł,Brak danych,Brak danych,30 m² - 9966.67 zł/m²,2 pokoje,Brak danych
1450,Duża Kawalerka blisko Uniwersytetu Szczecińskiego,395 000 zł,Szczecin,Brak danych,"43,40 m² - 9101.38 zł/m²",1 pokój,Brak danych
1451,Okazja. Przestronne 3 pokoje + kuchnio-jadalnia + ... !,760 000 zł,Toruń - 14 Czerwca 2025,Brak danych,72 m² - 10555.56 zł/m²,3 pokoje,Brak danych
1452,"Nowe Wykończone 2 pokoje 43,4m2 + ogródek 55m2, brak PCC, Właściciel.",859 000 zł,Kraków,Brak danych,"43,40 m² - 19792.63 zł/m²",2 pokoje,Brak danych
1453,"Niebuszewo, Mieszkanie 51m2 piętro 1",299 000 zł,Szczecin,Brak danych,"51,22 m² - 5837.56 zł/m²",Brak danych,2 piętro
1454,Mieszkanie 3 pokojowe z balkonem i zielenią za oknem,376 000 zł,Brak danych,Brak danych,48 m² - 7833.33 zł/m²,3 pokoje,Brak danych
1455,"2 pokoje, klimatyczne mieszkanie na sprzedaż, winda! [REZERWACJA]",290 000 zł,Łódź,Brak danych,"38,30 m² - 7571.8 zł/m²",2 pokoje,Brak danych
1456,"Kawalerka 28,3m2 z balkonem, do remontu, metro",375 000 zł,Warszawa,Brak danych,"28,30 m² - 13250.88 zł/m²",1 pokój,Brak danych
1457,Kawalerka z kuchnią | Górczyn | 32 m² | Widok z 8. piętra,260 000 zł,Gorzów Wielkopolski - Dzisiaj O 16:05,Brak danych,"32,40 m² - 8024.69 zł/m²",1 pokój,Brak danych
1458,"Mieszkanie 2-pokojowe, Zajezdnia Wrzeszcz, 47 m²",880 000 zł,Gdańsk,Brak danych,"47,22 m² - 18636.17 zł/m²",Brak danych,Brak danych
1459,Mieszkanie 3 pokojowe w starej kamienicy w Siemianowicach Śląskich,185 000 zł,Brak danych,Brak danych,87 m² - 2126.44 zł/m²,3 pokoje,Brak danych
1460,Pilnie#2-pokoje# Metro # okazja#,530 000 zł,Warszawa,Brak danych,"37,54 m² - 14118.27 zł/m²",Brak danych,Brak danych
1461,⭐Odbierz duży Rabat- 2 pokoje + Hala Garażowa⭐ Umów się na dni Otwarte,618 900 zł,Warszawa - Dzisiaj O 14:14,Brak danych,"41,15 m² - 15040.1 zł/m²",2 pokoje,Brak danych
1462,Sprzedam mieszkanie 3-pokojowe,650 000 zł,Opole - 16 Lipca 2025,Brak danych,"61,68 m² - 10538.26 zł/m²",Brak danych,Brak danych
1463,Kawalerka po generalnym remoncie z pięknymi zachodami!,499 000 zł,Warszawa,Brak danych,"30,40 m² - 16414.47 zł/m²",1 pokój,Brak danych
1464,Funkcjonalne 2 pokoje z oddzielną kuchnią blisko centrum,369 000 zł,Białystok,Brak danych,"48,40 m² - 7623.97 zł/m²",2 pokoje,Brak danych
1465,"Nowoczesna kawalerka, Wrocław ul. Bierutowska",359 000 zł,Wrocław,Brak danych,"26,50 m² - 13547.17 zł/m²",1 pokój,Brak danych
1466,Mieszkanie do wprowadzenia | Rybnik | Parter,214 000 zł,Rybnik - 15 Lipca 2025,Brak danych,"39,79 m² - 5378.24 zł/m²",Brak danych,Parter
1467,Bezczynszowe mieszkanie-6 km od Koszalina!,259 000 zł,Koszalin,Brak danych,"47,50 m² - 5452.63 zł/m²",Brak danych,Brak danych
1468,"Mieszkanie (54,8 mkw.) Opalenica, os. Centrum",367 160 zł,Brak danych,Brak danych,"54,80 m² - 6700 zł/m²",Brak danych,Brak danych
1469,Gdańsk Mieszkanie 2 pokoje wykończone PRYWATNIE,545 000 zł,Gdańsk - 16 Lipca 2025,Brak danych,39 m² - 13974.36 zł/m²,2 pokoje,Brak danych
1470,Słoneczne jasne mieszkanie na Przytorzu,300 000 złdo negocjacji,Brak danych,Brak danych,"52,74 m² - 5688.28 zł/m²",Brak danych,Brak danych
1471,Mieszkanie z potrójnym potencjałem,449 000 zł,Brak danych,Brak danych,"55,90 m² - 8032.2 zł/m²",Brak danych,Brak danych
1472,Wygodne 2 pokoje do własnej aranżacji!,199 000 zł,Sosnowiec - Dzisiaj O 19:26,Brak danych,"32,71 m² - 6083.77 zł/m²",2 pokoje,Brak danych
1473,Mieszkanie z potencjałem w dzielnicy muzycznej,347 000 zł,Bydgoszcz - Dzisiaj O 14:10,Brak danych,"47,45 m² - 7312.96 zł/m²",Brak danych,Brak danych
1474,"Osiedle Leśne, 2 pokoje, I piętro",490 000 zł,Bydgoszcz - 16 Lipca 2025,Brak danych,"54,51 m² - 8989.18 zł/m²",2 pokoje,490 piętro
1475,BEZPOŚREDNIO 3-pokojowe mieszkanie z balkonem na os. Braniborskim,499 999 zł,Brak danych,Brak danych,"52,20 m² - 9578.52 zł/m²",Brak danych,Brak danych
1476,PRZESTRONNE Mieszkanie !! IDEALNE dla rodziny M3 ! Rzeszów Drabinianka,536 119 zł,Rzeszów - Odświeżono Dzisiaj O 09:34,Brak danych,"55,27 m² - 9700 zł/m²",Brak danych,Brak danych
1477,Nowe mieszkanie w stanie deweloperskim ul. Robotnicza - od ręki!,337 000 zł,Brak danych,Brak danych,"39,08 m² - 8623.34 zł/m²",Brak danych,Brak danych
1478,Mieszkanie 3-pokojowe gotowe do zamieszkania,399 000 zł,Starogard Gdański - 15 Lipca 2025,Brak danych,"48,90 m² - 8159.51 zł/m²",Brak danych,Brak danych
1479,2 pokoje z oddzielną kuchnią,550 000 zł,Warszawa,Brak danych,38 m² - 14473.68 zł/m²,2 pokoje,Brak danych
1480,2 Pokoje | Po remoncie | Dolina Trzech Stawów,439 000 zł,Katowice - Dzisiaj O 09:45,Brak danych,43 m² - 10209.3 zł/m²,2 pokoje,Brak danych
1481,⭐Przytulne mieszkanie 2- pokojowe ⭐ możliwość zakupu GARAŻU ⭐,205 000 zł,Brak danych,Brak danych,"33,90 m² - 6047.2 zł/m²",Brak danych,Brak danych
1482,2 pok mieszkanie na Bemowie osiedle Young City,540 000 zł,Warszawa,Brak danych,30 m² - 18000 zł/m²,Brak danych,Brak danych
1483,Kawalerka 30 m² po remoncie | Możliwość 2 pokoi | Wysoki standard,299 000 zł,Brak danych,Brak danych,30 m² - 9966.67 zł/m²,2 pokoje,Brak danych
1484,Duża Kawalerka blisko Uniwersytetu Szczecińskiego,395 000 zł,Szczecin,Brak danych,"43,40 m² - 9101.38 zł/m²",1 pokój,Brak danych
1485,Okazja. Przestronne 3 pokoje + kuchnio-jadalnia + ... !,760 000 zł,Toruń - 14 Czerwca 2025,Brak danych,72 m² - 10555.56 zł/m²,3 pokoje,Brak danych
1486,"Nowe Wykończone 2 pokoje 43,4m2 + ogródek 55m2, brak PCC, Właściciel.",859 000 zł,Kraków,Brak danych,"43,40 m² - 19792.63 zł/m²",2 pokoje,Brak danych
1487,"Niebuszewo, Mieszkanie 51m2 piętro 1",299 000 zł,Szczecin,Brak danych,"51,22 m² - 5837.56 zł/m²",Brak danych,2 piętro
1488,Mieszkanie 3 pokojowe z balkonem i zielenią za oknem,376 000 zł,Brak danych,Brak danych,48 m² - 7833.33 zł/m²,3 pokoje,Brak danych
1489,"2 pokoje, klimatyczne mieszkanie na sprzedaż, winda! [REZERWACJA]",290 000 zł,Łódź,Brak danych,"38,30 m² - 7571.8 zł/m²",2 pokoje,Brak danych
1490,"Kawalerka 28,3m2 z balkonem, do remontu, metro",375 000 zł,Warszawa,Brak danych,"28,30 m² - 13250.88 zł/m²",1 pokój,Brak danych
1491,Kawalerka z kuchnią | Górczyn | 32 m² | Widok z 8. piętra,260 000 zł,Gorzów Wielkopolski - Dzisiaj O 16:05,Brak danych,"32,40 m² - 8024.69 zł/m²",1 pokój,Brak danych
1492,"Mieszkanie 2-pokojowe, Zajezdnia Wrzeszcz, 47 m²",880 000 zł,Gdańsk,Brak danych,"47,22 m² - 18636.17 zł/m²",Brak danych,Brak danych
1493,Mieszkanie 3 pokojowe w starej kamienicy w Siemianowicach Śląskich,185 000 zł,Brak danych,Brak danych,87 m² - 2126.44 zł/m²,3 pokoje,Brak danych
1494,Pilnie#2-pokoje# Metro # okazja#,530 000 zł,Warszawa,Brak danych,"37,54 m² - 14118.27 zł/m²",Brak danych,Brak danych
1495,⭐Odbierz duży Rabat- 2 pokoje + Hala Garażowa⭐ Umów się na dni Otwarte,618 900 zł,Warszawa - Dzisiaj O 14:14,Brak danych,"41,15 m² - 15040.1 zł/m²",2 pokoje,Brak danych
1496,Sprzedam mieszkanie 3-pokojowe,650 000 zł,Opole - 16 Lipca 2025,Brak danych,"61,68 m² - 10538.26 zł/m²",Brak danych,Brak danych
1497,Kawalerka po generalnym remoncie z pięknymi zachodami!,499 000 zł,Warszawa,Brak danych,"30,40 m² - 16414.47 zł/m²",1 pokój,Brak danych
1498,Funkcjonalne 2 pokoje z oddzielną kuchnią blisko centrum,369 000 zł,Białystok,Brak danych,"48,40 m² - 7623.97 zł/m²",2 pokoje,Brak danych
1499,"Nowoczesna kawalerka, Wrocław ul. Bierutowska",359 000 zł,Wrocław,Brak danych,"26,50 m² - 13547.17 zł/m²",1 pokój,Brak danych
1500,Mieszkanie do wprowadzenia | Rybnik | Parter,214 000 zł,Rybnik - 15 Lipca 2025,Brak danych,"39,79 m² - 5378.24 zł/m²",Brak danych,Parter
1501,Bezczynszowe mieszkanie-6 km od Koszalina!,259 000 zł,Koszalin,Brak danych,"47,50 m² - 5452.63 zł/m²",Brak danych,Brak danych
1502,"Mieszkanie (54,8 mkw.) Opalenica, os. Centrum",367 160 zł,Brak danych,Brak danych,"54,80 m² - 6700 zł/m²",Brak danych,Brak danych
1503,Gdańsk Mieszkanie 2 pokoje wykończone PRYWATNIE,545 000 zł,Gdańsk - 16 Lipca 2025,Brak danych,39 m² - 13974.36 zł/m²,2 pokoje,Brak danych
1504,Słoneczne jasne mieszkanie na Przytorzu,300 000 złdo negocjacji,Brak danych,Brak danych,"52,74 m² - 5688.28 zł/m²",Brak danych,Brak danych
1505,Mieszkanie z potrójnym potencjałem,449 000 zł,Brak danych,Brak danych,"55,90 m² - 8032.2 zł/m²",Brak danych,Brak danych
1506,Wygodne 2 pokoje do własnej aranżacji!,199 000 zł,Sosnowiec - Dzisiaj O 19:26,Brak danych,"32,71 m² - 6083.77 zł/m²",2 pokoje,Brak danych
1507,Mieszkanie z potencjałem w dzielnicy muzycznej,347 000 zł,Bydgoszcz - Dzisiaj O 14:10,Brak danych,"47,45 m² - 7312.96 zł/m²",Brak danych,Brak danych
1508,"Osiedle Leśne, 2 pokoje, I piętro",490 000 zł,Bydgoszcz - 16 Lipca 2025,Brak danych,"54,51 m² - 8989.18 zł/m²",2 pokoje,490 piętro
1509,BEZPOŚREDNIO 3-pokojowe mieszkanie z balkonem na os. Braniborskim,499 999 zł,Brak danych,Brak danych,"52,20 m² - 9578.52 zł/m²",Brak danych,Brak danych
1510,PRZESTRONNE Mieszkanie !! IDEALNE dla rodziny M3 ! Rzeszów Drabinianka,536 119 zł,Rzeszów - Odświeżono Dzisiaj O 09:34,Brak danych,"55,27 m² - 9700 zł/m²",Brak danych,Brak danych
1511,Mieszkanie 3-pokojowe gotowe do zamieszkania,399 000 zł,Starogard Gdański - 15 Lipca 2025,Brak danych,"48,90 m² - 8159.51 zł/m²",Brak danych,Brak danych
1512,2 pokoje z oddzielną kuchnią,550 000 zł,Warszawa,Brak danych,38 m² - 14473.68 zł/m²,2 pokoje,Brak danych
1513,2 Pokoje | Po remoncie | Dolina Trzech Stawów,439 000 zł,Katowice - Dzisiaj O 09:45,Brak danych,43 m² - 10209.3 zł/m²,2 pokoje,Brak danych
1514,⭐Przytulne mieszkanie 2- pokojowe ⭐ możliwość zakupu GARAŻU ⭐,205 000 zł,Brak danych,Brak danych,"33,90 m² - 6047.2 zł/m²",Brak danych,Brak danych
1515,2 pok mieszkanie na Bemowie osiedle Young City,540 000 zł,Warszawa,Brak danych,30 m² - 18000 zł/m²,Brak danych,Brak danych
1516,Kawalerka 30 m² po remoncie | Możliwość 2 pokoi | Wysoki standard,299 000 zł,Brak danych,Brak danych,30 m² - 9966.67 zł/m²,2 pokoje,Brak danych
1517,Duża Kawalerka blisko Uniwersytetu Szczecińskiego,395 000 zł,Szczecin,Brak danych,"43,40 m² - 9101.38 zł/m²",1 pokój,Brak danych
1518,Nowe mieszkanie w stanie deweloperskim ul. Robotnicza - od ręki!,337 000 zł,Brak danych,Brak danych,"39,08 m² - 8623.34 zł/m²",Brak danych,Brak danych
1519,Okazja. Przestronne 3 pokoje + kuchnio-jadalnia + ... !,760 000 zł,Toruń - 14 Czerwca 2025,Brak danych,72 m² - 10555.56 zł/m²,3 pokoje,Brak danych
1520,"Nowe Wykończone 2 pokoje 43,4m2 + ogródek 55m2, brak PCC, Właściciel.",859 000 zł,Kraków,Brak danych,"43,40 m² - 19792.63 zł/m²",2 pokoje,Brak danych
1521,"Niebuszewo, Mieszkanie 51m2 piętro 1",299 000 zł,Szczecin,Brak danych,"51,22 m² - 5837.56 zł/m²",Brak danych,2 piętro
1522,Mieszkanie 3 pokojowe z balkonem i zielenią za oknem,376 000 zł,Brak danych,Brak danych,48 m² - 7833.33 zł/m²,3 pokoje,Brak danych
1523,"2 pokoje, klimatyczne mieszkanie na sprzedaż, winda! [REZERWACJA]",290 000 zł,Łódź,Brak danych,"38,30 m² - 7571.8 zł/m²",2 pokoje,Brak danych
1524,"Kawalerka 28,3m2 z balkonem, do remontu, metro",375 000 zł,Warszawa,Brak danych,"28,30 m² - 13250.88 zł/m²",1 pokój,Brak danych
1525,Kawalerka z kuchnią | Górczyn | 32 m² | Widok z 8. piętra,260 000 zł,Gorzów Wielkopolski - Dzisiaj O 16:05,Brak danych,"32,40 m² - 8024.69 zł/m²",1 pokój,Brak danych
1526,"Mieszkanie 2-pokojowe, Zajezdnia Wrzeszcz, 47 m²",880 000 zł,Gdańsk,Brak danych,"47,22 m² - 18636.17 zł/m²",Brak danych,Brak danych
1527,Mieszkanie 3 pokojowe w starej kamienicy w Siemianowicach Śląskich,185 000 zł,Brak danych,Brak danych,87 m² - 2126.44 zł/m²,3 pokoje,Brak danych
1528,Pilnie#2-pokoje# Metro # okazja#,530 000 zł,Warszawa,Brak danych,"37,54 m² - 14118.27 zł/m²",Brak danych,Brak danych
1529,⭐Odbierz duży Rabat- 2 pokoje + Hala Garażowa⭐ Umów się na dni Otwarte,618 900 zł,Warszawa - Dzisiaj O 14:14,Brak danych,"41,15 m² - 15040.1 zł/m²",2 pokoje,Brak danych
1530,Sprzedam mieszkanie 3-pokojowe,650 000 zł,Opole - 16 Lipca 2025,Brak danych,"61,68 m² - 10538.26 zł/m²",Brak danych,Brak danych
1531,Kawalerka po generalnym remoncie z pięknymi zachodami!,499 000 zł,Warszawa,Brak danych,"30,40 m² - 16414.47 zł/m²",1 pokój,Brak danych
1532,Funkcjonalne 2 pokoje z oddzielną kuchnią blisko centrum,369 000 zł,Białystok,Brak danych,"48,40 m² - 7623.97 zł/m²",2 pokoje,Brak danych
1533,"Nowoczesna kawalerka, Wrocław ul. Bierutowska",359 000 zł,Wrocław,Brak danych,"26,50 m² - 13547.17 zł/m²",1 pokój,Brak danych
1534,Mieszkanie do wprowadzenia | Rybnik | Parter,214 000 zł,Rybnik - 15 Lipca 2025,Brak danych,"39,79 m² - 5378.24 zł/m²",Brak danych,Parter
1535,Bezczynszowe mieszkanie-6 km od Koszalina!,259 000 zł,Koszalin,Brak danych,"47,50 m² - 5452.63 zł/m²",Brak danych,Brak danych
1536,"Mieszkanie (54,8 mkw.) Opalenica, os. Centrum",367 160 zł,Brak danych,Brak danych,"54,80 m² - 6700 zł/m²",Brak danych,Brak danych
1537,Gdańsk Mieszkanie 2 pokoje wykończone PRYWATNIE,545 000 zł,Gdańsk - 16 Lipca 2025,Brak danych,39 m² - 13974.36 zł/m²,2 pokoje,Brak danych
1538,Słoneczne jasne mieszkanie na Przytorzu,300 000 złdo negocjacji,Brak danych,Brak danych,"52,74 m² - 5688.28 zł/m²",Brak danych,Brak danych
1539,Mieszkanie z 3 sypialniami na parterze w Łowiczu,565 000 zł,Brak danych,Brak danych,"75,91 m² - 7443.02 zł/m²",Brak danych,Parter
1540,Mieszkanie z potrójnym potencjałem,449 000 zł,Brak danych,Brak danych,"55,90 m² - 8032.2 zł/m²",Brak danych,Brak danych
1541,Wygodne 2 pokoje do własnej aranżacji!,199 000 zł,Sosnowiec - Dzisiaj O 19:26,Brak danych,"32,71 m² - 6083.77 zł/m²",2 pokoje,Brak danych
1542,Mieszkanie z potencjałem w dzielnicy muzycznej,347 000 zł,Bydgoszcz - Dzisiaj O 14:10,Brak danych,"47,45 m² - 7312.96 zł/m²",Brak danych,Brak danych
1543,"Osiedle Leśne, 2 pokoje, I piętro",490 000 zł,Bydgoszcz - 16 Lipca 2025,Brak danych,"54,51 m² - 8989.18 zł/m²",2 pokoje,490 piętro
1544,PRZESTRONNE Mieszkanie !! IDEALNE dla rodziny M3 ! Rzeszów Drabinianka,536 119 zł,Rzeszów - Odświeżono Dzisiaj O 09:34,Brak danych,"55,27 m² - 9700 zł/m²",Brak danych,Brak danych
1545,Nowe mieszkanie w stanie deweloperskim ul. Robotnicza - od ręki!,337 000 zł,Brak danych,Brak danych,"39,08 m² - 8623.34 zł/m²",Brak danych,Brak danych
1546,BEZPOŚREDNIO 3-pokojowe mieszkanie z balkonem na os. Braniborskim,499 999 zł,Brak danych,Brak danych,"52,20 m² - 9578.52 zł/m²",Brak danych,Brak danych
1547,Mieszkanie 3-pokojowe gotowe do zamieszkania,399 000 zł,Starogard Gdański - 15 Lipca 2025,Brak danych,"48,90 m² - 8159.51 zł/m²",Brak danych,Brak danych
1548,2 pokoje z oddzielną kuchnią,550 000 zł,Warszawa,Brak danych,38 m² - 14473.68 zł/m²,2 pokoje,Brak danych
1549,2 Pokoje | Po remoncie | Dolina Trzech Stawów,439 000 zł,Katowice - Dzisiaj O 09:45,Brak danych,43 m² - 10209.3 zł/m²,2 pokoje,Brak danych
1550,⭐Przytulne mieszkanie 2- pokojowe ⭐ możliwość zakupu GARAŻU ⭐,205 000 zł,Brak danych,Brak danych,"33,90 m² - 6047.2 zł/m²",Brak danych,Brak danych
1551,2 pok mieszkanie na Bemowie osiedle Young City,540 000 zł,Warszawa,Brak danych,30 m² - 18000 zł/m²,Brak danych,Brak danych
1552,Kawalerka 30 m² po remoncie | Możliwość 2 pokoi | Wysoki standard,299 000 zł,Brak danych,Brak danych,30 m² - 9966.67 zł/m²,2 pokoje,Brak danych
1553,Duża Kawalerka blisko Uniwersytetu Szczecińskiego,395 000 zł,Szczecin,Brak danych,"43,40 m² - 9101.38 zł/m²",1 pokój,Brak danych
1554,Okazja. Przestronne 3 pokoje + kuchnio-jadalnia + ... !,760 000 zł,Toruń - 14 Czerwca 2025,Brak danych,72 m² - 10555.56 zł/m²,3 pokoje,Brak danych
1555,"Nowe Wykończone 2 pokoje 43,4m2 + ogródek 55m2, brak PCC, Właściciel.",859 000 zł,Kraków,Brak danych,"43,40 m² - 19792.63 zł/m²",2 pokoje,Brak danych
1556,"Niebuszewo, Mieszkanie 51m2 piętro 1",299 000 zł,Szczecin,Brak danych,"51,22 m² - 5837.56 zł/m²",Brak danych,2 piętro
1557,Mieszkanie 3 pokojowe z balkonem i zielenią za oknem,376 000 zł,Brak danych,Brak danych,48 m² - 7833.33 zł/m²,3 pokoje,Brak danych
1558,"2 pokoje, klimatyczne mieszkanie na sprzedaż, winda! [REZERWACJA]",290 000 zł,Łódź,Brak danych,"38,30 m² - 7571.8 zł/m²",2 pokoje,Brak danych
1559,"Kawalerka 28,3m2 z balkonem, do remontu, metro",375 000 zł,Warszawa,Brak danych,"28,30 m² - 13250.88 zł/m²",1 pokój,Brak danych
1560,Kawalerka z kuchnią | Górczyn | 32 m² | Widok z 8. piętra,260 000 zł,Gorzów Wielkopolski - Dzisiaj O 16:05,Brak danych,"32,40 m² - 8024.69 zł/m²",1 pokój,Brak danych
1561,"Mieszkanie 2-pokojowe, Zajezdnia Wrzeszcz, 47 m²",880 000 zł,Gdańsk,Brak danych,"47,22 m² - 18636.17 zł/m²",Brak danych,Brak danych
1562,Mieszkanie 3 pokojowe w starej kamienicy w Siemianowicach Śląskich,185 000 zł,Brak danych,Brak danych,87 m² - 2126.44 zł/m²,3 pokoje,Brak danych
1563,⭐Odbierz duży Rabat- 2 pokoje + Hala Garażowa⭐ Umów się na dni Otwarte,618 900 zł,Warszawa - Dzisiaj O 14:14,Brak danych,"41,15 m² - 15040.1 zł/m²",2 pokoje,Brak danych
1564,Sprzedam mieszkanie z balkonem !,320 000 zł,Brak danych,Brak danych,"51,26 m² - 6242.68 zł/m²",Brak danych,Brak danych
1565,Pilnie#2-pokoje# Metro # okazja#,530 000 zł,Warszawa,Brak danych,"37,54 m² - 14118.27 zł/m²",Brak danych,Brak danych
1566,Kawalerka po generalnym remoncie z pięknymi zachodami!,499 000 zł,Warszawa,Brak danych,"30,40 m² - 16414.47 zł/m²",1 pokój,Brak danych
1567,Funkcjonalne 2 pokoje z oddzielną kuchnią blisko centrum,369 000 zł,Białystok,Brak danych,"48,40 m² - 7623.97 zł/m²",2 pokoje,Brak danych
1568,"Nowoczesna kawalerka, Wrocław ul. Bierutowska",359 000 zł,Wrocław,Brak danych,"26,50 m² - 13547.17 zł/m²",1 pokój,Brak danych
1569,Mieszkanie do wprowadzenia | Rybnik | Parter,214 000 zł,Rybnik - 15 Lipca 2025,Brak danych,"39,79 m² - 5378.24 zł/m²",Brak danych,Parter
1570,Bezczynszowe mieszkanie-6 km od Koszalina!,259 000 zł,Koszalin,Brak danych,"47,50 m² - 5452.63 zł/m²",Brak danych,Brak danych
1571,"Mieszkanie (54,8 mkw.) Opalenica, os. Centrum",367 160 zł,Brak danych,Brak danych,"54,80 m² - 6700 zł/m²",Brak danych,Brak danych
1572,Słoneczne jasne mieszkanie na Przytorzu,300 000 złdo negocjacji,Brak danych,Brak danych,"52,74 m² - 5688.28 zł/m²",Brak danych,Brak danych
1573,Mieszkanie z potrójnym potencjałem,449 000 zł,Brak danych,Brak danych,"55,90 m² - 8032.2 zł/m²",Brak danych,Brak danych
1574,Wygodne 2 pokoje do własnej aranżacji!,199 000 zł,Sosnowiec - Dzisiaj O 19:26,Brak danych,"32,71 m² - 6083.77 zł/m²",2 pokoje,Brak danych
1575,Mieszkanie z potencjałem w dzielnicy muzycznej,347 000 zł,Bydgoszcz - Dzisiaj O 14:10,Brak danych,"47,45 m² - 7312.96 zł/m²",Brak danych,Brak danych
1576,"Osiedle Leśne, 2 pokoje, I piętro",490 000 zł,Bydgoszcz - 16 Lipca 2025,Brak danych,"54,51 m² - 8989.18 zł/m²",2 pokoje,490 piętro
1577,BEZPOŚREDNIO 3-pokojowe mieszkanie z balkonem na os. Braniborskim,499 999 zł,Brak danych,Brak danych,"52,20 m² - 9578.52 zł/m²",Brak danych,Brak danych
1578,PRZESTRONNE Mieszkanie !! IDEALNE dla rodziny M3 ! Rzeszów Drabinianka,536 119 zł,Rzeszów - Odświeżono Dzisiaj O 09:34,Brak danych,"55,27 m² - 9700 zł/m²",Brak danych,Brak danych
1579,Mieszkanie 3-pokojowe gotowe do zamieszkania,399 000 zł,Starogard Gdański - 15 Lipca 2025,Brak danych,"48,90 m² - 8159.51 zł/m²",Brak danych,Brak danych
1580,2 pokoje z oddzielną kuchnią,550 000 zł,Warszawa,Brak danych,38 m² - 14473.68 zł/m²,2 pokoje,Brak danych
1581,2 Pokoje | Po remoncie | Dolina Trzech Stawów,439 000 zł,Katowice - Dzisiaj O 09:45,Brak danych,43 m² - 10209.3 zł/m²,2 pokoje,Brak danych
1582,⭐Przytulne mieszkanie 2- pokojowe ⭐ możliwość zakupu GARAŻU ⭐,205 000 zł,Brak danych,Brak danych,"33,90 m² - 6047.2 zł/m²",Brak danych,Brak danych
1583,2 pok mieszkanie na Bemowie osiedle Young City,540 000 zł,Warszawa,Brak danych,30 m² - 18000 zł/m²,Brak danych,Brak danych
1584,Kawalerka 30 m² po remoncie | Możliwość 2 pokoi | Wysoki standard,299 000 zł,Brak danych,Brak danych,30 m² - 9966.67 zł/m²,2 pokoje,Brak danych
1585,Duża Kawalerka blisko Uniwersytetu Szczecińskiego,395 000 zł,Szczecin,Brak danych,"43,40 m² - 9101.38 zł/m²",1 pokój,Brak danych
1586,Nowe mieszkanie w stanie deweloperskim ul. Robotnicza - od ręki!,337 000 zł,Brak danych,Brak danych,"39,08 m² - 8623.34 zł/m²",Brak danych,Brak danych
1587,Okazja. Przestronne 3 pokoje + kuchnio-jadalnia + ... !,760 000 zł,Toruń - 14 Czerwca 2025,Brak danych,72 m² - 10555.56 zł/m²,3 pokoje,Brak danych
1588,"Nowe Wykończone 2 pokoje 43,4m2 + ogródek 55m2, brak PCC, Właściciel.",859 000 zł,Kraków,Brak danych,"43,40 m² - 19792.63 zł/m²",2 pokoje,Brak danych
1589,"Niebuszewo, Mieszkanie 51m2 piętro 1",299 000 zł,Szczecin,Brak danych,"51,22 m² - 5837.56 zł/m²",Brak danych,2 piętro
1590,Mieszkanie 3 pokojowe z balkonem i zielenią za oknem,376 000 zł,Brak danych,Brak danych,48 m² - 7833.33 zł/m²,3 pokoje,Brak danych
1591,"2 pokoje, klimatyczne mieszkanie na sprzedaż, winda! [REZERWACJA]",290 000 zł,Łódź,Brak danych,"38,30 m² - 7571.8 zł/m²",2 pokoje,Brak danych
1592,"Kawalerka 28,3m2 z balkonem, do remontu, metro",375 000 zł,Warszawa,Brak danych,"28,30 m² - 13250.88 zł/m²",1 pokój,Brak danych
1593,Kawalerka z kuchnią | Górczyn | 32 m² | Widok z 8. piętra,260 000 zł,Gorzów Wielkopolski - Dzisiaj O 16:05,Brak danych,"32,40 m² - 8024.69 zł/m²",1 pokój,Brak danych
1594,"Mieszkanie 2-pokojowe, Zajezdnia Wrzeszcz, 47 m²",880 000 zł,Gdańsk,Brak danych,"47,22 m² - 18636.17 zł/m²",Brak danych,Brak danych
1595,Mieszkanie 3 pokojowe w starej kamienicy w Siemianowicach Śląskich,185 000 zł,Brak danych,Brak danych,87 m² - 2126.44 zł/m²,3 pokoje,Brak danych
1596,Pilnie#2-pokoje# Metro # okazja#,530 000 zł,Warszawa,Brak danych,"37,54 m² - 14118.27 zł/m²",Brak danych,Brak danych
1597,⭐Odbierz duży Rabat- 2 pokoje + Hala Garażowa⭐ Umów się na dni Otwarte,618 900 zł,Warszawa - Dzisiaj O 14:14,Brak danych,"41,15 m² - 15040.1 zł/m²",2 pokoje,Brak danych
1598,Mieszkanie Opole ZWM 51M2 2 Pokoje Balkon Winda dla niepełnosprawnych,499 000 złdo negocjacji,Opole - Odświeżono Dnia 16 Lipca 2025,Brak danych,50 m² - 9980 zł/m²,2 pokoje,Brak danych
1599,Kawalerka po generalnym remoncie z pięknymi zachodami!,499 000 zł,Warszawa,Brak danych,"30,40 m² - 16414.47 zł/m²",1 pokój,Brak danych
1600,Funkcjonalne 2 pokoje z oddzielną kuchnią blisko centrum,369 000 zł,Białystok,Brak danych,"48,40 m² - 7623.97 zł/m²",2 pokoje,Brak danych
1601,"Nowoczesna kawalerka, Wrocław ul. Bierutowska",359 000 zł,Wrocław,Brak danych,"26,50 m² - 13547.17 zł/m²",1 pokój,Brak danych
1602,Mieszkanie do wprowadzenia | Rybnik | Parter,214 000 zł,Rybnik - 15 Lipca 2025,Brak danych,"39,79 m² - 5378.24 zł/m²",Brak danych,Parter
1603,Bezczynszowe mieszkanie-6 km od Koszalina!,259 000 zł,Koszalin,Brak danych,"47,50 m² - 5452.63 zł/m²",Brak danych,Brak danych
1604,"Mieszkanie (54,8 mkw.) Opalenica, os. Centrum",367 160 zł,Brak danych,Brak danych,"54,80 m² - 6700 zł/m²",Brak danych,Brak danych
1605,Gdańsk Mieszkanie 2 pokoje wykończone PRYWATNIE,545 000 zł,Gdańsk - 16 Lipca 2025,Brak danych,39 m² - 13974.36 zł/m²,2 pokoje,Brak danych
1606,M3 Mieszkanie 2 pokoje Sierakowskiego po remoncie Łódź,359 000 zł,Łódź,Brak danych,"38,30 m² - 9373.37 zł/m²",2 pokoje,Brak danych
1607,Słoneczne jasne mieszkanie na Przytorzu,300 000 złdo negocjacji,Brak danych,Brak danych,"52,74 m² - 5688.28 zł/m²",Brak danych,Brak danych
1608,Mieszkanie z 3 sypialniami na parterze w Łowiczu,565 000 zł,Brak danych,Brak danych,"75,91 m² - 7443.02 zł/m²",Brak danych,Parter
1609,Mieszkanie z potrójnym potencjałem,449 000 zł,Brak danych,Brak danych,"55,90 m² - 8032.2 zł/m²",Brak danych,Brak danych
1610,Wygodne 2 pokoje do własnej aranżacji!,199 000 zł,Sosnowiec - Dzisiaj O 19:26,Brak danych,"32,71 m² - 6083.77 zł/m²",2 pokoje,Brak danych
1611,Mieszkanie z potencjałem w dzielnicy muzycznej,347 000 zł,Bydgoszcz - Dzisiaj O 14:10,Brak danych,"47,45 m² - 7312.96 zł/m²",Brak danych,Brak danych
1612,"Osiedle Leśne, 2 pokoje, I piętro",490 000 zł,Bydgoszcz - 16 Lipca 2025,Brak danych,"54,51 m² - 8989.18 zł/m²",2 pokoje,490 piętro
1613,PRZESTRONNE Mieszkanie !! IDEALNE dla rodziny M3 ! Rzeszów Drabinianka,536 119 zł,Rzeszów - Odświeżono Dzisiaj O 09:34,Brak danych,"55,27 m² - 9700 zł/m²",Brak danych,Brak danych
1614,BEZPOŚREDNIO 3-pokojowe mieszkanie z balkonem na os. Braniborskim,499 999 zł,Brak danych,Brak danych,"52,20 m² - 9578.52 zł/m²",Brak danych,Brak danych
1615,Mieszkanie 3-pokojowe gotowe do zamieszkania,399 000 zł,Starogard Gdański - 15 Lipca 2025,Brak danych,"48,90 m² - 8159.51 zł/m²",Brak danych,Brak danych
1616,2 pokoje z oddzielną kuchnią,550 000 zł,Warszawa,Brak danych,38 m² - 14473.68 zł/m²,2 pokoje,Brak danych
1617,2 Pokoje | Po remoncie | Dolina Trzech Stawów,439 000 zł,Katowice - Dzisiaj O 09:45,Brak danych,43 m² - 10209.3 zł/m²,2 pokoje,Brak danych
1618,⭐Przytulne mieszkanie 2- pokojowe ⭐ możliwość zakupu GARAŻU ⭐,205 000 zł,Brak danych,Brak danych,"33,90 m² - 6047.2 zł/m²",Brak danych,Brak danych
1619,2 pok mieszkanie na Bemowie osiedle Young City,540 000 zł,Warszawa,Brak danych,30 m² - 18000 zł/m²,Brak danych,Brak danych
1620,Kawalerka 30 m² po remoncie | Możliwość 2 pokoi | Wysoki standard,299 000 zł,Brak danych,Brak danych,30 m² - 9966.67 zł/m²,2 pokoje,Brak danych
1621,Duża Kawalerka blisko Uniwersytetu Szczecińskiego,395 000 zł,Szczecin,Brak danych,"43,40 m² - 9101.38 zł/m²",1 pokój,Brak danych
1622,Nowe mieszkanie w stanie deweloperskim ul. Robotnicza - od ręki!,337 000 zł,Brak danych,Brak danych,"39,08 m² - 8623.34 zł/m²",Brak danych,Brak danych
1623,Okazja. Przestronne 3 pokoje + kuchnio-jadalnia + ... !,760 000 zł,Toruń - 14 Czerwca 2025,Brak danych,72 m² - 10555.56 zł/m²,3 pokoje,Brak danych
1624,"Nowe Wykończone 2 pokoje 43,4m2 + ogródek 55m2, brak PCC, Właściciel.",859 000 zł,Kraków,Brak danych,"43,40 m² - 19792.63 zł/m²",2 pokoje,Brak danych
1625,"Niebuszewo, Mieszkanie 51m2 piętro 1",299 000 zł,Szczecin,Brak danych,"51,22 m² - 5837.56 zł/m²",Brak danych,2 piętro
1626,Mieszkanie 3 pokojowe z balkonem i zielenią za oknem,376 000 zł,Brak danych,Brak danych,48 m² - 7833.33 zł/m²,3 pokoje,Brak danych
1627,"2 pokoje, klimatyczne mieszkanie na sprzedaż, winda! [REZERWACJA]",290 000 zł,Łódź,Brak danych,"38,30 m² - 7571.8 zł/m²",2 pokoje,Brak danych
1628,"Kawalerka 28,3m2 z balkonem, do remontu, metro",375 000 zł,Warszawa,Brak danych,"28,30 m² - 13250.88 zł/m²",1 pokój,Brak danych
1629,Kawalerka z kuchnią | Górczyn | 32 m² | Widok z 8. piętra,260 000 zł,Gorzów Wielkopolski - Dzisiaj O 16:05,Brak danych,"32,40 m² - 8024.69 zł/m²",1 pokój,Brak danych
1630,"Mieszkanie 2-pokojowe, Zajezdnia Wrzeszcz, 47 m²",880 000 zł,Gdańsk,Brak danych,"47,22 m² - 18636.17 zł/m²",Brak danych,Brak danych
1631,Mieszkanie 3 pokojowe w starej kamienicy w Siemianowicach Śląskich,185 000 zł,Brak danych,Brak danych,87 m² - 2126.44 zł/m²,3 pokoje,Brak danych
1632,⭐Odbierz duży Rabat- 2 pokoje + Hala Garażowa⭐ Umów się na dni Otwarte,618 900 zł,Warszawa - Dzisiaj O 14:14,Brak danych,"41,15 m² - 15040.1 zł/m²",2 pokoje,Brak danych
1633,Sprzedam mieszkanie 3-pokojowe,650 000 zł,Opole - 16 Lipca 2025,Brak danych,"61,68 m² - 10538.26 zł/m²",Brak danych,Brak danych
1634,Mieszkanie Opole ZWM 51M2 2 Pokoje Balkon Winda dla niepełnosprawnych,499 000 złdo negocjacji,Opole - Odświeżono Dnia 16 Lipca 2025,Brak danych,50 m² - 9980 zł/m²,2 pokoje,Brak danych
1635,Pilnie#2-pokoje# Metro # okazja#,530 000 zł,Warszawa,Brak danych,"37,54 m² - 14118.27 zł/m²",Brak danych,Brak danych
1636,Kawalerka po generalnym remoncie z pięknymi zachodami!,499 000 zł,Warszawa,Brak danych,"30,40 m² - 16414.47 zł/m²",1 pokój,Brak danych
1637,Funkcjonalne 2 pokoje z oddzielną kuchnią blisko centrum,369 000 zł,Białystok,Brak danych,"48,40 m² - 7623.97 zł/m²",2 pokoje,Brak danych
1638,"Nowoczesna kawalerka, Wrocław ul. Bierutowska",359 000 zł,Wrocław,Brak danych,"26,50 m² - 13547.17 zł/m²",1 pokój,Brak danych
1639,Mieszkanie do wprowadzenia | Rybnik | Parter,214 000 zł,Rybnik - 15 Lipca 2025,Brak danych,"39,79 m² - 5378.24 zł/m²",Brak danych,Parter
1640,Bezczynszowe mieszkanie-6 km od Koszalina!,259 000 zł,Koszalin,Brak danych,"47,50 m² - 5452.63 zł/m²",Brak danych,Brak danych
1641,"Mieszkanie (54,8 mkw.) Opalenica, os. Centrum",367 160 zł,Brak danych,Brak danych,"54,80 m² - 6700 zł/m²",Brak danych,Brak danych
1642,"Kawalerka 38 m² za odstępne – Łódź Górna, okolice Placu Niepodległości",25 000 złdo negocjacji,Łódź,Brak danych,36 m² - 694.44 zł/m²,1 pokój,Brak danych
1643,Słoneczne jasne mieszkanie na Przytorzu,300 000 złdo negocjacji,Brak danych,Brak danych,"52,74 m² - 5688.28 zł/m²",Brak danych,Brak danych
1644,Mieszkanie z potrójnym potencjałem,449 000 zł,Brak danych,Brak danych,"55,90 m² - 8032.2 zł/m²",Brak danych,Brak danych
1645,Wygodne 2 pokoje do własnej aranżacji!,199 000 zł,Sosnowiec - Dzisiaj O 19:26,Brak danych,"32,71 m² - 6083.77 zł/m²",2 pokoje,Brak danych
1646,Mieszkanie z potencjałem w dzielnicy muzycznej,347 000 zł,Bydgoszcz - Dzisiaj O 14:10,Brak danych,"47,45 m² - 7312.96 zł/m²",Brak danych,Brak danych
1647,"Osiedle Leśne, 2 pokoje, I piętro",490 000 zł,Bydgoszcz - 16 Lipca 2025,Brak danych,"54,51 m² - 8989.18 zł/m²",2 pokoje,490 piętro
1648,BEZPOŚREDNIO 3-pokojowe mieszkanie z balkonem na os. Braniborskim,499 999 zł,Brak danych,Brak danych,"52,20 m² - 9578.52 zł/m²",Brak danych,Brak danych
1649,PRZESTRONNE Mieszkanie !! IDEALNE dla rodziny M3 ! Rzeszów Drabinianka,536 119 zł,Rzeszów - Odświeżono Dzisiaj O 09:34,Brak danych,"55,27 m² - 9700 zł/m²",Brak danych,Brak danych
1650,Nowe mieszkanie w stanie deweloperskim ul. Robotnicza - od ręki!,337 000 zł,Brak danych,Brak danych,"39,08 m² - 8623.34 zł/m²",Brak danych,Brak danych
1651,Mieszkanie 3-pokojowe gotowe do zamieszkania,399 000 zł,Starogard Gdański - 15 Lipca 2025,Brak danych,"48,90 m² - 8159.51 zł/m²",Brak danych,Brak danych
1652,2 pokoje z oddzielną kuchnią,550 000 zł,Warszawa,Brak danych,38 m² - 14473.68 zł/m²,2 pokoje,Brak danych
1653,2 Pokoje | Po remoncie | Dolina Trzech Stawów,439 000 zł,Katowice - Dzisiaj O 09:45,Brak danych,43 m² - 10209.3 zł/m²,2 pokoje,Brak danych
1654,⭐Przytulne mieszkanie 2- pokojowe ⭐ możliwość zakupu GARAŻU ⭐,205 000 zł,Brak danych,Brak danych,"33,90 m² - 6047.2 zł/m²",Brak danych,Brak danych
1655,2 pok mieszkanie na Bemowie osiedle Young City,540 000 zł,Warszawa,Brak danych,30 m² - 18000 zł/m²,Brak danych,Brak danych
1656,Kawalerka 30 m² po remoncie | Możliwość 2 pokoi | Wysoki standard,299 000 zł,Brak danych,Brak danych,30 m² - 9966.67 zł/m²,2 pokoje,Brak danych
1657,Duża Kawalerka blisko Uniwersytetu Szczecińskiego,395 000 zł,Szczecin,Brak danych,"43,40 m² - 9101.38 zł/m²",1 pokój,Brak danych
1658,Okazja. Przestronne 3 pokoje + kuchnio-jadalnia + ... !,760 000 zł,Toruń - 14 Czerwca 2025,Brak danych,72 m² - 10555.56 zł/m²,3 pokoje,Brak danych
1659,"Nowe Wykończone 2 pokoje 43,4m2 + ogródek 55m2, brak PCC, Właściciel.",859 000 zł,Kraków,Brak danych,"43,40 m² - 19792.63 zł/m²",2 pokoje,Brak danych
1660,"Gotowiec inwestycyjny, urocza kawalerka 26,85 m2, ul. Bierutowska",359 000 zł,Wrocław,Brak danych,"26,85 m² - 13370.58 zł/m²",1 pokój,Brak danych
1661,"Niebuszewo, Mieszkanie 51m2 piętro 1",299 000 zł,Szczecin,Brak danych,"51,22 m² - 5837.56 zł/m²",Brak danych,2 piętro
1662,Mieszkanie 3 pokojowe z balkonem i zielenią za oknem,376 000 zł,Brak danych,Brak danych,48 m² - 7833.33 zł/m²,3 pokoje,Brak danych
1663,"2 pokoje, klimatyczne mieszkanie na sprzedaż, winda! [REZERWACJA]",290 000 zł,Łódź,Brak danych,"38,30 m² - 7571.8 zł/m²",2 pokoje,Brak danych
1664,"Kawalerka 28,3m2 z balkonem, do remontu, metro",375 000 zł,Warszawa,Brak danych,"28,30 m² - 13250.88 zł/m²",1 pokój,Brak danych
1665,Kawalerka z kuchnią | Górczyn | 32 m² | Widok z 8. piętra,260 000 zł,Gorzów Wielkopolski - Dzisiaj O 16:05,Brak danych,"32,40 m² - 8024.69 zł/m²",1 pokój,Brak danych
1666,"Mieszkanie 2-pokojowe, Zajezdnia Wrzeszcz, 47 m²",880 000 zł,Gdańsk,Brak danych,"47,22 m² - 18636.17 zł/m²",Brak danych,Brak danych
1667,Mieszkanie 3 pokojowe w starej kamienicy w Siemianowicach Śląskich,185 000 zł,Brak danych,Brak danych,87 m² - 2126.44 zł/m²,3 pokoje,Brak danych
1668,Pilnie#2-pokoje# Metro # okazja#,530 000 zł,Warszawa,Brak danych,"37,54 m² - 14118.27 zł/m²",Brak danych,Brak danych
1669,⭐Odbierz duży Rabat- 2 pokoje + Hala Garażowa⭐ Umów się na dni Otwarte,618 900 zł,Warszawa - Dzisiaj O 14:14,Brak danych,"41,15 m² - 15040.1 zł/m²",2 pokoje,Brak danych
1670,Sprzedam mieszkanie 3-pokojowe,650 000 zł,Opole - 16 Lipca 2025,Brak danych,"61,68 m² - 10538.26 zł/m²",Brak danych,Brak danych
1671,Kawalerka po generalnym remoncie z pięknymi zachodami!,499 000 zł,Warszawa,Brak danych,"30,40 m² - 16414.47 zł/m²",1 pokój,Brak danych
1672,Funkcjonalne 2 pokoje z oddzielną kuchnią blisko centrum,369 000 zł,Białystok,Brak danych,"48,40 m² - 7623.97 zł/m²",2 pokoje,Brak danych
1673,"Nowoczesna kawalerka, Wrocław ul. Bierutowska",359 000 zł,Wrocław,Brak danych,"26,50 m² - 13547.17 zł/m²",1 pokój,Brak danych
1674,Mieszkanie do wprowadzenia | Rybnik | Parter,214 000 zł,Rybnik - 15 Lipca 2025,Brak danych,"39,79 m² - 5378.24 zł/m²",Brak danych,Parter
1675,Bezczynszowe mieszkanie-6 km od Koszalina!,259 000 zł,Koszalin,Brak danych,"47,50 m² - 5452.63 zł/m²",Brak danych,Brak danych
1676,"Mieszkanie (54,8 mkw.) Opalenica, os. Centrum",367 160 zł,Brak danych,Brak danych,"54,80 m² - 6700 zł/m²",Brak danych,Brak danych
1677,Gdańsk Mieszkanie 2 pokoje wykończone PRYWATNIE,545 000 zł,Gdańsk - 16 Lipca 2025,Brak danych,39 m² - 13974.36 zł/m²,2 pokoje,Brak danych
1678,Słoneczne jasne mieszkanie na Przytorzu,300 000 złdo negocjacji,Brak danych,Brak danych,"52,74 m² - 5688.28 zł/m²",Brak danych,Brak danych
1679,Wygodne 2 pokoje do własnej aranżacji!,199 000 zł,Sosnowiec - Dzisiaj O 19:26,Brak danych,"32,71 m² - 6083.77 zł/m²",2 pokoje,Brak danych
1680,Mieszkanie z potencjałem w dzielnicy muzycznej,347 000 zł,Bydgoszcz - Dzisiaj O 14:10,Brak danych,"47,45 m² - 7312.96 zł/m²",Brak danych,Brak danych
1681,"Osiedle Leśne, 2 pokoje, I piętro",490 000 zł,Bydgoszcz - 16 Lipca 2025,Brak danych,"54,51 m² - 8989.18 zł/m²",2 pokoje,490 piętro
1682,BEZPOŚREDNIO 3-pokojowe mieszkanie z balkonem na os. Braniborskim,499 999 zł,Brak danych,Brak danych,"52,20 m² - 9578.52 zł/m²",Brak danych,Brak danych
1683,Mieszkanie 3-pokojowe gotowe do zamieszkania,399 000 zł,Starogard Gdański - 15 Lipca 2025,Brak danych,"48,90 m² - 8159.51 zł/m²",Brak danych,Brak danych
1684,PRZESTRONNE Mieszkanie !! IDEALNE dla rodziny M3 ! Rzeszów Drabinianka,536 119 zł,Rzeszów - Odświeżono Dzisiaj O 09:34,Brak danych,"55,27 m² - 9700 zł/m²",Brak danych,Brak danych
1685,Nowe mieszkanie w stanie deweloperskim ul. Robotnicza - od ręki!,337 000 zł,Brak danych,Brak danych,"39,08 m² - 8623.34 zł/m²",Brak danych,Brak danych
1686,2 pokoje z oddzielną kuchnią,550 000 zł,Warszawa,Brak danych,38 m² - 14473.68 zł/m²,2 pokoje,Brak danych
1687,2 Pokoje | Po remoncie | Dolina Trzech Stawów,439 000 zł,Katowice - Dzisiaj O 09:45,Brak danych,43 m² - 10209.3 zł/m²,2 pokoje,Brak danych
1688,⭐Przytulne mieszkanie 2- pokojowe ⭐ możliwość zakupu GARAŻU ⭐,205 000 zł,Brak danych,Brak danych,"33,90 m² - 6047.2 zł/m²",Brak danych,Brak danych
1689,2 pok mieszkanie na Bemowie osiedle Young City,540 000 zł,Warszawa,Brak danych,30 m² - 18000 zł/m²,Brak danych,Brak danych
1690,Kawalerka 30 m² po remoncie | Możliwość 2 pokoi | Wysoki standard,299 000 zł,Brak danych,Brak danych,30 m² - 9966.67 zł/m²,2 pokoje,Brak danych
1691,Duża Kawalerka blisko Uniwersytetu Szczecińskiego,395 000 zł,Szczecin,Brak danych,"43,40 m² - 9101.38 zł/m²",1 pokój,Brak danych
1692,"Niebuszewo, Mieszkanie 51m2 piętro 1",299 000 zł,Szczecin,Brak danych,"51,22 m² - 5837.56 zł/m²",Brak danych,2 piętro
1693,Mieszkanie 3 pokojowe z balkonem i zielenią za oknem,376 000 zł,Brak danych,Brak danych,48 m² - 7833.33 zł/m²,3 pokoje,Brak danych
1694,Okazja. Przestronne 3 pokoje + kuchnio-jadalnia + ... !,760 000 zł,Toruń - 14 Czerwca 2025,Brak danych,72 m² - 10555.56 zł/m²,3 pokoje,Brak danych
1695,"Nowe Wykończone 2 pokoje 43,4m2 + ogródek 55m2, brak PCC, Właściciel.",859 000 zł,Kraków,Brak danych,"43,40 m² - 19792.63 zł/m²",2 pokoje,Brak danych
1696,"2 pokoje, klimatyczne mieszkanie na sprzedaż, winda! [REZERWACJA]",290 000 zł,Łódź,Brak danych,"38,30 m² - 7571.8 zł/m²",2 pokoje,Brak danych
1697,"Kawalerka 28,3m2 z balkonem, do remontu, metro",375 000 zł,Warszawa,Brak danych,"28,30 m² - 13250.88 zł/m²",1 pokój,Brak danych
1698,Kawalerka z kuchnią | Górczyn | 32 m² | Widok z 8. piętra,260 000 zł,Gorzów Wielkopolski - Dzisiaj O 16:05,Brak danych,"32,40 m² - 8024.69 zł/m²",1 pokój,Brak danych
1699,"Mieszkanie 2-pokojowe, Zajezdnia Wrzeszcz, 47 m²",880 000 zł,Gdańsk,Brak danych,"47,22 m² - 18636.17 zł/m²",Brak danych,Brak danych
1700,Mieszkanie 3 pokojowe w starej kamienicy w Siemianowicach Śląskich,185 000 zł,Brak danych,Brak danych,87 m² - 2126.44 zł/m²,3 pokoje,Brak danych
1701,Pilnie#2-pokoje# Metro # okazja#,530 000 zł,Warszawa,Brak danych,"37,54 m² - 14118.27 zł/m²",Brak danych,Brak danych
1702,Kawalerka po generalnym remoncie z pięknymi zachodami!,499 000 zł,Warszawa,Brak danych,"30,40 m² - 16414.47 zł/m²",1 pokój,Brak danych
1703,⭐Odbierz duży Rabat- 2 pokoje + Hala Garażowa⭐ Umów się na dni Otwarte,618 900 zł,Warszawa - Dzisiaj O 14:14,Brak danych,"41,15 m² - 15040.1 zł/m²",2 pokoje,Brak danych
1704,Sprzedam mieszkanie z balkonem !,320 000 zł,Brak danych,Brak danych,"51,26 m² - 6242.68 zł/m²",Brak danych,Brak danych
1705,Funkcjonalne 2 pokoje z oddzielną kuchnią blisko centrum,369 000 zł,Białystok,Brak danych,"48,40 m² - 7623.97 zł/m²",2 pokoje,Brak danych
1706,"Nowoczesna kawalerka, Wrocław ul. Bierutowska",359 000 zł,Wrocław,Brak danych,"26,50 m² - 13547.17 zł/m²",1 pokój,Brak danych
1707,Mieszkanie do wprowadzenia | Rybnik | Parter,214 000 zł,Rybnik - 15 Lipca 2025,Brak danych,"39,79 m² - 5378.24 zł/m²",Brak danych,Parter
1708,Bezczynszowe mieszkanie-6 km od Koszalina!,259 000 zł,Koszalin,Brak danych,"47,50 m² - 5452.63 zł/m²",Brak danych,Brak danych
1709,"Mieszkanie (54,8 mkw.) Opalenica, os. Centrum",367 160 zł,Brak danych,Brak danych,"54,80 m² - 6700 zł/m²",Brak danych,Brak danych
1710,Gdańsk Mieszkanie 2 pokoje wykończone PRYWATNIE,545 000 zł,Gdańsk - 16 Lipca 2025,Brak danych,39 m² - 13974.36 zł/m²,2 pokoje,Brak danych
1711,3 pokojowe mieszkanie za Sterem ul. Gen. Maczka,649 000 zł,Szczecin,Brak danych,71 m² - 9140.85 zł/m²,3 pokoje,Brak danych
1712,M3 Mieszkanie 2 pokoje Sierakowskiego po remoncie Łódź,359 000 zł,Łódź,Brak danych,"38,30 m² - 9373.37 zł/m²",2 pokoje,Brak danych
1713,Słoneczne jasne mieszkanie na Przytorzu,300 000 złdo negocjacji,Brak danych,Brak danych,"52,74 m² - 5688.28 zł/m²",Brak danych,Brak danych
1714,Mieszkanie z potrójnym potencjałem,449 000 zł,Brak danych,Brak danych,"55,90 m² - 8032.2 zł/m²",Brak danych,Brak danych
1715,Wygodne 2 pokoje do własnej aranżacji!,199 000 zł,Sosnowiec - Dzisiaj O 19:26,Brak danych,"32,71 m² - 6083.77 zł/m²",2 pokoje,Brak danych
1716,Mieszkanie z potencjałem w dzielnicy muzycznej,347 000 zł,Bydgoszcz - Dzisiaj O 14:10,Brak danych,"47,45 m² - 7312.96 zł/m²",Brak danych,Brak danych
1717,"Osiedle Leśne, 2 pokoje, I piętro",490 000 zł,Bydgoszcz - 16 Lipca 2025,Brak danych,"54,51 m² - 8989.18 zł/m²",2 pokoje,490 piętro
1718,BEZPOŚREDNIO 3-pokojowe mieszkanie z balkonem na os. Braniborskim,499 999 zł,Brak danych,Brak danych,"52,20 m² - 9578.52 zł/m²",Brak danych,Brak danych
1719,PRZESTRONNE Mieszkanie !! IDEALNE dla rodziny M3 ! Rzeszów Drabinianka,536 119 zł,Rzeszów - Odświeżono Dzisiaj O 09:34,Brak danych,"55,27 m² - 9700 zł/m²",Brak danych,Brak danych
1720,Nowe mieszkanie w stanie deweloperskim ul. Robotnicza - od ręki!,337 000 zł,Brak danych,Brak danych,"39,08 m² - 8623.34 zł/m²",Brak danych,Brak danych
1721,Mieszkanie 3-pokojowe gotowe do zamieszkania,399 000 zł,Starogard Gdański - 15 Lipca 2025,Brak danych,"48,90 m² - 8159.51 zł/m²",Brak danych,Brak danych
1722,2 pokoje z oddzielną kuchnią,550 000 zł,Warszawa,Brak danych,38 m² - 14473.68 zł/m²,2 pokoje,Brak danych
1723,2 Pokoje | Po remoncie | Dolina Trzech Stawów,439 000 zł,Katowice - Dzisiaj O 09:45,Brak danych,43 m² - 10209.3 zł/m²,2 pokoje,Brak danych
1724,⭐Przytulne mieszkanie 2- pokojowe ⭐ możliwość zakupu GARAŻU ⭐,205 000 zł,Brak danych,Brak danych,"33,90 m² - 6047.2 zł/m²",Brak danych,Brak danych
1725,2 pok mieszkanie na Bemowie osiedle Young City,540 000 zł,Warszawa,Brak danych,30 m² - 18000 zł/m²,Brak danych,Brak danych
1726,Kawalerka 30 m² po remoncie | Możliwość 2 pokoi | Wysoki standard,299 000 zł,Brak danych,Brak danych,30 m² - 9966.67 zł/m²,2 pokoje,Brak danych
1727,Duża Kawalerka blisko Uniwersytetu Szczecińskiego,395 000 zł,Szczecin,Brak danych,"43,40 m² - 9101.38 zł/m²",1 pokój,Brak danych
1728,"Niebuszewo, Mieszkanie 51m2 piętro 1",299 000 zł,Szczecin,Brak danych,"51,22 m² - 5837.56 zł/m²",Brak danych,2 piętro
1729,Okazja. Przestronne 3 pokoje + kuchnio-jadalnia + ... !,760 000 zł,Toruń - 14 Czerwca 2025,Brak danych,72 m² - 10555.56 zł/m²,3 pokoje,Brak danych
1730,"Nowe Wykończone 2 pokoje 43,4m2 + ogródek 55m2, brak PCC, Właściciel.",859 000 zł,Kraków,Brak danych,"43,40 m² - 19792.63 zł/m²",2 pokoje,Brak danych
1731,Mieszkanie 3 pokojowe z balkonem i zielenią za oknem,376 000 zł,Brak danych,Brak danych,48 m² - 7833.33 zł/m²,3 pokoje,Brak danych
1732,"2 pokoje, klimatyczne mieszkanie na sprzedaż, winda! [REZERWACJA]",290 000 zł,Łódź,Brak danych,"38,30 m² - 7571.8 zł/m²",2 pokoje,Brak danych
1733,"Kawalerka 28,3m2 z balkonem, do remontu, metro",375 000 zł,Warszawa,Brak danych,"28,30 m² - 13250.88 zł/m²",1 pokój,Brak danych
1734,Kawalerka z kuchnią | Górczyn | 32 m² | Widok z 8. piętra,260 000 zł,Gorzów Wielkopolski - Dzisiaj O 16:05,Brak danych,"32,40 m² - 8024.69 zł/m²",1 pokój,Brak danych
1735,"Mieszkanie 2-pokojowe, Zajezdnia Wrzeszcz, 47 m²",880 000 zł,Gdańsk,Brak danych,"47,22 m² - 18636.17 zł/m²",Brak danych,Brak danych
1736,Mieszkanie 3 pokojowe w starej kamienicy w Siemianowicach Śląskich,185 000 zł,Brak danych,Brak danych,87 m² - 2126.44 zł/m²,3 pokoje,Brak danych
1737,Pilnie#2-pokoje# Metro # okazja#,530 000 zł,Warszawa,Brak danych,"37,54 m² - 14118.27 zł/m²",Brak danych,Brak danych
1738,⭐Odbierz duży Rabat- 2 pokoje + Hala Garażowa⭐ Umów się na dni Otwarte,618 900 zł,Warszawa - Dzisiaj O 14:14,Brak danych,"41,15 m² - 15040.1 zł/m²",2 pokoje,Brak danych
1739,Sprzedam mieszkanie z balkonem !,320 000 zł,Brak danych,Brak danych,"51,26 m² - 6242.68 zł/m²",Brak danych,Brak danych
1740,Mieszkanie Opole ZWM 51M2 2 Pokoje Balkon Winda dla niepełnosprawnych,499 000 złdo negocjacji,Opole - Odświeżono Dnia 16 Lipca 2025,Brak danych,50 m² - 9980 zł/m²,2 pokoje,Brak danych
1741,Kawalerka po generalnym remoncie z pięknymi zachodami!,499 000 zł,Warszawa,Brak danych,"30,40 m² - 16414.47 zł/m²",1 pokój,Brak danych
1742,Funkcjonalne 2 pokoje z oddzielną kuchnią blisko centrum,369 000 zł,Białystok,Brak danych,"48,40 m² - 7623.97 zł/m²",2 pokoje,Brak danych
1743,"Nowoczesna kawalerka, Wrocław ul. Bierutowska",359 000 zł,Wrocław,Brak danych,"26,50 m² - 13547.17 zł/m²",1 pokój,Brak danych
1744,Mieszkanie do wprowadzenia | Rybnik | Parter,214 000 zł,Rybnik - 15 Lipca 2025,Brak danych,"39,79 m² - 5378.24 zł/m²",Brak danych,Parter
1745,Bezczynszowe mieszkanie-6 km od Koszalina!,259 000 zł,Koszalin,Brak danych,"47,50 m² - 5452.63 zł/m²",Brak danych,Brak danych
1746,"Mieszkanie (54,8 mkw.) Opalenica, os. Centrum",367 160 zł,Brak danych,Brak danych,"54,80 m² - 6700 zł/m²",Brak danych,Brak danych
1747,Gdańsk Mieszkanie 2 pokoje wykończone PRYWATNIE,545 000 zł,Gdańsk - 16 Lipca 2025,Brak danych,39 m² - 13974.36 zł/m²,2 pokoje,Brak danych
1748,M3 Mieszkanie 2 pokoje Sierakowskiego po remoncie Łódź,359 000 zł,Łódź,Brak danych,"38,30 m² - 9373.37 zł/m²",2 pokoje,Brak danych
1749,Słoneczne jasne mieszkanie na Przytorzu,300 000 złdo negocjacji,Brak danych,Brak danych,"52,74 m² - 5688.28 zł/m²",Brak danych,Brak danych
1750,Mieszkanie z potrójnym potencjałem,449 000 zł,Brak danych,Brak danych,"55,90 m² - 8032.2 zł/m²",Brak danych,Brak danych
1751,Wygodne 2 pokoje do własnej aranżacji!,199 000 zł,Sosnowiec - Dzisiaj O 19:26,Brak danych,"32,71 m² - 6083.77 zł/m²",2 pokoje,Brak danych
1752,Mieszkanie z potencjałem w dzielnicy muzycznej,347 000 zł,Bydgoszcz - Dzisiaj O 14:10,Brak danych,"47,45 m² - 7312.96 zł/m²",Brak danych,Brak danych
1753,"Osiedle Leśne, 2 pokoje, I piętro",490 000 zł,Bydgoszcz - 16 Lipca 2025,Brak danych,"54,51 m² - 8989.18 zł/m²",2 pokoje,490 piętro
1754,BEZPOŚREDNIO 3-pokojowe mieszkanie z balkonem na os. Braniborskim,499 999 zł,Brak danych,Brak danych,"52,20 m² - 9578.52 zł/m²",Brak danych,Brak danych
1755,PRZESTRONNE Mieszkanie !! IDEALNE dla rodziny M3 ! Rzeszów Drabinianka,536 119 zł,Rzeszów - Odświeżono Dzisiaj O 09:34,Brak danych,"55,27 m² - 9700 zł/m²",Brak danych,Brak danych
1756,Mieszkanie 3-pokojowe gotowe do zamieszkania,399 000 zł,Starogard Gdański - 15 Lipca 2025,Brak danych,"48,90 m² - 8159.51 zł/m²",Brak danych,Brak danych
1757,2 pokoje z oddzielną kuchnią,550 000 zł,Warszawa,Brak danych,38 m² - 14473.68 zł/m²,2 pokoje,Brak danych
1758,2 Pokoje | Po remoncie | Dolina Trzech Stawów,439 000 zł,Katowice - Dzisiaj O 09:45,Brak danych,43 m² - 10209.3 zł/m²,2 pokoje,Brak danych
1759,⭐Przytulne mieszkanie 2- pokojowe ⭐ możliwość zakupu GARAŻU ⭐,205 000 zł,Brak danych,Brak danych,"33,90 m² - 6047.2 zł/m²",Brak danych,Brak danych
1760,2 pok mieszkanie na Bemowie osiedle Young City,540 000 zł,Warszawa,Brak danych,30 m² - 18000 zł/m²,Brak danych,Brak danych
1761,Kawalerka 30 m² po remoncie | Możliwość 2 pokoi | Wysoki standard,299 000 zł,Brak danych,Brak danych,30 m² - 9966.67 zł/m²,2 pokoje,Brak danych
1762,Duża Kawalerka blisko Uniwersytetu Szczecińskiego,395 000 zł,Szczecin,Brak danych,"43,40 m² - 9101.38 zł/m²",1 pokój,Brak danych
1763,"Niebuszewo, Mieszkanie 51m2 piętro 1",299 000 zł,Szczecin,Brak danych,"51,22 m² - 5837.56 zł/m²",Brak danych,2 piętro
1764,Nowe mieszkanie w stanie deweloperskim ul. Robotnicza - od ręki!,337 000 zł,Brak danych,Brak danych,"39,08 m² - 8623.34 zł/m²",Brak danych,Brak danych
1765,Okazja. Przestronne 3 pokoje + kuchnio-jadalnia + ... !,760 000 zł,Toruń - 14 Czerwca 2025,Brak danych,72 m² - 10555.56 zł/m²,3 pokoje,Brak danych
1766,"Nowe Wykończone 2 pokoje 43,4m2 + ogródek 55m2, brak PCC, Właściciel.",859 000 zł,Kraków,Brak danych,"43,40 m² - 19792.63 zł/m²",2 pokoje,Brak danych
1767,Mieszkanie 3 pokojowe z balkonem i zielenią za oknem,376 000 zł,Brak danych,Brak danych,48 m² - 7833.33 zł/m²,3 pokoje,Brak danych
1768,"2 pokoje, klimatyczne mieszkanie na sprzedaż, winda! [REZERWACJA]",290 000 zł,Łódź,Brak danych,"38,30 m² - 7571.8 zł/m²",2 pokoje,Brak danych
1769,"Kawalerka 28,3m2 z balkonem, do remontu, metro",375 000 zł,Warszawa,Brak danych,"28,30 m² - 13250.88 zł/m²",1 pokój,Brak danych
1770,Kawalerka z kuchnią | Górczyn | 32 m² | Widok z 8. piętra,260 000 zł,Gorzów Wielkopolski - Dzisiaj O 16:05,Brak danych,"32,40 m² - 8024.69 zł/m²",1 pokój,Brak danych
1771,"Mieszkanie 2-pokojowe, Zajezdnia Wrzeszcz, 47 m²",880 000 zł,Gdańsk,Brak danych,"47,22 m² - 18636.17 zł/m²",Brak danych,Brak danych
1772,Mieszkanie 3 pokojowe w starej kamienicy w Siemianowicach Śląskich,185 000 zł,Brak danych,Brak danych,87 m² - 2126.44 zł/m²,3 pokoje,Brak danych
1773,Pilnie#2-pokoje# Metro # okazja#,530 000 zł,Warszawa,Brak danych,"37,54 m² - 14118.27 zł/m²",Brak danych,Brak danych
1774,⭐Odbierz duży Rabat- 2 pokoje + Hala Garażowa⭐ Umów się na dni Otwarte,618 900 zł,Warszawa - Dzisiaj O 14:14,Brak danych,"41,15 m² - 15040.1 zł/m²",2 pokoje,Brak danych
1775,Sprzedam mieszkanie 3-pokojowe,650 000 zł,Opole - 16 Lipca 2025,Brak danych,"61,68 m² - 10538.26 zł/m²",Brak danych,Brak danych
1776,Mieszkanie Opole ZWM 51M2 2 Pokoje Balkon Winda dla niepełnosprawnych,499 000 złdo negocjacji,Opole - Odświeżono Dnia 16 Lipca 2025,Brak danych,50 m² - 9980 zł/m²,2 pokoje,Brak danych
1777,Kawalerka po generalnym remoncie z pięknymi zachodami!,499 000 zł,Warszawa,Brak danych,"30,40 m² - 16414.47 zł/m²",1 pokój,Brak danych
1778,Funkcjonalne 2 pokoje z oddzielną kuchnią blisko centrum,369 000 zł,Białystok,Brak danych,"48,40 m² - 7623.97 zł/m²",2 pokoje,Brak danych
1779,"Nowoczesna kawalerka, Wrocław ul. Bierutowska",359 000 zł,Wrocław,Brak danych,"26,50 m² - 13547.17 zł/m²",1 pokój,Brak danych
1780,Mieszkanie do wprowadzenia | Rybnik | Parter,214 000 zł,Rybnik - 15 Lipca 2025,Brak danych,"39,79 m² - 5378.24 zł/m²",Brak danych,Parter
1781,Bezczynszowe mieszkanie-6 km od Koszalina!,259 000 zł,Koszalin,Brak danych,"47,50 m² - 5452.63 zł/m²",Brak danych,Brak danych
1782,"Mieszkanie (54,8 mkw.) Opalenica, os. Centrum",367 160 zł,Brak danych,Brak danych,"54,80 m² - 6700 zł/m²",Brak danych,Brak danych
1783,Gdańsk Mieszkanie 2 pokoje wykończone PRYWATNIE,545 000 zł,Gdańsk - 16 Lipca 2025,Brak danych,39 m² - 13974.36 zł/m²,2 pokoje,Brak danych
1784,"Kawalerka 38 m² za odstępne – Łódź Górna, okolice Placu Niepodległości",25 000 złdo negocjacji,Łódź,Brak danych,36 m² - 694.44 zł/m²,1 pokój,Brak danych
1785,M3 Mieszkanie 2 pokoje Sierakowskiego po remoncie Łódź,359 000 zł,Łódź,Brak danych,"38,30 m² - 9373.37 zł/m²",2 pokoje,Brak danych
1786,Słoneczne jasne mieszkanie na Przytorzu,300 000 złdo negocjacji,Brak danych,Brak danych,"52,74 m² - 5688.28 zł/m²",Brak danych,Brak danych
1787,Wygodne 2 pokoje do własnej aranżacji!,199 000 zł,Sosnowiec - Dzisiaj O 19:26,Brak danych,"32,71 m² - 6083.77 zł/m²",2 pokoje,Brak danych
1788,Mieszkanie z potencjałem w dzielnicy muzycznej,347 000 zł,Bydgoszcz - Dzisiaj O 14:10,Brak danych,"47,45 m² - 7312.96 zł/m²",Brak danych,Brak danych
1789,"Osiedle Leśne, 2 pokoje, I piętro",490 000 zł,Bydgoszcz - 16 Lipca 2025,Brak danych,"54,51 m² - 8989.18 zł/m²",2 pokoje,490 piętro
1790,BEZPOŚREDNIO 3-pokojowe mieszkanie z balkonem na os. Braniborskim,499 999 zł,Brak danych,Brak danych,"52,20 m² - 9578.52 zł/m²",Brak danych,Brak danych
1791,Mieszkanie 3-pokojowe gotowe do zamieszkania,399 000 zł,Starogard Gdański - 15 Lipca 2025,Brak danych,"48,90 m² - 8159.51 zł/m²",Brak danych,Brak danych
1792,PRZESTRONNE Mieszkanie !! IDEALNE dla rodziny M3 ! Rzeszów Drabinianka,536 119 zł,Rzeszów - Odświeżono Dzisiaj O 09:34,Brak danych,"55,27 m² - 9700 zł/m²",Brak danych,Brak danych
1793,Nowe mieszkanie w stanie deweloperskim ul. Robotnicza - od ręki!,337 000 zł,Brak danych,Brak danych,"39,08 m² - 8623.34 zł/m²",Brak danych,Brak danych
1794,2 pokoje z oddzielną kuchnią,550 000 zł,Warszawa,Brak danych,38 m² - 14473.68 zł/m²,2 pokoje,Brak danych
1795,2 Pokoje | Po remoncie | Dolina Trzech Stawów,439 000 zł,Katowice - Dzisiaj O 09:45,Brak danych,43 m² - 10209.3 zł/m²,2 pokoje,Brak danych
1796,⭐Przytulne mieszkanie 2- pokojowe ⭐ możliwość zakupu GARAŻU ⭐,205 000 zł,Brak danych,Brak danych,"33,90 m² - 6047.2 zł/m²",Brak danych,Brak danych
1797,2 pok mieszkanie na Bemowie osiedle Young City,540 000 zł,Warszawa,Brak danych,30 m² - 18000 zł/m²,Brak danych,Brak danych
1798,Kawalerka 30 m² po remoncie | Możliwość 2 pokoi | Wysoki standard,299 000 zł,Brak danych,Brak danych,30 m² - 9966.67 zł/m²,2 pokoje,Brak danych
1799,Duża Kawalerka blisko Uniwersytetu Szczecińskiego,395 000 zł,Szczecin,Brak danych,"43,40 m² - 9101.38 zł/m²",1 pokój,Brak danych
1800,"Niebuszewo, Mieszkanie 51m2 piętro 1",299 000 zł,Szczecin,Brak danych,"51,22 m² - 5837.56 zł/m²",Brak danych,2 piętro
1801,Mieszkanie 3 pokojowe z balkonem i zielenią za oknem,376 000 zł,Brak danych,Brak danych,48 m² - 7833.33 zł/m²,3 pokoje,Brak danych
1802,Okazja. Przestronne 3 pokoje + kuchnio-jadalnia + ... !,760 000 zł,Toruń - 14 Czerwca 2025,Brak danych,72 m² - 10555.56 zł/m²,3 pokoje,Brak danych
1803,"Nowe Wykończone 2 pokoje 43,4m2 + ogródek 55m2, brak PCC, Właściciel.",859 000 zł,Kraków,Brak danych,"43,40 m² - 19792.63 zł/m²",2 pokoje,Brak danych
1804,"Gotowiec inwestycyjny, urocza kawalerka 26,85 m2, ul. Bierutowska",359 000 zł,Wrocław,Brak danych,"26,85 m² - 13370.58 zł/m²",1 pokój,Brak danych
1805,"2 pokoje, klimatyczne mieszkanie na sprzedaż, winda! [REZERWACJA]",290 000 zł,Łódź,Brak danych,"38,30 m² - 7571.8 zł/m²",2 pokoje,Brak danych
1806,"Kawalerka 28,3m2 z balkonem, do remontu, metro",375 000 zł,Warszawa,Brak danych,"28,30 m² - 13250.88 zł/m²",1 pokój,Brak danych
1807,Kawalerka z kuchnią | Górczyn | 32 m² | Widok z 8. piętra,260 000 zł,Gorzów Wielkopolski - Dzisiaj O 16:05,Brak danych,"32,40 m² - 8024.69 zł/m²",1 pokój,Brak danych
1808,"Mieszkanie 2-pokojowe, Zajezdnia Wrzeszcz, 47 m²",880 000 zł,Gdańsk,Brak danych,"47,22 m² - 18636.17 zł/m²",Brak danych,Brak danych
1809,Mieszkanie 3 pokojowe w starej kamienicy w Siemianowicach Śląskich,185 000 zł,Brak danych,Brak danych,87 m² - 2126.44 zł/m²,3 pokoje,Brak danych
1810,Pilnie#2-pokoje# Metro # okazja#,530 000 zł,Warszawa,Brak danych,"37,54 m² - 14118.27 zł/m²",Brak danych,Brak danych
1811,Kawalerka po generalnym remoncie z pięknymi zachodami!,499 000 zł,Warszawa,Brak danych,"30,40 m² - 16414.47 zł/m²",1 pokój,Brak danych
1812,⭐Odbierz duży Rabat- 2 pokoje + Hala Garażowa⭐ Umów się na dni Otwarte,618 900 zł,Warszawa - Dzisiaj O 14:14,Brak danych,"41,15 m² - 15040.1 zł/m²",2 pokoje,Brak danych
1813,Sprzedam mieszkanie z balkonem !,320 000 zł,Brak danych,Brak danych,"51,26 m² - 6242.68 zł/m²",Brak danych,Brak danych
1814,Funkcjonalne 2 pokoje z oddzielną kuchnią blisko centrum,369 000 zł,Białystok,Brak danych,"48,40 m² - 7623.97 zł/m²",2 pokoje,Brak danych
1815,"Nowoczesna kawalerka, Wrocław ul. Bierutowska",359 000 zł,Wrocław,Brak danych,"26,50 m² - 13547.17 zł/m²",1 pokój,Brak danych
1816,Mieszkanie do wprowadzenia | Rybnik | Parter,214 000 zł,Rybnik - 15 Lipca 2025,Brak danych,"39,79 m² - 5378.24 zł/m²",Brak danych,Parter
1817,Bezczynszowe mieszkanie-6 km od Koszalina!,259 000 zł,Koszalin,Brak danych,"47,50 m² - 5452.63 zł/m²",Brak danych,Brak danych
1818,"Mieszkanie (54,8 mkw.) Opalenica, os. Centrum",367 160 zł,Brak danych,Brak danych,"54,80 m² - 6700 zł/m²",Brak danych,Brak danych
1819,Gdańsk Mieszkanie 2 pokoje wykończone PRYWATNIE,545 000 zł,Gdańsk - 16 Lipca 2025,Brak danych,39 m² - 13974.36 zł/m²,2 pokoje,Brak danych
1820,3 pokojowe mieszkanie za Sterem ul. Gen. Maczka,649 000 zł,Szczecin,Brak danych,71 m² - 9140.85 zł/m²,3 pokoje,Brak danych
1821,Słoneczne jasne mieszkanie na Przytorzu,300 000 złdo negocjacji,Brak danych,Brak danych,"52,74 m² - 5688.28 zł/m²",Brak danych,Brak danych
1822,Wygodne 2 pokoje do własnej aranżacji!,199 000 zł,Sosnowiec - Dzisiaj O 19:26,Brak danych,"32,71 m² - 6083.77 zł/m²",2 pokoje,Brak danych
1823,Mieszkanie z potencjałem w dzielnicy muzycznej,347 000 zł,Bydgoszcz - Dzisiaj O 14:10,Brak danych,"47,45 m² - 7312.96 zł/m²",Brak danych,Brak danych
1824,"Osiedle Leśne, 2 pokoje, I piętro",490 000 zł,Bydgoszcz - 16 Lipca 2025,Brak danych,"54,51 m² - 8989.18 zł/m²",2 pokoje,490 piętro
1825,BEZPOŚREDNIO 3-pokojowe mieszkanie z balkonem na os. Braniborskim,499 999 zł,Brak danych,Brak danych,"52,20 m² - 9578.52 zł/m²",Brak danych,Brak danych
1826,Mieszkanie 3-pokojowe gotowe do zamieszkania,399 000 zł,Starogard Gdański - 15 Lipca 2025,Brak danych,"48,90 m² - 8159.51 zł/m²",Brak danych,Brak danych
1827,2 pokoje z oddzielną kuchnią,550 000 zł,Warszawa,Brak danych,38 m² - 14473.68 zł/m²,2 pokoje,Brak danych
1828,PRZESTRONNE Mieszkanie !! IDEALNE dla rodziny M3 ! Rzeszów Drabinianka,536 119 zł,Rzeszów - Odświeżono Dzisiaj O 09:34,Brak danych,"55,27 m² - 9700 zł/m²",Brak danych,Brak danych
1829,2 Pokoje | Po remoncie | Dolina Trzech Stawów,439 000 zł,Katowice - Dzisiaj O 09:45,Brak danych,43 m² - 10209.3 zł/m²,2 pokoje,Brak danych
1830,⭐Przytulne mieszkanie 2- pokojowe ⭐ możliwość zakupu GARAŻU ⭐,205 000 zł,Brak danych,Brak danych,"33,90 m² - 6047.2 zł/m²",Brak danych,Brak danych
1831,2 pok mieszkanie na Bemowie osiedle Young City,540 000 zł,Warszawa,Brak danych,30 m² - 18000 zł/m²,Brak danych,Brak danych
1832,Kawalerka 30 m² po remoncie | Możliwość 2 pokoi | Wysoki standard,299 000 zł,Brak danych,Brak danych,30 m² - 9966.67 zł/m²,2 pokoje,Brak danych
1833,Duża Kawalerka blisko Uniwersytetu Szczecińskiego,395 000 zł,Szczecin,Brak danych,"43,40 m² - 9101.38 zł/m²",1 pokój,Brak danych
1834,"Niebuszewo, Mieszkanie 51m2 piętro 1",299 000 zł,Szczecin,Brak danych,"51,22 m² - 5837.56 zł/m²",Brak danych,2 piętro
1835,Mieszkanie 3 pokojowe z balkonem i zielenią za oknem,376 000 zł,Brak danych,Brak danych,48 m² - 7833.33 zł/m²,3 pokoje,Brak danych
1836,"2 pokoje, klimatyczne mieszkanie na sprzedaż, winda! [REZERWACJA]",290 000 zł,Łódź,Brak danych,"38,30 m² - 7571.8 zł/m²",2 pokoje,Brak danych
1837,Nowe mieszkanie w stanie deweloperskim ul. Robotnicza - od ręki!,337 000 zł,Brak danych,Brak danych,"39,08 m² - 8623.34 zł/m²",Brak danych,Brak danych
1838,Okazja. Przestronne 3 pokoje + kuchnio-jadalnia + ... !,760 000 zł,Toruń - 14 Czerwca 2025,Brak danych,72 m² - 10555.56 zł/m²,3 pokoje,Brak danych
1839,"Nowe Wykończone 2 pokoje 43,4m2 + ogródek 55m2, brak PCC, Właściciel.",859 000 zł,Kraków,Brak danych,"43,40 m² - 19792.63 zł/m²",2 pokoje,Brak danych
1840,"Kawalerka 28,3m2 z balkonem, do remontu, metro",375 000 zł,Warszawa,Brak danych,"28,30 m² - 13250.88 zł/m²",1 pokój,Brak danych
1841,Kawalerka z kuchnią | Górczyn | 32 m² | Widok z 8. piętra,260 000 zł,Gorzów Wielkopolski - Dzisiaj O 16:05,Brak danych,"32,40 m² - 8024.69 zł/m²",1 pokój,Brak danych
1842,"Mieszkanie 2-pokojowe, Zajezdnia Wrzeszcz, 47 m²",880 000 zł,Gdańsk,Brak danych,"47,22 m² - 18636.17 zł/m²",Brak danych,Brak danych
1843,Mieszkanie 3 pokojowe w starej kamienicy w Siemianowicach Śląskich,185 000 zł,Brak danych,Brak danych,87 m² - 2126.44 zł/m²,3 pokoje,Brak danych
1844,Pilnie#2-pokoje# Metro # okazja#,530 000 zł,Warszawa,Brak danych,"37,54 m² - 14118.27 zł/m²",Brak danych,Brak danych
1845,Kawalerka po generalnym remoncie z pięknymi zachodami!,499 000 zł,Warszawa,Brak danych,"30,40 m² - 16414.47 zł/m²",1 pokój,Brak danych
1846,Funkcjonalne 2 pokoje z oddzielną kuchnią blisko centrum,369 000 zł,Białystok,Brak danych,"48,40 m² - 7623.97 zł/m²",2 pokoje,Brak danych
1847,⭐Odbierz duży Rabat- 2 pokoje + Hala Garażowa⭐ Umów się na dni Otwarte,618 900 zł,Warszawa - Dzisiaj O 14:14,Brak danych,"41,15 m² - 15040.1 zł/m²",2 pokoje,Brak danych
1848,Sprzedam mieszkanie 3-pokojowe,650 000 zł,Opole - 16 Lipca 2025,Brak danych,"61,68 m² - 10538.26 zł/m²",Brak danych,Brak danych
1849,"Nowoczesna kawalerka, Wrocław ul. Bierutowska",359 000 zł,Wrocław,Brak danych,"26,50 m² - 13547.17 zł/m²",1 pokój,Brak danych
1850,Mieszkanie do wprowadzenia | Rybnik | Parter,214 000 zł,Rybnik - 15 Lipca 2025,Brak danych,"39,79 m² - 5378.24 zł/m²",Brak danych,Parter
1851,Bezczynszowe mieszkanie-6 km od Koszalina!,259 000 zł,Koszalin,Brak danych,"47,50 m² - 5452.63 zł/m²",Brak danych,Brak danych
1852,"Mieszkanie (54,8 mkw.) Opalenica, os. Centrum",367 160 zł,Brak danych,Brak danych,"54,80 m² - 6700 zł/m²",Brak danych,Brak danych
1853,Gdańsk Mieszkanie 2 pokoje wykończone PRYWATNIE,545 000 zł,Gdańsk - 16 Lipca 2025,Brak danych,39 m² - 13974.36 zł/m²,2 pokoje,Brak danych
1854,3 pokojowe mieszkanie za Sterem ul. Gen. Maczka,649 000 zł,Szczecin,Brak danych,71 m² - 9140.85 zł/m²,3 pokoje,Brak danych
1855,Słoneczne jasne mieszkanie na Przytorzu,300 000 złdo negocjacji,Brak danych,Brak danych,"52,74 m² - 5688.28 zł/m²",Brak danych,Brak danych
1856,Wygodne 2 pokoje do własnej aranżacji!,199 000 zł,Sosnowiec - Dzisiaj O 19:26,Brak danych,"32,71 m² - 6083.77 zł/m²",2 pokoje,Brak danych
1857,Mieszkanie z potencjałem w dzielnicy muzycznej,347 000 zł,Bydgoszcz - Dzisiaj O 14:10,Brak danych,"47,45 m² - 7312.96 zł/m²",Brak danych,Brak danych
1858,"Osiedle Leśne, 2 pokoje, I piętro",490 000 zł,Bydgoszcz - 16 Lipca 2025,Brak danych,"54,51 m² - 8989.18 zł/m²",2 pokoje,490 piętro
1859,BEZPOŚREDNIO 3-pokojowe mieszkanie z balkonem na os. Braniborskim,499 999 zł,Brak danych,Brak danych,"52,20 m² - 9578.52 zł/m²",Brak danych,Brak danych
1860,Mieszkanie 3-pokojowe gotowe do zamieszkania,399 000 zł,Starogard Gdański - 15 Lipca 2025,Brak danych,"48,90 m² - 8159.51 zł/m²",Brak danych,Brak danych
1861,2 pokoje z oddzielną kuchnią,550 000 zł,Warszawa,Brak danych,38 m² - 14473.68 zł/m²,2 pokoje,Brak danych
1862,PRZESTRONNE Mieszkanie !! IDEALNE dla rodziny M3 ! Rzeszów Drabinianka,536 119 zł,Rzeszów - Odświeżono Dzisiaj O 09:34,Brak danych,"55,27 m² - 9700 zł/m²",Brak danych,Brak danych
1863,Nowe mieszkanie w stanie deweloperskim ul. Robotnicza - od ręki!,337 000 zł,Brak danych,Brak danych,"39,08 m² - 8623.34 zł/m²",Brak danych,Brak danych
1864,2 Pokoje | Po remoncie | Dolina Trzech Stawów,439 000 zł,Katowice - Dzisiaj O 09:45,Brak danych,43 m² - 10209.3 zł/m²,2 pokoje,Brak danych
1865,⭐Przytulne mieszkanie 2- pokojowe ⭐ możliwość zakupu GARAŻU ⭐,205 000 zł,Brak danych,Brak danych,"33,90 m² - 6047.2 zł/m²",Brak danych,Brak danych
1866,2 pok mieszkanie na Bemowie osiedle Young City,540 000 zł,Warszawa,Brak danych,30 m² - 18000 zł/m²,Brak danych,Brak danych
1867,Kawalerka 30 m² po remoncie | Możliwość 2 pokoi | Wysoki standard,299 000 zł,Brak danych,Brak danych,30 m² - 9966.67 zł/m²,2 pokoje,Brak danych
1868,Duża Kawalerka blisko Uniwersytetu Szczecińskiego,395 000 zł,Szczecin,Brak danych,"43,40 m² - 9101.38 zł/m²",1 pokój,Brak danych
1869,"Niebuszewo, Mieszkanie 51m2 piętro 1",299 000 zł,Szczecin,Brak danych,"51,22 m² - 5837.56 zł/m²",Brak danych,2 piętro
1870,Mieszkanie 3 pokojowe z balkonem i zielenią za oknem,376 000 zł,Brak danych,Brak danych,48 m² - 7833.33 zł/m²,3 pokoje,Brak danych
1871,"2 pokoje, klimatyczne mieszkanie na sprzedaż, winda! [REZERWACJA]",290 000 zł,Łódź,Brak danych,"38,30 m² - 7571.8 zł/m²",2 pokoje,Brak danych
1872,Okazja. Przestronne 3 pokoje + kuchnio-jadalnia + ... !,760 000 zł,Toruń - 14 Czerwca 2025,Brak danych,72 m² - 10555.56 zł/m²,3 pokoje,Brak danych
1873,"Nowe Wykończone 2 pokoje 43,4m2 + ogródek 55m2, brak PCC, Właściciel.",859 000 zł,Kraków,Brak danych,"43,40 m² - 19792.63 zł/m²",2 pokoje,Brak danych
1874,"Kawalerka 28,3m2 z balkonem, do remontu, metro",375 000 zł,Warszawa,Brak danych,"28,30 m² - 13250.88 zł/m²",1 pokój,Brak danych
1875,Kawalerka z kuchnią | Górczyn | 32 m² | Widok z 8. piętra,260 000 zł,Gorzów Wielkopolski - Dzisiaj O 16:05,Brak danych,"32,40 m² - 8024.69 zł/m²",1 pokój,Brak danych
1876,"Mieszkanie 2-pokojowe, Zajezdnia Wrzeszcz, 47 m²",880 000 zł,Gdańsk,Brak danych,"47,22 m² - 18636.17 zł/m²",Brak danych,Brak danych
1877,Mieszkanie 3 pokojowe w starej kamienicy w Siemianowicach Śląskich,185 000 zł,Brak danych,Brak danych,87 m² - 2126.44 zł/m²,3 pokoje,Brak danych
1878,Pilnie#2-pokoje# Metro # okazja#,530 000 zł,Warszawa,Brak danych,"37,54 m² - 14118.27 zł/m²",Brak danych,Brak danych
1879,Kawalerka po generalnym remoncie z pięknymi zachodami!,499 000 zł,Warszawa,Brak danych,"30,40 m² - 16414.47 zł/m²",1 pokój,Brak danych
1880,Funkcjonalne 2 pokoje z oddzielną kuchnią blisko centrum,369 000 zł,Białystok,Brak danych,"48,40 m² - 7623.97 zł/m²",2 pokoje,Brak danych
1881,⭐Odbierz duży Rabat- 2 pokoje + Hala Garażowa⭐ Umów się na dni Otwarte,618 900 zł,Warszawa - Dzisiaj O 14:14,Brak danych,"41,15 m² - 15040.1 zł/m²",2 pokoje,Brak danych
1882,Sprzedam mieszkanie 3-pokojowe,650 000 zł,Opole - 16 Lipca 2025,Brak danych,"61,68 m² - 10538.26 zł/m²",Brak danych,Brak danych
1883,"Nowoczesna kawalerka, Wrocław ul. Bierutowska",359 000 zł,Wrocław,Brak danych,"26,50 m² - 13547.17 zł/m²",1 pokój,Brak danych
1884,Mieszkanie do wprowadzenia | Rybnik | Parter,214 000 zł,Rybnik - 15 Lipca 2025,Brak danych,"39,79 m² - 5378.24 zł/m²",Brak danych,Parter
1885,Bezczynszowe mieszkanie-6 km od Koszalina!,259 000 zł,Koszalin,Brak danych,"47,50 m² - 5452.63 zł/m²",Brak danych,Brak danych
1886,"Mieszkanie (54,8 mkw.) Opalenica, os. Centrum",367 160 zł,Brak danych,Brak danych,"54,80 m² - 6700 zł/m²",Brak danych,Brak danych
1887,Gdańsk Mieszkanie 2 pokoje wykończone PRYWATNIE,545 000 zł,Gdańsk - 16 Lipca 2025,Brak danych,39 m² - 13974.36 zł/m²,2 pokoje,Brak danych
1888,3 pokojowe mieszkanie za Sterem ul. Gen. Maczka,649 000 zł,Szczecin,Brak danych,71 m² - 9140.85 zł/m²,3 pokoje,Brak danych
1889,Słoneczne jasne mieszkanie na Przytorzu,300 000 złdo negocjacji,Brak danych,Brak danych,"52,74 m² - 5688.28 zł/m²",Brak danych,Brak danych
1890,Wygodne 2 pokoje do własnej aranżacji!,199 000 zł,Sosnowiec - Dzisiaj O 19:26,Brak danych,"32,71 m² - 6083.77 zł/m²",2 pokoje,Brak danych
1891,Mieszkanie z potencjałem w dzielnicy muzycznej,347 000 zł,Bydgoszcz - Dzisiaj O 14:10,Brak danych,"47,45 m² - 7312.96 zł/m²",Brak danych,Brak danych
1892,"Osiedle Leśne, 2 pokoje, I piętro",490 000 zł,Bydgoszcz - 16 Lipca 2025,Brak danych,"54,51 m² - 8989.18 zł/m²",2 pokoje,490 piętro
1893,BEZPOŚREDNIO 3-pokojowe mieszkanie z balkonem na os. Braniborskim,499 999 zł,Brak danych,Brak danych,"52,20 m² - 9578.52 zł/m²",Brak danych,Brak danych
1894,Mieszkanie 3-pokojowe gotowe do zamieszkania,399 000 zł,Starogard Gdański - 15 Lipca 2025,Brak danych,"48,90 m² - 8159.51 zł/m²",Brak danych,Brak danych
1895,2 pokoje z oddzielną kuchnią,550 000 zł,Warszawa,Brak danych,38 m² - 14473.68 zł/m²,2 pokoje,Brak danych
1896,PRZESTRONNE Mieszkanie !! IDEALNE dla rodziny M3 ! Rzeszów Drabinianka,536 119 zł,Rzeszów - Odświeżono Dzisiaj O 09:34,Brak danych,"55,27 m² - 9700 zł/m²",Brak danych,Brak danych
1897,2 Pokoje | Po remoncie | Dolina Trzech Stawów,439 000 zł,Katowice - Dzisiaj O 09:45,Brak danych,43 m² - 10209.3 zł/m²,2 pokoje,Brak danych
1898,⭐Przytulne mieszkanie 2- pokojowe ⭐ możliwość zakupu GARAŻU ⭐,205 000 zł,Brak danych,Brak danych,"33,90 m² - 6047.2 zł/m²",Brak danych,Brak danych
1899,2 pok mieszkanie na Bemowie osiedle Young City,540 000 zł,Warszawa,Brak danych,30 m² - 18000 zł/m²,Brak danych,Brak danych
1900,Kawalerka 30 m² po remoncie | Możliwość 2 pokoi | Wysoki standard,299 000 zł,Brak danych,Brak danych,30 m² - 9966.67 zł/m²,2 pokoje,Brak danych
1901,Duża Kawalerka blisko Uniwersytetu Szczecińskiego,395 000 zł,Szczecin,Brak danych,"43,40 m² - 9101.38 zł/m²",1 pokój,Brak danych
1902,"Niebuszewo, Mieszkanie 51m2 piętro 1",299 000 zł,Szczecin,Brak danych,"51,22 m² - 5837.56 zł/m²",Brak danych,2 piętro
1903,Mieszkanie 3 pokojowe z balkonem i zielenią za oknem,376 000 zł,Brak danych,Brak danych,48 m² - 7833.33 zł/m²,3 pokoje,Brak danych
1904,"2 pokoje, klimatyczne mieszkanie na sprzedaż, winda! [REZERWACJA]",290 000 zł,Łódź,Brak danych,"38,30 m² - 7571.8 zł/m²",2 pokoje,Brak danych
1905,Nowe mieszkanie w stanie deweloperskim ul. Robotnicza - od ręki!,337 000 zł,Brak danych,Brak danych,"39,08 m² - 8623.34 zł/m²",Brak danych,Brak danych
1906,Okazja. Przestronne 3 pokoje + kuchnio-jadalnia + ... !,760 000 zł,Toruń - 14 Czerwca 2025,Brak danych,72 m² - 10555.56 zł/m²,3 pokoje,Brak danych
1907,"Nowe Wykończone 2 pokoje 43,4m2 + ogródek 55m2, brak PCC, Właściciel.",859 000 zł,Kraków,Brak danych,"43,40 m² - 19792.63 zł/m²",2 pokoje,Brak danych
1908,"Kawalerka 28,3m2 z balkonem, do remontu, metro",375 000 zł,Warszawa,Brak danych,"28,30 m² - 13250.88 zł/m²",1 pokój,Brak danych
1909,Kawalerka z kuchnią | Górczyn | 32 m² | Widok z 8. piętra,260 000 zł,Gorzów Wielkopolski - Dzisiaj O 16:05,Brak danych,"32,40 m² - 8024.69 zł/m²",1 pokój,Brak danych
1910,"Mieszkanie 2-pokojowe, Zajezdnia Wrzeszcz, 47 m²",880 000 zł,Gdańsk,Brak danych,"47,22 m² - 18636.17 zł/m²",Brak danych,Brak danych
1911,Mieszkanie 3 pokojowe w starej kamienicy w Siemianowicach Śląskich,185 000 zł,Brak danych,Brak danych,87 m² - 2126.44 zł/m²,3 pokoje,Brak danych
1912,Pilnie#2-pokoje# Metro # okazja#,530 000 zł,Warszawa,Brak danych,"37,54 m² - 14118.27 zł/m²",Brak danych,Brak danych
1913,Kawalerka po generalnym remoncie z pięknymi zachodami!,499 000 zł,Warszawa,Brak danych,"30,40 m² - 16414.47 zł/m²",1 pokój,Brak danych
1914,Funkcjonalne 2 pokoje z oddzielną kuchnią blisko centrum,369 000 zł,Białystok,Brak danych,"48,40 m² - 7623.97 zł/m²",2 pokoje,Brak danych
1915,⭐Odbierz duży Rabat- 2 pokoje + Hala Garażowa⭐ Umów się na dni Otwarte,618 900 zł,Warszawa - Dzisiaj O 14:14,Brak danych,"41,15 m² - 15040.1 zł/m²",2 pokoje,Brak danych
1916,Sprzedam mieszkanie 3-pokojowe,650 000 zł,Opole - 16 Lipca 2025,Brak danych,"61,68 m² - 10538.26 zł/m²",Brak danych,Brak danych
1917,"Nowoczesna kawalerka, Wrocław ul. Bierutowska",359 000 zł,Wrocław,Brak danych,"26,50 m² - 13547.17 zł/m²",1 pokój,Brak danych
1918,Mieszkanie do wprowadzenia | Rybnik | Parter,214 000 zł,Rybnik - 15 Lipca 2025,Brak danych,"39,79 m² - 5378.24 zł/m²",Brak danych,Parter
1919,Bezczynszowe mieszkanie-6 km od Koszalina!,259 000 zł,Koszalin,Brak danych,"47,50 m² - 5452.63 zł/m²",Brak danych,Brak danych
1920,"Mieszkanie (54,8 mkw.) Opalenica, os. Centrum",367 160 zł,Brak danych,Brak danych,"54,80 m² - 6700 zł/m²",Brak danych,Brak danych
1921,Gdańsk Mieszkanie 2 pokoje wykończone PRYWATNIE,545 000 zł,Gdańsk - 16 Lipca 2025,Brak danych,39 m² - 13974.36 zł/m²,2 pokoje,Brak danych
1922,3 pokojowe mieszkanie za Sterem ul. Gen. Maczka,649 000 zł,Szczecin,Brak danych,71 m² - 9140.85 zł/m²,3 pokoje,Brak danych
1923,M3 Mieszkanie 2 pokoje Sierakowskiego po remoncie Łódź,359 000 zł,Łódź,Brak danych,"38,30 m² - 9373.37 zł/m²",2 pokoje,Brak danych
1924,Słoneczne jasne mieszkanie na Przytorzu,300 000 złdo negocjacji,Brak danych,Brak danych,"52,74 m² - 5688.28 zł/m²",Brak danych,Brak danych
1925,Wygodne 2 pokoje do własnej aranżacji!,199 000 zł,Sosnowiec - Dzisiaj O 19:26,Brak danych,"32,71 m² - 6083.77 zł/m²",2 pokoje,Brak danych
1926,Mieszkanie z potencjałem w dzielnicy muzycznej,347 000 zł,Bydgoszcz - Dzisiaj O 14:10,Brak danych,"47,45 m² - 7312.96 zł/m²",Brak danych,Brak danych
1927,"Osiedle Leśne, 2 pokoje, I piętro",490 000 zł,Bydgoszcz - 16 Lipca 2025,Brak danych,"54,51 m² - 8989.18 zł/m²",2 pokoje,490 piętro
1928,BEZPOŚREDNIO 3-pokojowe mieszkanie z balkonem na os. Braniborskim,499 999 zł,Brak danych,Brak danych,"52,20 m² - 9578.52 zł/m²",Brak danych,Brak danych
1929,Mieszkanie 3-pokojowe gotowe do zamieszkania,399 000 zł,Starogard Gdański - 15 Lipca 2025,Brak danych,"48,90 m² - 8159.51 zł/m²",Brak danych,Brak danych
1930,2 pokoje z oddzielną kuchnią,550 000 zł,Warszawa,Brak danych,38 m² - 14473.68 zł/m²,2 pokoje,Brak danych
1931,PRZESTRONNE Mieszkanie !! IDEALNE dla rodziny M3 ! Rzeszów Drabinianka,536 119 zł,Rzeszów - Odświeżono Dzisiaj O 09:34,Brak danych,"55,27 m² - 9700 zł/m²",Brak danych,Brak danych
1932,2 Pokoje | Po remoncie | Dolina Trzech Stawów,439 000 zł,Katowice - Dzisiaj O 09:45,Brak danych,43 m² - 10209.3 zł/m²,2 pokoje,Brak danych
1933,⭐Przytulne mieszkanie 2- pokojowe ⭐ możliwość zakupu GARAŻU ⭐,205 000 zł,Brak danych,Brak danych,"33,90 m² - 6047.2 zł/m²",Brak danych,Brak danych
1934,2 pok mieszkanie na Bemowie osiedle Young City,540 000 zł,Warszawa,Brak danych,30 m² - 18000 zł/m²,Brak danych,Brak danych
1935,Kawalerka 30 m² po remoncie | Możliwość 2 pokoi | Wysoki standard,299 000 zł,Brak danych,Brak danych,30 m² - 9966.67 zł/m²,2 pokoje,Brak danych
1936,Duża Kawalerka blisko Uniwersytetu Szczecińskiego,395 000 zł,Szczecin,Brak danych,"43,40 m² - 9101.38 zł/m²",1 pokój,Brak danych
1937,"Niebuszewo, Mieszkanie 51m2 piętro 1",299 000 zł,Szczecin,Brak danych,"51,22 m² - 5837.56 zł/m²",Brak danych,2 piętro
1938,Mieszkanie 3 pokojowe z balkonem i zielenią za oknem,376 000 zł,Brak danych,Brak danych,48 m² - 7833.33 zł/m²,3 pokoje,Brak danych
1939,"2 pokoje, klimatyczne mieszkanie na sprzedaż, winda! [REZERWACJA]",290 000 zł,Łódź,Brak danych,"38,30 m² - 7571.8 zł/m²",2 pokoje,Brak danych
1940,Nowe mieszkanie w stanie deweloperskim ul. Robotnicza - od ręki!,337 000 zł,Brak danych,Brak danych,"39,08 m² - 8623.34 zł/m²",Brak danych,Brak danych
1941,Okazja. Przestronne 3 pokoje + kuchnio-jadalnia + ... !,760 000 zł,Toruń - 14 Czerwca 2025,Brak danych,72 m² - 10555.56 zł/m²,3 pokoje,Brak danych
1942,"Nowe Wykończone 2 pokoje 43,4m2 + ogródek 55m2, brak PCC, Właściciel.",859 000 zł,Kraków,Brak danych,"43,40 m² - 19792.63 zł/m²",2 pokoje,Brak danych
1943,"Kawalerka 28,3m2 z balkonem, do remontu, metro",375 000 zł,Warszawa,Brak danych,"28,30 m² - 13250.88 zł/m²",1 pokój,Brak danych
1944,Kawalerka z kuchnią | Górczyn | 32 m² | Widok z 8. piętra,260 000 zł,Gorzów Wielkopolski - Dzisiaj O 16:05,Brak danych,"32,40 m² - 8024.69 zł/m²",1 pokój,Brak danych
1945,"Mieszkanie 2-pokojowe, Zajezdnia Wrzeszcz, 47 m²",880 000 zł,Gdańsk,Brak danych,"47,22 m² - 18636.17 zł/m²",Brak danych,Brak danych
1946,Mieszkanie 3 pokojowe w starej kamienicy w Siemianowicach Śląskich,185 000 zł,Brak danych,Brak danych,87 m² - 2126.44 zł/m²,3 pokoje,Brak danych
1947,Pilnie#2-pokoje# Metro # okazja#,530 000 zł,Warszawa,Brak danych,"37,54 m² - 14118.27 zł/m²",Brak danych,Brak danych
1948,Kawalerka po generalnym remoncie z pięknymi zachodami!,499 000 zł,Warszawa,Brak danych,"30,40 m² - 16414.47 zł/m²",1 pokój,Brak danych
1949,Funkcjonalne 2 pokoje z oddzielną kuchnią blisko centrum,369 000 zł,Białystok,Brak danych,"48,40 m² - 7623.97 zł/m²",2 pokoje,Brak danych
1950,⭐Odbierz duży Rabat- 2 pokoje + Hala Garażowa⭐ Umów się na dni Otwarte,618 900 zł,Warszawa - Dzisiaj O 14:14,Brak danych,"41,15 m² - 15040.1 zł/m²",2 pokoje,Brak danych
1951,Sprzedam mieszkanie 3-pokojowe,650 000 zł,Opole - 16 Lipca 2025,Brak danych,"61,68 m² - 10538.26 zł/m²",Brak danych,Brak danych
1952,Mieszkanie Opole ZWM 51M2 2 Pokoje Balkon Winda dla niepełnosprawnych,499 000 złdo negocjacji,Opole - Odświeżono Dnia 16 Lipca 2025,Brak danych,50 m² - 9980 zł/m²,2 pokoje,Brak danych
1953,"Nowoczesna kawalerka, Wrocław ul. Bierutowska",359 000 zł,Wrocław,Brak danych,"26,50 m² - 13547.17 zł/m²",1 pokój,Brak danych
1954,Mieszkanie do wprowadzenia | Rybnik | Parter,214 000 zł,Rybnik - 15 Lipca 2025,Brak danych,"39,79 m² - 5378.24 zł/m²",Brak danych,Parter
1955,Bezczynszowe mieszkanie-6 km od Koszalina!,259 000 zł,Koszalin,Brak danych,"47,50 m² - 5452.63 zł/m²",Brak danych,Brak danych
1956,"Mieszkanie (54,8 mkw.) Opalenica, os. Centrum",367 160 zł,Brak danych,Brak danych,"54,80 m² - 6700 zł/m²",Brak danych,Brak danych
1957,Gdańsk Mieszkanie 2 pokoje wykończone PRYWATNIE,545 000 zł,Gdańsk - 16 Lipca 2025,Brak danych,39 m² - 13974.36 zł/m²,2 pokoje,Brak danych
1958,3 pokojowe mieszkanie za Sterem ul. Gen. Maczka,649 000 zł,Szczecin,Brak danych,71 m² - 9140.85 zł/m²,3 pokoje,Brak danych
1959,M3 Mieszkanie 2 pokoje Sierakowskiego po remoncie Łódź,359 000 zł,Łódź,Brak danych,"38,30 m² - 9373.37 zł/m²",2 pokoje,Brak danych
1960,Słoneczne jasne mieszkanie na Przytorzu,300 000 złdo negocjacji,Brak danych,Brak danych,"52,74 m² - 5688.28 zł/m²",Brak danych,Brak danych
1961,Wygodne 2 pokoje do własnej aranżacji!,199 000 zł,Sosnowiec - Dzisiaj O 19:26,Brak danych,"32,71 m² - 6083.77 zł/m²",2 pokoje,Brak danych
1962,Mieszkanie z potencjałem w dzielnicy muzycznej,347 000 zł,Bydgoszcz - Dzisiaj O 14:10,Brak danych,"47,45 m² - 7312.96 zł/m²",Brak danych,Brak danych
1963,"Osiedle Leśne, 2 pokoje, I piętro",490 000 zł,Bydgoszcz - 16 Lipca 2025,Brak danych,"54,51 m² - 8989.18 zł/m²",2 pokoje,490 piętro
1964,BEZPOŚREDNIO 3-pokojowe mieszkanie z balkonem na os. Braniborskim,499 999 zł,Brak danych,Brak danych,"52,20 m² - 9578.52 zł/m²",Brak danych,Brak danych
1965,Mieszkanie 3-pokojowe gotowe do zamieszkania,399 000 zł,Starogard Gdański - 15 Lipca 2025,Brak danych,"48,90 m² - 8159.51 zł/m²",Brak danych,Brak danych
1966,PRZESTRONNE Mieszkanie !! IDEALNE dla rodziny M3 ! Rzeszów Drabinianka,536 119 zł,Rzeszów - Odświeżono Dzisiaj O 09:34,Brak danych,"55,27 m² - 9700 zł/m²",Brak danych,Brak danych
1967,2 pokoje z oddzielną kuchnią,550 000 zł,Warszawa,Brak danych,38 m² - 14473.68 zł/m²,2 pokoje,Brak danych
1968,2 Pokoje | Po remoncie | Dolina Trzech Stawów,439 000 zł,Katowice - Dzisiaj O 09:45,Brak danych,43 m² - 10209.3 zł/m²,2 pokoje,Brak danych
1969,⭐Przytulne mieszkanie 2- pokojowe ⭐ możliwość zakupu GARAŻU ⭐,205 000 zł,Brak danych,Brak danych,"33,90 m² - 6047.2 zł/m²",Brak danych,Brak danych
1970,2 pok mieszkanie na Bemowie osiedle Young City,540 000 zł,Warszawa,Brak danych,30 m² - 18000 zł/m²,Brak danych,Brak danych
1971,Kawalerka 30 m² po remoncie | Możliwość 2 pokoi | Wysoki standard,299 000 zł,Brak danych,Brak danych,30 m² - 9966.67 zł/m²,2 pokoje,Brak danych
1972,Duża Kawalerka blisko Uniwersytetu Szczecińskiego,395 000 zł,Szczecin,Brak danych,"43,40 m² - 9101.38 zł/m²",1 pokój,Brak danych
1973,"Niebuszewo, Mieszkanie 51m2 piętro 1",299 000 zł,Szczecin,Brak danych,"51,22 m² - 5837.56 zł/m²",Brak danych,2 piętro
1974,Mieszkanie 3 pokojowe z balkonem i zielenią za oknem,376 000 zł,Brak danych,Brak danych,48 m² - 7833.33 zł/m²,3 pokoje,Brak danych
1975,Nowe mieszkanie w stanie deweloperskim ul. Robotnicza - od ręki!,337 000 zł,Brak danych,Brak danych,"39,08 m² - 8623.34 zł/m²",Brak danych,Brak danych
1976,Okazja. Przestronne 3 pokoje + kuchnio-jadalnia + ... !,760 000 zł,Toruń - 14 Czerwca 2025,Brak danych,72 m² - 10555.56 zł/m²,3 pokoje,Brak danych
1977,"Nowe Wykończone 2 pokoje 43,4m2 + ogródek 55m2, brak PCC, Właściciel.",859 000 zł,Kraków,Brak danych,"43,40 m² - 19792.63 zł/m²",2 pokoje,Brak danych
1978,"2 pokoje, klimatyczne mieszkanie na sprzedaż, winda! [REZERWACJA]",290 000 zł,Łódź,Brak danych,"38,30 m² - 7571.8 zł/m²",2 pokoje,Brak danych
1979,"Kawalerka 28,3m2 z balkonem, do remontu, metro",375 000 zł,Warszawa,Brak danych,"28,30 m² - 13250.88 zł/m²",1 pokój,Brak danych
1980,Kawalerka z kuchnią | Górczyn | 32 m² | Widok z 8. piętra,260 000 zł,Gorzów Wielkopolski - Dzisiaj O 16:05,Brak danych,"32,40 m² - 8024.69 zł/m²",1 pokój,Brak danych
1981,"Mieszkanie 2-pokojowe, Zajezdnia Wrzeszcz, 47 m²",880 000 zł,Gdańsk,Brak danych,"47,22 m² - 18636.17 zł/m²",Brak danych,Brak danych
1982,Mieszkanie 3 pokojowe w starej kamienicy w Siemianowicach Śląskich,185 000 zł,Brak danych,Brak danych,87 m² - 2126.44 zł/m²,3 pokoje,Brak danych
1983,Pilnie#2-pokoje# Metro # okazja#,530 000 zł,Warszawa,Brak danych,"37,54 m² - 14118.27 zł/m²",Brak danych,Brak danych
1984,Kawalerka po generalnym remoncie z pięknymi zachodami!,499 000 zł,Warszawa,Brak danych,"30,40 m² - 16414.47 zł/m²",1 pokój,Brak danych
1985,⭐Odbierz duży Rabat- 2 pokoje + Hala Garażowa⭐ Umów się na dni Otwarte,618 900 zł,Warszawa - Dzisiaj O 14:14,Brak danych,"41,15 m² - 15040.1 zł/m²",2 pokoje,Brak danych
1986,Sprzedam mieszkanie 3-pokojowe,650 000 zł,Opole - 16 Lipca 2025,Brak danych,"61,68 m² - 10538.26 zł/m²",Brak danych,Brak danych
1987,Mieszkanie Opole ZWM 51M2 2 Pokoje Balkon Winda dla niepełnosprawnych,499 000 złdo negocjacji,Opole - Odświeżono Dnia 16 Lipca 2025,Brak danych,50 m² - 9980 zł/m²,2 pokoje,Brak danych
1988,Funkcjonalne 2 pokoje z oddzielną kuchnią blisko centrum,369 000 zł,Białystok,Brak danych,"48,40 m² - 7623.97 zł/m²",2 pokoje,Brak danych
1989,"Nowoczesna kawalerka, Wrocław ul. Bierutowska",359 000 zł,Wrocław,Brak danych,"26,50 m² - 13547.17 zł/m²",1 pokój,Brak danych
1990,Mieszkanie do wprowadzenia | Rybnik | Parter,214 000 zł,Rybnik - 15 Lipca 2025,Brak danych,"39,79 m² - 5378.24 zł/m²",Brak danych,Parter
1991,Bezczynszowe mieszkanie-6 km od Koszalina!,259 000 zł,Koszalin,Brak danych,"47,50 m² - 5452.63 zł/m²",Brak danych,Brak danych
1992,"Mieszkanie (54,8 mkw.) Opalenica, os. Centrum",367 160 zł,Brak danych,Brak danych,"54,80 m² - 6700 zł/m²",Brak danych,Brak danych
1993,Gdańsk Mieszkanie 2 pokoje wykończone PRYWATNIE,545 000 zł,Gdańsk - 16 Lipca 2025,Brak danych,39 m² - 13974.36 zł/m²,2 pokoje,Brak danych
1994,3 pokojowe mieszkanie za Sterem ul. Gen. Maczka,649 000 zł,Szczecin,Brak danych,71 m² - 9140.85 zł/m²,3 pokoje,Brak danych
1995,M3 Mieszkanie 2 pokoje Sierakowskiego po remoncie Łódź,359 000 zł,Łódź,Brak danych,"38,30 m² - 9373.37 zł/m²",2 pokoje,Brak danych
1996,"3 Pokoje, LSM, Po Generalnym Remoncie, ul. Pozytywistów, Widok n Wąwóz",529 000 zł,Lublin - Odświeżono Dzisiaj O 11:18,Brak danych,48 m² - 11020.83 zł/m²,3 pokoje,Brak danych
1997,Wygodne 2 pokoje do własnej aranżacji!,199 000 zł,Sosnowiec - Dzisiaj O 19:26,Brak danych,"32,71 m² - 6083.77 zł/m²",2 pokoje,Brak danych
1998,Mieszkanie z potencjałem w dzielnicy muzycznej,347 000 zł,Bydgoszcz - Dzisiaj O 14:10,Brak danych,"47,45 m² - 7312.96 zł/m²",Brak danych,Brak danych
1999,"Osiedle Leśne, 2 pokoje, I piętro",490 000 zł,Bydgoszcz - 16 Lipca 2025,Brak danych,"54,51 m² - 8989.18 zł/m²",2 pokoje,490 piętro
2000,BEZPOŚREDNIO 3-pokojowe mieszkanie z balkonem na os. Braniborskim,499 999 zł,Brak danych,Brak danych,"52,20 m² - 9578.52 zł/m²",Brak danych,Brak danych
2001,Mieszkanie 3-pokojowe gotowe do zamieszkania,399 000 zł,Starogard Gdański - 15 Lipca 2025,Brak danych,"48,90 m² - 8159.51 zł/m²",Brak danych,Brak danych
2002,2 pokoje z oddzielną kuchnią,550 000 zł,Warszawa,Brak danych,38 m² - 14473.68 zł/m²,2 pokoje,Brak danych
2003,"Lokal,na Dowolną Działalność i Mieszkać #ZDECYDOWANIE #sprzedam",1 443 990 złdo negocjacji,Szczecin,Brak danych,143 m² - 10097.83 zł/m²,Brak danych,Brak danych
2004,PRZESTRONNE Mieszkanie !! IDEALNE dla rodziny M3 ! Rzeszów Drabinianka,536 119 zł,Rzeszów - Odświeżono Dzisiaj O 09:34,Brak danych,"55,27 m² - 9700 zł/m²",Brak danych,Brak danych
2005,2 Pokoje | Po remoncie | Dolina Trzech Stawów,439 000 zł,Katowice - Dzisiaj O 09:45,Brak danych,43 m² - 10209.3 zł/m²,2 pokoje,Brak danych
2006,⭐Przytulne mieszkanie 2- pokojowe ⭐ możliwość zakupu GARAŻU ⭐,205 000 zł,Brak danych,Brak danych,"33,90 m² - 6047.2 zł/m²",Brak danych,Brak danych
2007,2 pok mieszkanie na Bemowie osiedle Young City,540 000 zł,Warszawa,Brak danych,30 m² - 18000 zł/m²,Brak danych,Brak danych
2008,Kawalerka 30 m² po remoncie | Możliwość 2 pokoi | Wysoki standard,299 000 zł,Brak danych,Brak danych,30 m² - 9966.67 zł/m²,2 pokoje,Brak danych
2009,Duża Kawalerka blisko Uniwersytetu Szczecińskiego,395 000 zł,Szczecin,Brak danych,"43,40 m² - 9101.38 zł/m²",1 pokój,Brak danych
2010,"Niebuszewo, Mieszkanie 51m2 piętro 1",299 000 zł,Szczecin,Brak danych,"51,22 m² - 5837.56 zł/m²",Brak danych,2 piętro
2011,Mieszkanie 3 pokojowe z balkonem i zielenią za oknem,376 000 zł,Brak danych,Brak danych,48 m² - 7833.33 zł/m²,3 pokoje,Brak danych
2012,"2 pokoje, klimatyczne mieszkanie na sprzedaż, winda! [REZERWACJA]",290 000 zł,Łódź,Brak danych,"38,30 m² - 7571.8 zł/m²",2 pokoje,Brak danych
2013,Piękne nowe mieszkanie w idealnej lokalizacji!,645 000 złdo negocjacji,Białystok,Brak danych,52 m² - 12403.85 zł/m²,Brak danych,Brak danych
2014,Okazja. Przestronne 3 pokoje + kuchnio-jadalnia + ... !,760 000 zł,Toruń - 14 Czerwca 2025,Brak danych,72 m² - 10555.56 zł/m²,3 pokoje,Brak danych
2015,"Kawalerka 28,3m2 z balkonem, do remontu, metro",375 000 zł,Warszawa,Brak danych,"28,30 m² - 13250.88 zł/m²",1 pokój,Brak danych
2016,Kawalerka z kuchnią | Górczyn | 32 m² | Widok z 8. piętra,260 000 zł,Gorzów Wielkopolski - Dzisiaj O 16:05,Brak danych,"32,40 m² - 8024.69 zł/m²",1 pokój,Brak danych
2017,"Mieszkanie 2-pokojowe, Zajezdnia Wrzeszcz, 47 m²",880 000 zł,Gdańsk,Brak danych,"47,22 m² - 18636.17 zł/m²",Brak danych,Brak danych
2018,Mieszkanie 3 pokojowe w starej kamienicy w Siemianowicach Śląskich,185 000 zł,Brak danych,Brak danych,87 m² - 2126.44 zł/m²,3 pokoje,Brak danych
2019,Pilnie#2-pokoje# Metro # okazja#,530 000 zł,Warszawa,Brak danych,"37,54 m² - 14118.27 zł/m²",Brak danych,Brak danych
2020,Kawalerka po generalnym remoncie z pięknymi zachodami!,499 000 zł,Warszawa,Brak danych,"30,40 m² - 16414.47 zł/m²",1 pokój,Brak danych
2021,Funkcjonalne 2 pokoje z oddzielną kuchnią blisko centrum,369 000 zł,Białystok,Brak danych,"48,40 m² - 7623.97 zł/m²",2 pokoje,Brak danych
2022,"Nowe Wykończone 2 pokoje 43,4m2 + ogródek 55m2, brak PCC, Właściciel.",859 000 zł,Kraków,Brak danych,"43,40 m² - 19792.63 zł/m²",2 pokoje,Brak danych
2023,⭐Odbierz duży Rabat- 2 pokoje + Hala Garażowa⭐ Umów się na dni Otwarte,618 900 zł,Warszawa - Dzisiaj O 14:14,Brak danych,"41,15 m² - 15040.1 zł/m²",2 pokoje,Brak danych
2024,Sprzedam mieszkanie 3-pokojowe,650 000 zł,Opole - 16 Lipca 2025,Brak danych,"61,68 m² - 10538.26 zł/m²",Brak danych,Brak danych
2025,"Nowoczesna kawalerka, Wrocław ul. Bierutowska",359 000 zł,Wrocław,Brak danych,"26,50 m² - 13547.17 zł/m²",1 pokój,Brak danych
2026,Mieszkanie do wprowadzenia | Rybnik | Parter,214 000 zł,Rybnik - 15 Lipca 2025,Brak danych,"39,79 m² - 5378.24 zł/m²",Brak danych,Parter
2027,Bezczynszowe mieszkanie-6 km od Koszalina!,259 000 zł,Koszalin,Brak danych,"47,50 m² - 5452.63 zł/m²",Brak danych,Brak danych
2028,"Mieszkanie (54,8 mkw.) Opalenica, os. Centrum",367 160 zł,Brak danych,Brak danych,"54,80 m² - 6700 zł/m²",Brak danych,Brak danych
2029,Gdańsk Mieszkanie 2 pokoje wykończone PRYWATNIE,545 000 zł,Gdańsk - 16 Lipca 2025,Brak danych,39 m² - 13974.36 zł/m²,2 pokoje,Brak danych
2030,3 pokojowe mieszkanie za Sterem ul. Gen. Maczka,649 000 zł,Szczecin,Brak danych,71 m² - 9140.85 zł/m²,3 pokoje,Brak danych
2031,"3 Pokoje, LSM, Po Generalnym Remoncie, ul. Pozytywistów, Widok n Wąwóz",529 000 zł,Lublin - Odświeżono Dzisiaj O 11:18,Brak danych,48 m² - 11020.83 zł/m²,3 pokoje,Brak danych
2032,"Lokal,na Dowolną Działalność i Mieszkać #ZDECYDOWANIE #sprzedam",1 443 990 złdo negocjacji,Szczecin,Brak danych,143 m² - 10097.83 zł/m²,Brak danych,Brak danych
2033,Wygodne 2 pokoje do własnej aranżacji!,199 000 zł,Sosnowiec - Dzisiaj O 19:26,Brak danych,"32,71 m² - 6083.77 zł/m²",2 pokoje,Brak danych
2034,Mieszkanie z potencjałem w dzielnicy muzycznej,347 000 zł,Bydgoszcz - Dzisiaj O 14:10,Brak danych,"47,45 m² - 7312.96 zł/m²",Brak danych,Brak danych
2035,"Osiedle Leśne, 2 pokoje, I piętro",490 000 zł,Bydgoszcz - 16 Lipca 2025,Brak danych,"54,51 m² - 8989.18 zł/m²",2 pokoje,490 piętro
2036,BEZPOŚREDNIO 3-pokojowe mieszkanie z balkonem na os. Braniborskim,499 999 zł,Brak danych,Brak danych,"52,20 m² - 9578.52 zł/m²",Brak danych,Brak danych
2037,Mieszkanie 3-pokojowe gotowe do zamieszkania,399 000 zł,Starogard Gdański - 15 Lipca 2025,Brak danych,"48,90 m² - 8159.51 zł/m²",Brak danych,Brak danych
2038,2 pokoje z oddzielną kuchnią,550 000 zł,Warszawa,Brak danych,38 m² - 14473.68 zł/m²,2 pokoje,Brak danych
2039,PRZESTRONNE Mieszkanie !! IDEALNE dla rodziny M3 ! Rzeszów Drabinianka,536 119 zł,Rzeszów - Odświeżono Dzisiaj O 09:34,Brak danych,"55,27 m² - 9700 zł/m²",Brak danych,Brak danych
2040,2 Pokoje | Po remoncie | Dolina Trzech Stawów,439 000 zł,Katowice - Dzisiaj O 09:45,Brak danych,43 m² - 10209.3 zł/m²,2 pokoje,Brak danych
2041,⭐Przytulne mieszkanie 2- pokojowe ⭐ możliwość zakupu GARAŻU ⭐,205 000 zł,Brak danych,Brak danych,"33,90 m² - 6047.2 zł/m²",Brak danych,Brak danych
2042,2 pok mieszkanie na Bemowie osiedle Young City,540 000 zł,Warszawa,Brak danych,30 m² - 18000 zł/m²,Brak danych,Brak danych
2043,Kawalerka 30 m² po remoncie | Możliwość 2 pokoi | Wysoki standard,299 000 zł,Brak danych,Brak danych,30 m² - 9966.67 zł/m²,2 pokoje,Brak danych
2044,Duża Kawalerka blisko Uniwersytetu Szczecińskiego,395 000 zł,Szczecin,Brak danych,"43,40 m² - 9101.38 zł/m²",1 pokój,Brak danych
2045,"Niebuszewo, Mieszkanie 51m2 piętro 1",299 000 zł,Szczecin,Brak danych,"51,22 m² - 5837.56 zł/m²",Brak danych,2 piętro
2046,Mieszkanie 3 pokojowe z balkonem i zielenią za oknem,376 000 zł,Brak danych,Brak danych,48 m² - 7833.33 zł/m²,3 pokoje,Brak danych
2047,"2 pokoje, klimatyczne mieszkanie na sprzedaż, winda! [REZERWACJA]",290 000 zł,Łódź,Brak danych,"38,30 m² - 7571.8 zł/m²",2 pokoje,Brak danych
2048,Piękne nowe mieszkanie w idealnej lokalizacji!,645 000 złdo negocjacji,Białystok,Brak danych,52 m² - 12403.85 zł/m²,Brak danych,Brak danych
2049,Okazja. Przestronne 3 pokoje + kuchnio-jadalnia + ... !,760 000 zł,Toruń - 14 Czerwca 2025,Brak danych,72 m² - 10555.56 zł/m²,3 pokoje,Brak danych
2050,"Kawalerka 28,3m2 z balkonem, do remontu, metro",375 000 zł,Warszawa,Brak danych,"28,30 m² - 13250.88 zł/m²",1 pokój,Brak danych
2051,Kawalerka z kuchnią | Górczyn | 32 m² | Widok z 8. piętra,260 000 zł,Gorzów Wielkopolski - Dzisiaj O 16:05,Brak danych,"32,40 m² - 8024.69 zł/m²",1 pokój,Brak danych
2052,"Mieszkanie 2-pokojowe, Zajezdnia Wrzeszcz, 47 m²",880 000 zł,Gdańsk,Brak danych,"47,22 m² - 18636.17 zł/m²",Brak danych,Brak danych
2053,Mieszkanie 3 pokojowe w starej kamienicy w Siemianowicach Śląskich,185 000 zł,Brak danych,Brak danych,87 m² - 2126.44 zł/m²,3 pokoje,Brak danych
2054,Pilnie#2-pokoje# Metro # okazja#,530 000 zł,Warszawa,Brak danych,"37,54 m² - 14118.27 zł/m²",Brak danych,Brak danych
2055,Kawalerka po generalnym remoncie z pięknymi zachodami!,499 000 zł,Warszawa,Brak danych,"30,40 m² - 16414.47 zł/m²",1 pokój,Brak danych
2056,Funkcjonalne 2 pokoje z oddzielną kuchnią blisko centrum,369 000 zł,Białystok,Brak danych,"48,40 m² - 7623.97 zł/m²",2 pokoje,Brak danych
2057,"Nowe Wykończone 2 pokoje 43,4m2 + ogródek 55m2, brak PCC, Właściciel.",859 000 zł,Kraków,Brak danych,"43,40 m² - 19792.63 zł/m²",2 pokoje,Brak danych
2058,⭐Odbierz duży Rabat- 2 pokoje + Hala Garażowa⭐ Umów się na dni Otwarte,618 900 zł,Warszawa - Dzisiaj O 14:14,Brak danych,"41,15 m² - 15040.1 zł/m²",2 pokoje,Brak danych
2059,Sprzedam mieszkanie 3-pokojowe,650 000 zł,Opole - 16 Lipca 2025,Brak danych,"61,68 m² - 10538.26 zł/m²",Brak danych,Brak danych
2060,"Nowoczesna kawalerka, Wrocław ul. Bierutowska",359 000 zł,Wrocław,Brak danych,"26,50 m² - 13547.17 zł/m²",1 pokój,Brak danych
2061,Mieszkanie do wprowadzenia | Rybnik | Parter,214 000 zł,Rybnik - 15 Lipca 2025,Brak danych,"39,79 m² - 5378.24 zł/m²",Brak danych,Parter
2062,Bezczynszowe mieszkanie-6 km od Koszalina!,259 000 zł,Koszalin,Brak danych,"47,50 m² - 5452.63 zł/m²",Brak danych,Brak danych
2063,"Mieszkanie (54,8 mkw.) Opalenica, os. Centrum",367 160 zł,Brak danych,Brak danych,"54,80 m² - 6700 zł/m²",Brak danych,Brak danych
2064,Gdańsk Mieszkanie 2 pokoje wykończone PRYWATNIE,545 000 zł,Gdańsk - 16 Lipca 2025,Brak danych,39 m² - 13974.36 zł/m²,2 pokoje,Brak danych
2065,3 pokojowe mieszkanie za Sterem ul. Gen. Maczka,649 000 zł,Szczecin,Brak danych,71 m² - 9140.85 zł/m²,3 pokoje,Brak danych
2066,"3 Pokoje, LSM, Po Generalnym Remoncie, ul. Pozytywistów, Widok n Wąwóz",529 000 zł,Lublin - Odświeżono Dzisiaj O 11:18,Brak danych,48 m² - 11020.83 zł/m²,3 pokoje,Brak danych
2067,"Lokal,na Dowolną Działalność i Mieszkać #ZDECYDOWANIE #sprzedam",1 443 990 złdo negocjacji,Szczecin,Brak danych,143 m² - 10097.83 zł/m²,Brak danych,Brak danych
2068,Wygodne 2 pokoje do własnej aranżacji!,199 000 zł,Sosnowiec - Dzisiaj O 19:26,Brak danych,"32,71 m² - 6083.77 zł/m²",2 pokoje,Brak danych
2069,Mieszkanie z potencjałem w dzielnicy muzycznej,347 000 zł,Bydgoszcz - Dzisiaj O 14:10,Brak danych,"47,45 m² - 7312.96 zł/m²",Brak danych,Brak danych
2070,"Osiedle Leśne, 2 pokoje, I piętro",490 000 zł,Bydgoszcz - 16 Lipca 2025,Brak danych,"54,51 m² - 8989.18 zł/m²",2 pokoje,490 piętro
2071,BEZPOŚREDNIO 3-pokojowe mieszkanie z balkonem na os. Braniborskim,499 999 zł,Brak danych,Brak danych,"52,20 m² - 9578.52 zł/m²",Brak danych,Brak danych
2072,Mieszkanie 3-pokojowe gotowe do zamieszkania,399 000 zł,Starogard Gdański - 15 Lipca 2025,Brak danych,"48,90 m² - 8159.51 zł/m²",Brak danych,Brak danych
2073,2 pokoje z oddzielną kuchnią,550 000 zł,Warszawa,Brak danych,38 m² - 14473.68 zł/m²,2 pokoje,Brak danych
2074,PRZESTRONNE Mieszkanie !! IDEALNE dla rodziny M3 ! Rzeszów Drabinianka,536 119 zł,Rzeszów - Odświeżono Dzisiaj O 09:34,Brak danych,"55,27 m² - 9700 zł/m²",Brak danych,Brak danych
2075,2 Pokoje | Po remoncie | Dolina Trzech Stawów,439 000 zł,Katowice - Dzisiaj O 09:45,Brak danych,43 m² - 10209.3 zł/m²,2 pokoje,Brak danych
2076,⭐Przytulne mieszkanie 2- pokojowe ⭐ możliwość zakupu GARAŻU ⭐,205 000 zł,Brak danych,Brak danych,"33,90 m² - 6047.2 zł/m²",Brak danych,Brak danych
2077,2 pok mieszkanie na Bemowie osiedle Young City,540 000 zł,Warszawa,Brak danych,30 m² - 18000 zł/m²,Brak danych,Brak danych
2078,Kawalerka 30 m² po remoncie | Możliwość 2 pokoi | Wysoki standard,299 000 zł,Brak danych,Brak danych,30 m² - 9966.67 zł/m²,2 pokoje,Brak danych
2079,Duża Kawalerka blisko Uniwersytetu Szczecińskiego,395 000 zł,Szczecin,Brak danych,"43,40 m² - 9101.38 zł/m²",1 pokój,Brak danych
2080,"Niebuszewo, Mieszkanie 51m2 piętro 1",299 000 zł,Szczecin,Brak danych,"51,22 m² - 5837.56 zł/m²",Brak danych,2 piętro
2081,Mieszkanie 3 pokojowe z balkonem i zielenią za oknem,376 000 zł,Brak danych,Brak danych,48 m² - 7833.33 zł/m²,3 pokoje,Brak danych
2082,"2 pokoje, klimatyczne mieszkanie na sprzedaż, winda! [REZERWACJA]",290 000 zł,Łódź,Brak danych,"38,30 m² - 7571.8 zł/m²",2 pokoje,Brak danych
2083,Piękne nowe mieszkanie w idealnej lokalizacji!,645 000 złdo negocjacji,Białystok,Brak danych,52 m² - 12403.85 zł/m²,Brak danych,Brak danych
2084,Okazja. Przestronne 3 pokoje + kuchnio-jadalnia + ... !,760 000 zł,Toruń - 14 Czerwca 2025,Brak danych,72 m² - 10555.56 zł/m²,3 pokoje,Brak danych
2085,"Nowe Wykończone 2 pokoje 43,4m2 + ogródek 55m2, brak PCC, Właściciel.",859 000 zł,Kraków,Brak danych,"43,40 m² - 19792.63 zł/m²",2 pokoje,Brak danych
2086,"Kawalerka 28,3m2 z balkonem, do remontu, metro",375 000 zł,Warszawa,Brak danych,"28,30 m² - 13250.88 zł/m²",1 pokój,Brak danych
2087,Kawalerka z kuchnią | Górczyn | 32 m² | Widok z 8. piętra,260 000 zł,Gorzów Wielkopolski - Dzisiaj O 16:05,Brak danych,"32,40 m² - 8024.69 zł/m²",1 pokój,Brak danych
2088,"Mieszkanie 2-pokojowe, Zajezdnia Wrzeszcz, 47 m²",880 000 zł,Gdańsk,Brak danych,"47,22 m² - 18636.17 zł/m²",Brak danych,Brak danych
2089,Mieszkanie 3 pokojowe w starej kamienicy w Siemianowicach Śląskich,185 000 zł,Brak danych,Brak danych,87 m² - 2126.44 zł/m²,3 pokoje,Brak danych
2090,Pilnie#2-pokoje# Metro # okazja#,530 000 zł,Warszawa,Brak danych,"37,54 m² - 14118.27 zł/m²",Brak danych,Brak danych
2091,Kawalerka po generalnym remoncie z pięknymi zachodami!,499 000 zł,Warszawa,Brak danych,"30,40 m² - 16414.47 zł/m²",1 pokój,Brak danych
2092,Funkcjonalne 2 pokoje z oddzielną kuchnią blisko centrum,369 000 zł,Białystok,Brak danych,"48,40 m² - 7623.97 zł/m²",2 pokoje,Brak danych
2093,⭐Odbierz duży Rabat- 2 pokoje + Hala Garażowa⭐ Umów się na dni Otwarte,618 900 zł,Warszawa - Dzisiaj O 14:14,Brak danych,"41,15 m² - 15040.1 zł/m²",2 pokoje,Brak danych
2094,"Nowoczesna kawalerka, Wrocław ul. Bierutowska",359 000 zł,Wrocław,Brak danych,"26,50 m² - 13547.17 zł/m²",1 pokój,Brak danych
2095,Mieszkanie do wprowadzenia | Rybnik | Parter,214 000 zł,Rybnik - 15 Lipca 2025,Brak danych,"39,79 m² - 5378.24 zł/m²",Brak danych,Parter
2096,Bezczynszowe mieszkanie-6 km od Koszalina!,259 000 zł,Koszalin,Brak danych,"47,50 m² - 5452.63 zł/m²",Brak danych,Brak danych
2097,"Mieszkanie (54,8 mkw.) Opalenica, os. Centrum",367 160 zł,Brak danych,Brak danych,"54,80 m² - 6700 zł/m²",Brak danych,Brak danych
2098,Gdańsk Mieszkanie 2 pokoje wykończone PRYWATNIE,545 000 zł,Gdańsk - 16 Lipca 2025,Brak danych,39 m² - 13974.36 zł/m²,2 pokoje,Brak danych
2099,3 pokojowe mieszkanie za Sterem ul. Gen. Maczka,649 000 zł,Szczecin,Brak danych,71 m² - 9140.85 zł/m²,3 pokoje,Brak danych
2100,Słoneczne jasne mieszkanie na Przytorzu,300 000 złdo negocjacji,Brak danych,Brak danych,"52,74 m² - 5688.28 zł/m²",Brak danych,Brak danych
2101,Mieszkanie z potencjałem w dzielnicy muzycznej,347 000 zł,Bydgoszcz - Dzisiaj O 14:10,Brak danych,"47,45 m² - 7312.96 zł/m²",Brak danych,Brak danych
2102,"Osiedle Leśne, 2 pokoje, I piętro",490 000 zł,Bydgoszcz - 16 Lipca 2025,Brak danych,"54,51 m² - 8989.18 zł/m²",2 pokoje,490 piętro
2103,BEZPOŚREDNIO 3-pokojowe mieszkanie z balkonem na os. Braniborskim,499 999 zł,Brak danych,Brak danych,"52,20 m² - 9578.52 zł/m²",Brak danych,Brak danych
2104,Mieszkanie 3-pokojowe gotowe do zamieszkania,399 000 zł,Starogard Gdański - 15 Lipca 2025,Brak danych,"48,90 m² - 8159.51 zł/m²",Brak danych,Brak danych
2105,2 pokoje z oddzielną kuchnią,550 000 zł,Warszawa,Brak danych,38 m² - 14473.68 zł/m²,2 pokoje,Brak danych
2106,2 Pokoje | Po remoncie | Dolina Trzech Stawów,439 000 zł,Katowice - Dzisiaj O 09:45,Brak danych,43 m² - 10209.3 zł/m²,2 pokoje,Brak danych
2107,PRZESTRONNE Mieszkanie !! IDEALNE dla rodziny M3 ! Rzeszów Drabinianka,536 119 zł,Rzeszów - Odświeżono Dzisiaj O 09:34,Brak danych,"55,27 m² - 9700 zł/m²",Brak danych,Brak danych
2108,⭐Przytulne mieszkanie 2- pokojowe ⭐ możliwość zakupu GARAŻU ⭐,205 000 zł,Brak danych,Brak danych,"33,90 m² - 6047.2 zł/m²",Brak danych,Brak danych
2109,2 pok mieszkanie na Bemowie osiedle Young City,540 000 zł,Warszawa,Brak danych,30 m² - 18000 zł/m²,Brak danych,Brak danych
2110,Kawalerka 30 m² po remoncie | Możliwość 2 pokoi | Wysoki standard,299 000 zł,Brak danych,Brak danych,30 m² - 9966.67 zł/m²,2 pokoje,Brak danych
2111,Duża Kawalerka blisko Uniwersytetu Szczecińskiego,395 000 zł,Szczecin,Brak danych,"43,40 m² - 9101.38 zł/m²",1 pokój,Brak danych
2112,"Niebuszewo, Mieszkanie 51m2 piętro 1",299 000 zł,Szczecin,Brak danych,"51,22 m² - 5837.56 zł/m²",Brak danych,2 piętro
2113,Mieszkanie 3 pokojowe z balkonem i zielenią za oknem,376 000 zł,Brak danych,Brak danych,48 m² - 7833.33 zł/m²,3 pokoje,Brak danych
2114,"2 pokoje, klimatyczne mieszkanie na sprzedaż, winda! [REZERWACJA]",290 000 zł,Łódź,Brak danych,"38,30 m² - 7571.8 zł/m²",2 pokoje,Brak danych
2115,Nowe mieszkanie w stanie deweloperskim ul. Robotnicza - od ręki!,337 000 zł,Brak danych,Brak danych,"39,08 m² - 8623.34 zł/m²",Brak danych,Brak danych
2116,Okazja. Przestronne 3 pokoje + kuchnio-jadalnia + ... !,760 000 zł,Toruń - 14 Czerwca 2025,Brak danych,72 m² - 10555.56 zł/m²,3 pokoje,Brak danych
2117,"Nowe Wykończone 2 pokoje 43,4m2 + ogródek 55m2, brak PCC, Właściciel.",859 000 zł,Kraków,Brak danych,"43,40 m² - 19792.63 zł/m²",2 pokoje,Brak danych
2118,"Kawalerka 28,3m2 z balkonem, do remontu, metro",375 000 zł,Warszawa,Brak danych,"28,30 m² - 13250.88 zł/m²",1 pokój,Brak danych
2119,Kawalerka z kuchnią | Górczyn | 32 m² | Widok z 8. piętra,260 000 zł,Gorzów Wielkopolski - Dzisiaj O 16:05,Brak danych,"32,40 m² - 8024.69 zł/m²",1 pokój,Brak danych
2120,"Mieszkanie 2-pokojowe, Zajezdnia Wrzeszcz, 47 m²",880 000 zł,Gdańsk,Brak danych,"47,22 m² - 18636.17 zł/m²",Brak danych,Brak danych
2121,Mieszkanie 3 pokojowe w starej kamienicy w Siemianowicach Śląskich,185 000 zł,Brak danych,Brak danych,87 m² - 2126.44 zł/m²,3 pokoje,Brak danych
2122,Pilnie#2-pokoje# Metro # okazja#,530 000 zł,Warszawa,Brak danych,"37,54 m² - 14118.27 zł/m²",Brak danych,Brak danych
2123,Kawalerka po generalnym remoncie z pięknymi zachodami!,499 000 zł,Warszawa,Brak danych,"30,40 m² - 16414.47 zł/m²",1 pokój,Brak danych
2124,Funkcjonalne 2 pokoje z oddzielną kuchnią blisko centrum,369 000 zł,Białystok,Brak danych,"48,40 m² - 7623.97 zł/m²",2 pokoje,Brak danych
2125,"Nowoczesna kawalerka, Wrocław ul. Bierutowska",359 000 zł,Wrocław,Brak danych,"26,50 m² - 13547.17 zł/m²",1 pokój,Brak danych
2126,⭐Odbierz duży Rabat- 2 pokoje + Hala Garażowa⭐ Umów się na dni Otwarte,618 900 zł,Warszawa - Dzisiaj O 14:14,Brak danych,"41,15 m² - 15040.1 zł/m²",2 pokoje,Brak danych
2127,Sprzedam mieszkanie 3-pokojowe,650 000 zł,Opole - 16 Lipca 2025,Brak danych,"61,68 m² - 10538.26 zł/m²",Brak danych,Brak danych
2128,Mieszkanie do wprowadzenia | Rybnik | Parter,214 000 zł,Rybnik - 15 Lipca 2025,Brak danych,"39,79 m² - 5378.24 zł/m²",Brak danych,Parter
2129,Bezczynszowe mieszkanie-6 km od Koszalina!,259 000 zł,Koszalin,Brak danych,"47,50 m² - 5452.63 zł/m²",Brak danych,Brak danych
2130,"Mieszkanie (54,8 mkw.) Opalenica, os. Centrum",367 160 zł,Brak danych,Brak danych,"54,80 m² - 6700 zł/m²",Brak danych,Brak danych
2131,Gdańsk Mieszkanie 2 pokoje wykończone PRYWATNIE,545 000 zł,Gdańsk - 16 Lipca 2025,Brak danych,39 m² - 13974.36 zł/m²,2 pokoje,Brak danych
2132,3 pokojowe mieszkanie za Sterem ul. Gen. Maczka,649 000 zł,Szczecin,Brak danych,71 m² - 9140.85 zł/m²,3 pokoje,Brak danych
2133,Blisko Centrum idealne na Inwestycję lub jako pierwsze mieszkanie,410 000 złdo negocjacji,Kraków,Brak danych,23 m² - 17826.09 zł/m²,Brak danych,Brak danych
2134,M3 Mieszkanie 2 pokoje Sierakowskiego po remoncie Łódź,359 000 zł,Łódź,Brak danych,"38,30 m² - 9373.37 zł/m²",2 pokoje,Brak danych
2135,Mieszkanie z potencjałem w dzielnicy muzycznej,347 000 zł,Bydgoszcz - Dzisiaj O 14:10,Brak danych,"47,45 m² - 7312.96 zł/m²",Brak danych,Brak danych
2136,"Osiedle Leśne, 2 pokoje, I piętro",490 000 zł,Bydgoszcz - 16 Lipca 2025,Brak danych,"54,51 m² - 8989.18 zł/m²",2 pokoje,490 piętro
2137,BEZPOŚREDNIO 3-pokojowe mieszkanie z balkonem na os. Braniborskim,499 999 zł,Brak danych,Brak danych,"52,20 m² - 9578.52 zł/m²",Brak danych,Brak danych
2138,Mieszkanie 3-pokojowe gotowe do zamieszkania,399 000 zł,Starogard Gdański - 15 Lipca 2025,Brak danych,"48,90 m² - 8159.51 zł/m²",Brak danych,Brak danych
2139,2 pokoje z oddzielną kuchnią,550 000 zł,Warszawa,Brak danych,38 m² - 14473.68 zł/m²,2 pokoje,Brak danych
2140,2 Pokoje | Po remoncie | Dolina Trzech Stawów,439 000 zł,Katowice - Dzisiaj O 09:45,Brak danych,43 m² - 10209.3 zł/m²,2 pokoje,Brak danych
2141,"3 Pokoje, LSM, Po Generalnym Remoncie, ul. Pozytywistów, Widok n Wąwóz",529 000 zł,Lublin - Odświeżono Dzisiaj O 11:18,Brak danych,48 m² - 11020.83 zł/m²,3 pokoje,Brak danych
2142,"Lokal,na Dowolną Działalność i Mieszkać #ZDECYDOWANIE #sprzedam",1 443 990 złdo negocjacji,Szczecin,Brak danych,143 m² - 10097.83 zł/m²,Brak danych,Brak danych
2143,⭐Przytulne mieszkanie 2- pokojowe ⭐ możliwość zakupu GARAŻU ⭐,205 000 zł,Brak danych,Brak danych,"33,90 m² - 6047.2 zł/m²",Brak danych,Brak danych
2144,2 pok mieszkanie na Bemowie osiedle Young City,540 000 zł,Warszawa,Brak danych,30 m² - 18000 zł/m²,Brak danych,Brak danych
2145,Kawalerka 30 m² po remoncie | Możliwość 2 pokoi | Wysoki standard,299 000 zł,Brak danych,Brak danych,30 m² - 9966.67 zł/m²,2 pokoje,Brak danych
2146,Duża Kawalerka blisko Uniwersytetu Szczecińskiego,395 000 zł,Szczecin,Brak danych,"43,40 m² - 9101.38 zł/m²",1 pokój,Brak danych
2147,"Niebuszewo, Mieszkanie 51m2 piętro 1",299 000 zł,Szczecin,Brak danych,"51,22 m² - 5837.56 zł/m²",Brak danych,2 piętro
2148,Mieszkanie 3 pokojowe z balkonem i zielenią za oknem,376 000 zł,Brak danych,Brak danych,48 m² - 7833.33 zł/m²,3 pokoje,Brak danych
2149,"2 pokoje, klimatyczne mieszkanie na sprzedaż, winda! [REZERWACJA]",290 000 zł,Łódź,Brak danych,"38,30 m² - 7571.8 zł/m²",2 pokoje,Brak danych
2150,Piękne nowe mieszkanie w idealnej lokalizacji!,645 000 złdo negocjacji,Białystok,Brak danych,52 m² - 12403.85 zł/m²,Brak danych,Brak danych
2151,Okazja. Przestronne 3 pokoje + kuchnio-jadalnia + ... !,760 000 zł,Toruń - 14 Czerwca 2025,Brak danych,72 m² - 10555.56 zł/m²,3 pokoje,Brak danych
2152,"Kawalerka 28,3m2 z balkonem, do remontu, metro",375 000 zł,Warszawa,Brak danych,"28,30 m² - 13250.88 zł/m²",1 pokój,Brak danych
2153,Kawalerka z kuchnią | Górczyn | 32 m² | Widok z 8. piętra,260 000 zł,Gorzów Wielkopolski - Dzisiaj O 16:05,Brak danych,"32,40 m² - 8024.69 zł/m²",1 pokój,Brak danych
2154,"Mieszkanie 2-pokojowe, Zajezdnia Wrzeszcz, 47 m²",880 000 zł,Gdańsk,Brak danych,"47,22 m² - 18636.17 zł/m²",Brak danych,Brak danych
2155,Mieszkanie 3 pokojowe w starej kamienicy w Siemianowicach Śląskich,185 000 zł,Brak danych,Brak danych,87 m² - 2126.44 zł/m²,3 pokoje,Brak danych
2156,Pilnie#2-pokoje# Metro # okazja#,530 000 zł,Warszawa,Brak danych,"37,54 m² - 14118.27 zł/m²",Brak danych,Brak danych
2157,Kawalerka po generalnym remoncie z pięknymi zachodami!,499 000 zł,Warszawa,Brak danych,"30,40 m² - 16414.47 zł/m²",1 pokój,Brak danych
2158,Funkcjonalne 2 pokoje z oddzielną kuchnią blisko centrum,369 000 zł,Białystok,Brak danych,"48,40 m² - 7623.97 zł/m²",2 pokoje,Brak danych
2159,"Nowoczesna kawalerka, Wrocław ul. Bierutowska",359 000 zł,Wrocław,Brak danych,"26,50 m² - 13547.17 zł/m²",1 pokój,Brak danych
2160,"Nowe Wykończone 2 pokoje 43,4m2 + ogródek 55m2, brak PCC, Właściciel.",859 000 zł,Kraków,Brak danych,"43,40 m² - 19792.63 zł/m²",2 pokoje,Brak danych
2161,Mieszkanie Opole ZWM 51M2 2 Pokoje Balkon Winda dla niepełnosprawnych,499 000 złdo negocjacji,Opole - Odświeżono Dnia 16 Lipca 2025,Brak danych,50 m² - 9980 zł/m²,2 pokoje,Brak danych
2162,Mieszkanie do wprowadzenia | Rybnik | Parter,214 000 zł,Rybnik - 15 Lipca 2025,Brak danych,"39,79 m² - 5378.24 zł/m²",Brak danych,Parter
2163,Bezczynszowe mieszkanie-6 km od Koszalina!,259 000 zł,Koszalin,Brak danych,"47,50 m² - 5452.63 zł/m²",Brak danych,Brak danych
2164,"Mieszkanie (54,8 mkw.) Opalenica, os. Centrum",367 160 zł,Brak danych,Brak danych,"54,80 m² - 6700 zł/m²",Brak danych,Brak danych
2165,Gdańsk Mieszkanie 2 pokoje wykończone PRYWATNIE,545 000 zł,Gdańsk - 16 Lipca 2025,Brak danych,39 m² - 13974.36 zł/m²,2 pokoje,Brak danych
2166,3 pokojowe mieszkanie za Sterem ul. Gen. Maczka,649 000 zł,Szczecin,Brak danych,71 m² - 9140.85 zł/m²,3 pokoje,Brak danych
2167,Blisko Centrum idealne na Inwestycję lub jako pierwsze mieszkanie,410 000 złdo negocjacji,Kraków,Brak danych,23 m² - 17826.09 zł/m²,Brak danych,Brak danych
2168,M3 Mieszkanie 2 pokoje Sierakowskiego po remoncie Łódź,359 000 zł,Łódź,Brak danych,"38,30 m² - 9373.37 zł/m²",2 pokoje,Brak danych
2169,Słoneczne jasne mieszkanie na Przytorzu,300 000 złdo negocjacji,Brak danych,Brak danych,"52,74 m² - 5688.28 zł/m²",Brak danych,Brak danych
2170,Wygodne 2 pokoje do własnej aranżacji!,199 000 zł,Sosnowiec - Dzisiaj O 19:26,Brak danych,"32,71 m² - 6083.77 zł/m²",2 pokoje,Brak danych
2171,Mieszkanie z potencjałem w dzielnicy muzycznej,347 000 zł,Bydgoszcz - Dzisiaj O 14:10,Brak danych,"47,45 m² - 7312.96 zł/m²",Brak danych,Brak danych
2172,"Osiedle Leśne, 2 pokoje, I piętro",490 000 zł,Bydgoszcz - 16 Lipca 2025,Brak danych,"54,51 m² - 8989.18 zł/m²",2 pokoje,490 piętro
2173,BEZPOŚREDNIO 3-pokojowe mieszkanie z balkonem na os. Braniborskim,499 999 zł,Brak danych,Brak danych,"52,20 m² - 9578.52 zł/m²",Brak danych,Brak danych
2174,Mieszkanie 3-pokojowe gotowe do zamieszkania,399 000 zł,Starogard Gdański - 15 Lipca 2025,Brak danych,"48,90 m² - 8159.51 zł/m²",Brak danych,Brak danych
2175,2 pokoje z oddzielną kuchnią,550 000 zł,Warszawa,Brak danych,38 m² - 14473.68 zł/m²,2 pokoje,Brak danych
2176,PRZESTRONNE Mieszkanie !! IDEALNE dla rodziny M3 ! Rzeszów Drabinianka,536 119 zł,Rzeszów - Odświeżono Dzisiaj O 09:34,Brak danych,"55,27 m² - 9700 zł/m²",Brak danych,Brak danych
2177,Nowe mieszkanie w stanie deweloperskim ul. Robotnicza - od ręki!,337 000 zł,Brak danych,Brak danych,"39,08 m² - 8623.34 zł/m²",Brak danych,Brak danych
2178,2 Pokoje | Po remoncie | Dolina Trzech Stawów,439 000 zł,Katowice - Dzisiaj O 09:45,Brak danych,43 m² - 10209.3 zł/m²,2 pokoje,Brak danych
2179,⭐Przytulne mieszkanie 2- pokojowe ⭐ możliwość zakupu GARAŻU ⭐,205 000 zł,Brak danych,Brak danych,"33,90 m² - 6047.2 zł/m²",Brak danych,Brak danych
2180,2 pok mieszkanie na Bemowie osiedle Young City,540 000 zł,Warszawa,Brak danych,30 m² - 18000 zł/m²,Brak danych,Brak danych
2181,Kawalerka 30 m² po remoncie | Możliwość 2 pokoi | Wysoki standard,299 000 zł,Brak danych,Brak danych,30 m² - 9966.67 zł/m²,2 pokoje,Brak danych
2182,Duża Kawalerka blisko Uniwersytetu Szczecińskiego,395 000 zł,Szczecin,Brak danych,"43,40 m² - 9101.38 zł/m²",1 pokój,Brak danych
2183,"Niebuszewo, Mieszkanie 51m2 piętro 1",299 000 zł,Szczecin,Brak danych,"51,22 m² - 5837.56 zł/m²",Brak danych,2 piętro
2184,Mieszkanie 3 pokojowe z balkonem i zielenią za oknem,376 000 zł,Brak danych,Brak danych,48 m² - 7833.33 zł/m²,3 pokoje,Brak danych
2185,"2 pokoje, klimatyczne mieszkanie na sprzedaż, winda! [REZERWACJA]",290 000 zł,Łódź,Brak danych,"38,30 m² - 7571.8 zł/m²",2 pokoje,Brak danych
2186,Okazja. Przestronne 3 pokoje + kuchnio-jadalnia + ... !,760 000 zł,Toruń - 14 Czerwca 2025,Brak danych,72 m² - 10555.56 zł/m²,3 pokoje,Brak danych
2187,"Nowe Wykończone 2 pokoje 43,4m2 + ogródek 55m2, brak PCC, Właściciel.",859 000 zł,Kraków,Brak danych,"43,40 m² - 19792.63 zł/m²",2 pokoje,Brak danych
2188,"Kawalerka 28,3m2 z balkonem, do remontu, metro",375 000 zł,Warszawa,Brak danych,"28,30 m² - 13250.88 zł/m²",1 pokój,Brak danych
2189,Kawalerka z kuchnią | Górczyn | 32 m² | Widok z 8. piętra,260 000 zł,Gorzów Wielkopolski - Dzisiaj O 16:05,Brak danych,"32,40 m² - 8024.69 zł/m²",1 pokój,Brak danych
2190,"Mieszkanie 2-pokojowe, Zajezdnia Wrzeszcz, 47 m²",880 000 zł,Gdańsk,Brak danych,"47,22 m² - 18636.17 zł/m²",Brak danych,Brak danych
2191,Mieszkanie 3 pokojowe w starej kamienicy w Siemianowicach Śląskich,185 000 zł,Brak danych,Brak danych,87 m² - 2126.44 zł/m²,3 pokoje,Brak danych
2192,Pilnie#2-pokoje# Metro # okazja#,530 000 zł,Warszawa,Brak danych,"37,54 m² - 14118.27 zł/m²",Brak danych,Brak danych
2193,Kawalerka po generalnym remoncie z pięknymi zachodami!,499 000 zł,Warszawa,Brak danych,"30,40 m² - 16414.47 zł/m²",1 pokój,Brak danych
2194,Funkcjonalne 2 pokoje z oddzielną kuchnią blisko centrum,369 000 zł,Białystok,Brak danych,"48,40 m² - 7623.97 zł/m²",2 pokoje,Brak danych
2195,⭐Odbierz duży Rabat- 2 pokoje + Hala Garażowa⭐ Umów się na dni Otwarte,618 900 zł,Warszawa - Dzisiaj O 14:14,Brak danych,"41,15 m² - 15040.1 zł/m²",2 pokoje,Brak danych
2196,Sprzedam mieszkanie 3-pokojowe,650 000 zł,Opole - 16 Lipca 2025,Brak danych,"61,68 m² - 10538.26 zł/m²",Brak danych,Brak danych
2197,Sprzedam mieszkanie z balkonem !,320 000 zł,Brak danych,Brak danych,"51,26 m² - 6242.68 zł/m²",Brak danych,Brak danych
2198,"Nowoczesna kawalerka, Wrocław ul. Bierutowska",359 000 zł,Wrocław,Brak danych,"26,50 m² - 13547.17 zł/m²",1 pokój,Brak danych
2199,Mieszkanie do wprowadzenia | Rybnik | Parter,214 000 zł,Rybnik - 15 Lipca 2025,Brak danych,"39,79 m² - 5378.24 zł/m²",Brak danych,Parter
2200,Bezczynszowe mieszkanie-6 km od Koszalina!,259 000 zł,Koszalin,Brak danych,"47,50 m² - 5452.63 zł/m²",Brak danych,Brak danych
2201,"Mieszkanie (54,8 mkw.) Opalenica, os. Centrum",367 160 zł,Brak danych,Brak danych,"54,80 m² - 6700 zł/m²",Brak danych,Brak danych
2202,Gdańsk Mieszkanie 2 pokoje wykończone PRYWATNIE,545 000 zł,Gdańsk - 16 Lipca 2025,Brak danych,39 m² - 13974.36 zł/m²,2 pokoje,Brak danych
2203,3 pokojowe mieszkanie za Sterem ul. Gen. Maczka,649 000 zł,Szczecin,Brak danych,71 m² - 9140.85 zł/m²,3 pokoje,Brak danych
2204,Słoneczne jasne mieszkanie na Przytorzu,300 000 złdo negocjacji,Brak danych,Brak danych,"52,74 m² - 5688.28 zł/m²",Brak danych,Brak danych
2205,Wygodne 2 pokoje do własnej aranżacji!,199 000 zł,Sosnowiec - Dzisiaj O 19:26,Brak danych,"32,71 m² - 6083.77 zł/m²",2 pokoje,Brak danych
2206,Mieszkanie z potencjałem w dzielnicy muzycznej,347 000 zł,Bydgoszcz - Dzisiaj O 14:10,Brak danych,"47,45 m² - 7312.96 zł/m²",Brak danych,Brak danych
2207,"Osiedle Leśne, 2 pokoje, I piętro",490 000 zł,Bydgoszcz - 16 Lipca 2025,Brak danych,"54,51 m² - 8989.18 zł/m²",2 pokoje,490 piętro
2208,BEZPOŚREDNIO 3-pokojowe mieszkanie z balkonem na os. Braniborskim,499 999 zł,Brak danych,Brak danych,"52,20 m² - 9578.52 zł/m²",Brak danych,Brak danych
2209,Mieszkanie 3-pokojowe gotowe do zamieszkania,399 000 zł,Starogard Gdański - 15 Lipca 2025,Brak danych,"48,90 m² - 8159.51 zł/m²",Brak danych,Brak danych
2210,2 pokoje z oddzielną kuchnią,550 000 zł,Warszawa,Brak danych,38 m² - 14473.68 zł/m²,2 pokoje,Brak danych
2211,PRZESTRONNE Mieszkanie !! IDEALNE dla rodziny M3 ! Rzeszów Drabinianka,536 119 zł,Rzeszów - Odświeżono Dzisiaj O 09:34,Brak danych,"55,27 m² - 9700 zł/m²",Brak danych,Brak danych
2212,2 Pokoje | Po remoncie | Dolina Trzech Stawów,439 000 zł,Katowice - Dzisiaj O 09:45,Brak danych,43 m² - 10209.3 zł/m²,2 pokoje,Brak danych
2213,⭐Przytulne mieszkanie 2- pokojowe ⭐ możliwość zakupu GARAŻU ⭐,205 000 zł,Brak danych,Brak danych,"33,90 m² - 6047.2 zł/m²",Brak danych,Brak danych
2214,2 pok mieszkanie na Bemowie osiedle Young City,540 000 zł,Warszawa,Brak danych,30 m² - 18000 zł/m²,Brak danych,Brak danych
2215,Kawalerka 30 m² po remoncie | Możliwość 2 pokoi | Wysoki standard,299 000 zł,Brak danych,Brak danych,30 m² - 9966.67 zł/m²,2 pokoje,Brak danych
2216,Duża Kawalerka blisko Uniwersytetu Szczecińskiego,395 000 zł,Szczecin,Brak danych,"43,40 m² - 9101.38 zł/m²",1 pokój,Brak danych
2217,"Niebuszewo, Mieszkanie 51m2 piętro 1",299 000 zł,Szczecin,Brak danych,"51,22 m² - 5837.56 zł/m²",Brak danych,2 piętro
2218,Mieszkanie 3 pokojowe z balkonem i zielenią za oknem,376 000 zł,Brak danych,Brak danych,48 m² - 7833.33 zł/m²,3 pokoje,Brak danych
2219,"2 pokoje, klimatyczne mieszkanie na sprzedaż, winda! [REZERWACJA]",290 000 zł,Łódź,Brak danych,"38,30 m² - 7571.8 zł/m²",2 pokoje,Brak danych
2220,Nowe mieszkanie w stanie deweloperskim ul. Robotnicza - od ręki!,337 000 zł,Brak danych,Brak danych,"39,08 m² - 8623.34 zł/m²",Brak danych,Brak danych
2221,Okazja. Przestronne 3 pokoje + kuchnio-jadalnia + ... !,760 000 zł,Toruń - 14 Czerwca 2025,Brak danych,72 m² - 10555.56 zł/m²,3 pokoje,Brak danych
2222,"Nowe Wykończone 2 pokoje 43,4m2 + ogródek 55m2, brak PCC, Właściciel.",859 000 zł,Kraków,Brak danych,"43,40 m² - 19792.63 zł/m²",2 pokoje,Brak danych
2223,"Kawalerka 28,3m2 z balkonem, do remontu, metro",375 000 zł,Warszawa,Brak danych,"28,30 m² - 13250.88 zł/m²",1 pokój,Brak danych
2224,Kawalerka z kuchnią | Górczyn | 32 m² | Widok z 8. piętra,260 000 zł,Gorzów Wielkopolski - Dzisiaj O 16:05,Brak danych,"32,40 m² - 8024.69 zł/m²",1 pokój,Brak danych
2225,"Mieszkanie 2-pokojowe, Zajezdnia Wrzeszcz, 47 m²",880 000 zł,Gdańsk,Brak danych,"47,22 m² - 18636.17 zł/m²",Brak danych,Brak danych
2226,Mieszkanie 3 pokojowe w starej kamienicy w Siemianowicach Śląskich,185 000 zł,Brak danych,Brak danych,87 m² - 2126.44 zł/m²,3 pokoje,Brak danych
2227,Pilnie#2-pokoje# Metro # okazja#,530 000 zł,Warszawa,Brak danych,"37,54 m² - 14118.27 zł/m²",Brak danych,Brak danych
2228,Kawalerka po generalnym remoncie z pięknymi zachodami!,499 000 zł,Warszawa,Brak danych,"30,40 m² - 16414.47 zł/m²",1 pokój,Brak danych
2229,Funkcjonalne 2 pokoje z oddzielną kuchnią blisko centrum,369 000 zł,Białystok,Brak danych,"48,40 m² - 7623.97 zł/m²",2 pokoje,Brak danych
2230,⭐Odbierz duży Rabat- 2 pokoje + Hala Garażowa⭐ Umów się na dni Otwarte,618 900 zł,Warszawa - Dzisiaj O 14:14,Brak danych,"41,15 m² - 15040.1 zł/m²",2 pokoje,Brak danych
2231,Sprzedam mieszkanie 3-pokojowe,650 000 zł,Opole - 16 Lipca 2025,Brak danych,"61,68 m² - 10538.26 zł/m²",Brak danych,Brak danych
2232,"Nowoczesna kawalerka, Wrocław ul. Bierutowska",359 000 zł,Wrocław,Brak danych,"26,50 m² - 13547.17 zł/m²",1 pokój,Brak danych
2233,Mieszkanie do wprowadzenia | Rybnik | Parter,214 000 zł,Rybnik - 15 Lipca 2025,Brak danych,"39,79 m² - 5378.24 zł/m²",Brak danych,Parter
2234,Bezczynszowe mieszkanie-6 km od Koszalina!,259 000 zł,Koszalin,Brak danych,"47,50 m² - 5452.63 zł/m²",Brak danych,Brak danych
2235,"Mieszkanie (54,8 mkw.) Opalenica, os. Centrum",367 160 zł,Brak danych,Brak danych,"54,80 m² - 6700 zł/m²",Brak danych,Brak danych
2236,Gdańsk Mieszkanie 2 pokoje wykończone PRYWATNIE,545 000 zł,Gdańsk - 16 Lipca 2025,Brak danych,39 m² - 13974.36 zł/m²,2 pokoje,Brak danych
2237,3 pokojowe mieszkanie za Sterem ul. Gen. Maczka,649 000 zł,Szczecin,Brak danych,71 m² - 9140.85 zł/m²,3 pokoje,Brak danych
2238,M3 Mieszkanie 2 pokoje Sierakowskiego po remoncie Łódź,359 000 zł,Łódź,Brak danych,"38,30 m² - 9373.37 zł/m²",2 pokoje,Brak danych
2239,Słoneczne jasne mieszkanie na Przytorzu,300 000 złdo negocjacji,Brak danych,Brak danych,"52,74 m² - 5688.28 zł/m²",Brak danych,Brak danych
2240,Mieszkanie z potencjałem w dzielnicy muzycznej,347 000 zł,Bydgoszcz - Dzisiaj O 14:10,Brak danych,"47,45 m² - 7312.96 zł/m²",Brak danych,Brak danych
2241,"Osiedle Leśne, 2 pokoje, I piętro",490 000 zł,Bydgoszcz - 16 Lipca 2025,Brak danych,"54,51 m² - 8989.18 zł/m²",2 pokoje,490 piętro
2242,BEZPOŚREDNIO 3-pokojowe mieszkanie z balkonem na os. Braniborskim,499 999 zł,Brak danych,Brak danych,"52,20 m² - 9578.52 zł/m²",Brak danych,Brak danych
2243,Mieszkanie 3-pokojowe gotowe do zamieszkania,399 000 zł,Starogard Gdański - 15 Lipca 2025,Brak danych,"48,90 m² - 8159.51 zł/m²",Brak danych,Brak danych
2244,2 pokoje z oddzielną kuchnią,550 000 zł,Warszawa,Brak danych,38 m² - 14473.68 zł/m²,2 pokoje,Brak danych
2245,2 Pokoje | Po remoncie | Dolina Trzech Stawów,439 000 zł,Katowice - Dzisiaj O 09:45,Brak danych,43 m² - 10209.3 zł/m²,2 pokoje,Brak danych
2246,PRZESTRONNE Mieszkanie !! IDEALNE dla rodziny M3 ! Rzeszów Drabinianka,536 119 zł,Rzeszów - Odświeżono Dzisiaj O 09:34,Brak danych,"55,27 m² - 9700 zł/m²",Brak danych,Brak danych
2247,⭐Przytulne mieszkanie 2- pokojowe ⭐ możliwość zakupu GARAŻU ⭐,205 000 zł,Brak danych,Brak danych,"33,90 m² - 6047.2 zł/m²",Brak danych,Brak danych
2248,2 pok mieszkanie na Bemowie osiedle Young City,540 000 zł,Warszawa,Brak danych,30 m² - 18000 zł/m²,Brak danych,Brak danych
2249,Kawalerka 30 m² po remoncie | Możliwość 2 pokoi | Wysoki standard,299 000 zł,Brak danych,Brak danych,30 m² - 9966.67 zł/m²,2 pokoje,Brak danych
2250,Duża Kawalerka blisko Uniwersytetu Szczecińskiego,395 000 zł,Szczecin,Brak danych,"43,40 m² - 9101.38 zł/m²",1 pokój,Brak danych
2251,"Niebuszewo, Mieszkanie 51m2 piętro 1",299 000 zł,Szczecin,Brak danych,"51,22 m² - 5837.56 zł/m²",Brak danych,2 piętro
2252,Mieszkanie 3 pokojowe z balkonem i zielenią za oknem,376 000 zł,Brak danych,Brak danych,48 m² - 7833.33 zł/m²,3 pokoje,Brak danych
2253,"2 pokoje, klimatyczne mieszkanie na sprzedaż, winda! [REZERWACJA]",290 000 zł,Łódź,Brak danych,"38,30 m² - 7571.8 zł/m²",2 pokoje,Brak danych
2254,Nowe mieszkanie w stanie deweloperskim ul. Robotnicza - od ręki!,337 000 zł,Brak danych,Brak danych,"39,08 m² - 8623.34 zł/m²",Brak danych,Brak danych
2255,Okazja. Przestronne 3 pokoje + kuchnio-jadalnia + ... !,760 000 zł,Toruń - 14 Czerwca 2025,Brak danych,72 m² - 10555.56 zł/m²,3 pokoje,Brak danych
2256,"Nowe Wykończone 2 pokoje 43,4m2 + ogródek 55m2, brak PCC, Właściciel.",859 000 zł,Kraków,Brak danych,"43,40 m² - 19792.63 zł/m²",2 pokoje,Brak danych
2257,"Kawalerka 28,3m2 z balkonem, do remontu, metro",375 000 zł,Warszawa,Brak danych,"28,30 m² - 13250.88 zł/m²",1 pokój,Brak danych
2258,Kawalerka z kuchnią | Górczyn | 32 m² | Widok z 8. piętra,260 000 zł,Gorzów Wielkopolski - Dzisiaj O 16:05,Brak danych,"32,40 m² - 8024.69 zł/m²",1 pokój,Brak danych
2259,"Mieszkanie 2-pokojowe, Zajezdnia Wrzeszcz, 47 m²",880 000 zł,Gdańsk,Brak danych,"47,22 m² - 18636.17 zł/m²",Brak danych,Brak danych
2260,Mieszkanie 3 pokojowe w starej kamienicy w Siemianowicach Śląskich,185 000 zł,Brak danych,Brak danych,87 m² - 2126.44 zł/m²,3 pokoje,Brak danych
2261,Pilnie#2-pokoje# Metro # okazja#,530 000 zł,Warszawa,Brak danych,"37,54 m² - 14118.27 zł/m²",Brak danych,Brak danych
2262,Kawalerka po generalnym remoncie z pięknymi zachodami!,499 000 zł,Warszawa,Brak danych,"30,40 m² - 16414.47 zł/m²",1 pokój,Brak danych
2263,Funkcjonalne 2 pokoje z oddzielną kuchnią blisko centrum,369 000 zł,Białystok,Brak danych,"48,40 m² - 7623.97 zł/m²",2 pokoje,Brak danych
2264,"Nowoczesna kawalerka, Wrocław ul. Bierutowska",359 000 zł,Wrocław,Brak danych,"26,50 m² - 13547.17 zł/m²",1 pokój,Brak danych
2265,⭐Odbierz duży Rabat- 2 pokoje + Hala Garażowa⭐ Umów się na dni Otwarte,618 900 zł,Warszawa - Dzisiaj O 14:14,Brak danych,"41,15 m² - 15040.1 zł/m²",2 pokoje,Brak danych
2266,Sprzedam mieszkanie 3-pokojowe,650 000 zł,Opole - 16 Lipca 2025,Brak danych,"61,68 m² - 10538.26 zł/m²",Brak danych,Brak danych
2267,Mieszkanie Opole ZWM 51M2 2 Pokoje Balkon Winda dla niepełnosprawnych,499 000 złdo negocjacji,Opole - Odświeżono Dnia 16 Lipca 2025,Brak danych,50 m² - 9980 zł/m²,2 pokoje,Brak danych
2268,Mieszkanie do wprowadzenia | Rybnik | Parter,214 000 zł,Rybnik - 15 Lipca 2025,Brak danych,"39,79 m² - 5378.24 zł/m²",Brak danych,Parter
2269,Bezczynszowe mieszkanie-6 km od Koszalina!,259 000 zł,Koszalin,Brak danych,"47,50 m² - 5452.63 zł/m²",Brak danych,Brak danych
2270,"Mieszkanie (54,8 mkw.) Opalenica, os. Centrum",367 160 zł,Brak danych,Brak danych,"54,80 m² - 6700 zł/m²",Brak danych,Brak danych
2271,Gdańsk Mieszkanie 2 pokoje wykończone PRYWATNIE,545 000 zł,Gdańsk - 16 Lipca 2025,Brak danych,39 m² - 13974.36 zł/m²,2 pokoje,Brak danych
2272,3 pokojowe mieszkanie za Sterem ul. Gen. Maczka,649 000 zł,Szczecin,Brak danych,71 m² - 9140.85 zł/m²,3 pokoje,Brak danych
2273,Blisko Centrum idealne na Inwestycję lub jako pierwsze mieszkanie,410 000 złdo negocjacji,Kraków,Brak danych,23 m² - 17826.09 zł/m²,Brak danych,Brak danych
2274,M3 Mieszkanie 2 pokoje Sierakowskiego po remoncie Łódź,359 000 zł,Łódź,Brak danych,"38,30 m² - 9373.37 zł/m²",2 pokoje,Brak danych
2275,"3 Pokoje, LSM, Po Generalnym Remoncie, ul. Pozytywistów, Widok n Wąwóz",529 000 zł,Lublin - Odświeżono Dzisiaj O 11:18,Brak danych,48 m² - 11020.83 zł/m²,3 pokoje,Brak danych
2276,Mieszkanie z potencjałem w dzielnicy muzycznej,347 000 zł,Bydgoszcz - Dzisiaj O 14:10,Brak danych,"47,45 m² - 7312.96 zł/m²",Brak danych,Brak danych
2277,"Osiedle Leśne, 2 pokoje, I piętro",490 000 zł,Bydgoszcz - 16 Lipca 2025,Brak danych,"54,51 m² - 8989.18 zł/m²",2 pokoje,490 piętro
2278,BEZPOŚREDNIO 3-pokojowe mieszkanie z balkonem na os. Braniborskim,499 999 zł,Brak danych,Brak danych,"52,20 m² - 9578.52 zł/m²",Brak danych,Brak danych
2279,Mieszkanie 3-pokojowe gotowe do zamieszkania,399 000 zł,Starogard Gdański - 15 Lipca 2025,Brak danych,"48,90 m² - 8159.51 zł/m²",Brak danych,Brak danych
2280,2 pokoje z oddzielną kuchnią,550 000 zł,Warszawa,Brak danych,38 m² - 14473.68 zł/m²,2 pokoje,Brak danych
2281,2 Pokoje | Po remoncie | Dolina Trzech Stawów,439 000 zł,Katowice - Dzisiaj O 09:45,Brak danych,43 m² - 10209.3 zł/m²,2 pokoje,Brak danych
2282,"Lokal,na Dowolną Działalność i Mieszkać #ZDECYDOWANIE #sprzedam",1 443 990 złdo negocjacji,Szczecin,Brak danych,143 m² - 10097.83 zł/m²,Brak danych,Brak danych
2283,PRZESTRONNE Mieszkanie !! IDEALNE dla rodziny M3 ! Rzeszów Drabinianka,536 119 zł,Rzeszów - Odświeżono Dzisiaj O 09:34,Brak danych,"55,27 m² - 9700 zł/m²",Brak danych,Brak danych
2284,⭐Przytulne mieszkanie 2- pokojowe ⭐ możliwość zakupu GARAŻU ⭐,205 000 zł,Brak danych,Brak danych,"33,90 m² - 6047.2 zł/m²",Brak danych,Brak danych
2285,2 pok mieszkanie na Bemowie osiedle Young City,540 000 zł,Warszawa,Brak danych,30 m² - 18000 zł/m²,Brak danych,Brak danych
2286,Kawalerka 30 m² po remoncie | Możliwość 2 pokoi | Wysoki standard,299 000 zł,Brak danych,Brak danych,30 m² - 9966.67 zł/m²,2 pokoje,Brak danych
2287,Duża Kawalerka blisko Uniwersytetu Szczecińskiego,395 000 zł,Szczecin,Brak danych,"43,40 m² - 9101.38 zł/m²",1 pokój,Brak danych
2288,"Niebuszewo, Mieszkanie 51m2 piętro 1",299 000 zł,Szczecin,Brak danych,"51,22 m² - 5837.56 zł/m²",Brak danych,2 piętro
2289,Mieszkanie 3 pokojowe z balkonem i zielenią za oknem,376 000 zł,Brak danych,Brak danych,48 m² - 7833.33 zł/m²,3 pokoje,Brak danych
2290,"2 pokoje, klimatyczne mieszkanie na sprzedaż, winda! [REZERWACJA]",290 000 zł,Łódź,Brak danych,"38,30 m² - 7571.8 zł/m²",2 pokoje,Brak danych
2291,Piękne nowe mieszkanie w idealnej lokalizacji!,645 000 złdo negocjacji,Białystok,Brak danych,52 m² - 12403.85 zł/m²,Brak danych,Brak danych
2292,Okazja. Przestronne 3 pokoje + kuchnio-jadalnia + ... !,760 000 zł,Toruń - 14 Czerwca 2025,Brak danych,72 m² - 10555.56 zł/m²,3 pokoje,Brak danych
2293,"Kawalerka 28,3m2 z balkonem, do remontu, metro",375 000 zł,Warszawa,Brak danych,"28,30 m² - 13250.88 zł/m²",1 pokój,Brak danych
2294,Kawalerka z kuchnią | Górczyn | 32 m² | Widok z 8. piętra,260 000 zł,Gorzów Wielkopolski - Dzisiaj O 16:05,Brak danych,"32,40 m² - 8024.69 zł/m²",1 pokój,Brak danych
2295,"Mieszkanie 2-pokojowe, Zajezdnia Wrzeszcz, 47 m²",880 000 zł,Gdańsk,Brak danych,"47,22 m² - 18636.17 zł/m²",Brak danych,Brak danych
2296,Mieszkanie 3 pokojowe w starej kamienicy w Siemianowicach Śląskich,185 000 zł,Brak danych,Brak danych,87 m² - 2126.44 zł/m²,3 pokoje,Brak danych
2297,Pilnie#2-pokoje# Metro # okazja#,530 000 zł,Warszawa,Brak danych,"37,54 m² - 14118.27 zł/m²",Brak danych,Brak danych
2298,Kawalerka po generalnym remoncie z pięknymi zachodami!,499 000 zł,Warszawa,Brak danych,"30,40 m² - 16414.47 zł/m²",1 pokój,Brak danych
2299,Funkcjonalne 2 pokoje z oddzielną kuchnią blisko centrum,369 000 zł,Białystok,Brak danych,"48,40 m² - 7623.97 zł/m²",2 pokoje,Brak danych
2300,"Nowoczesna kawalerka, Wrocław ul. Bierutowska",359 000 zł,Wrocław,Brak danych,"26,50 m² - 13547.17 zł/m²",1 pokój,Brak danych
2301,"Nowe Wykończone 2 pokoje 43,4m2 + ogródek 55m2, brak PCC, Właściciel.",859 000 zł,Kraków,Brak danych,"43,40 m² - 19792.63 zł/m²",2 pokoje,Brak danych
2302,⭐Odbierz duży Rabat- 2 pokoje + Hala Garażowa⭐ Umów się na dni Otwarte,618 900 zł,Warszawa - Dzisiaj O 14:14,Brak danych,"41,15 m² - 15040.1 zł/m²",2 pokoje,Brak danych
2303,Sprzedam mieszkanie 3-pokojowe,650 000 zł,Opole - 16 Lipca 2025,Brak danych,"61,68 m² - 10538.26 zł/m²",Brak danych,Brak danych
2304,Mieszkanie do wprowadzenia | Rybnik | Parter,214 000 zł,Rybnik - 15 Lipca 2025,Brak danych,"39,79 m² - 5378.24 zł/m²",Brak danych,Parter
2305,Bezczynszowe mieszkanie-6 km od Koszalina!,259 000 zł,Koszalin,Brak danych,"47,50 m² - 5452.63 zł/m²",Brak danych,Brak danych
2306,"Mieszkanie (54,8 mkw.) Opalenica, os. Centrum",367 160 zł,Brak danych,Brak danych,"54,80 m² - 6700 zł/m²",Brak danych,Brak danych
2307,Gdańsk Mieszkanie 2 pokoje wykończone PRYWATNIE,545 000 zł,Gdańsk - 16 Lipca 2025,Brak danych,39 m² - 13974.36 zł/m²,2 pokoje,Brak danych
2308,3 pokojowe mieszkanie za Sterem ul. Gen. Maczka,649 000 zł,Szczecin,Brak danych,71 m² - 9140.85 zł/m²,3 pokoje,Brak danych
2309,Blisko Centrum idealne na Inwestycję lub jako pierwsze mieszkanie,410 000 złdo negocjacji,Kraków,Brak danych,23 m² - 17826.09 zł/m²,Brak danych,Brak danych
2310,"3 Pokoje, LSM, Po Generalnym Remoncie, ul. Pozytywistów, Widok n Wąwóz",529 000 zł,Lublin - Odświeżono Dzisiaj O 11:18,Brak danych,48 m² - 11020.83 zł/m²,3 pokoje,Brak danych
2311,"Lokal,na Dowolną Działalność i Mieszkać #ZDECYDOWANIE #sprzedam",1 443 990 złdo negocjacji,Szczecin,Brak danych,143 m² - 10097.83 zł/m²,Brak danych,Brak danych
2312,Mieszkanie z potencjałem w dzielnicy muzycznej,347 000 zł,Bydgoszcz - Dzisiaj O 14:10,Brak danych,"47,45 m² - 7312.96 zł/m²",Brak danych,Brak danych
2313,"Osiedle Leśne, 2 pokoje, I piętro",490 000 zł,Bydgoszcz - 16 Lipca 2025,Brak danych,"54,51 m² - 8989.18 zł/m²",2 pokoje,490 piętro
2314,BEZPOŚREDNIO 3-pokojowe mieszkanie z balkonem na os. Braniborskim,499 999 zł,Brak danych,Brak danych,"52,20 m² - 9578.52 zł/m²",Brak danych,Brak danych
2315,Mieszkanie 3-pokojowe gotowe do zamieszkania,399 000 zł,Starogard Gdański - 15 Lipca 2025,Brak danych,"48,90 m² - 8159.51 zł/m²",Brak danych,Brak danych
2316,2 pokoje z oddzielną kuchnią,550 000 zł,Warszawa,Brak danych,38 m² - 14473.68 zł/m²,2 pokoje,Brak danych
2317,2 Pokoje | Po remoncie | Dolina Trzech Stawów,439 000 zł,Katowice - Dzisiaj O 09:45,Brak danych,43 m² - 10209.3 zł/m²,2 pokoje,Brak danych
2318,PRZESTRONNE Mieszkanie !! IDEALNE dla rodziny M3 ! Rzeszów Drabinianka,536 119 zł,Rzeszów - Odświeżono Dzisiaj O 09:34,Brak danych,"55,27 m² - 9700 zł/m²",Brak danych,Brak danych
2319,⭐Przytulne mieszkanie 2- pokojowe ⭐ możliwość zakupu GARAŻU ⭐,205 000 zł,Brak danych,Brak danych,"33,90 m² - 6047.2 zł/m²",Brak danych,Brak danych
2320,2 pok mieszkanie na Bemowie osiedle Young City,540 000 zł,Warszawa,Brak danych,30 m² - 18000 zł/m²,Brak danych,Brak danych
2321,Kawalerka 30 m² po remoncie | Możliwość 2 pokoi | Wysoki standard,299 000 zł,Brak danych,Brak danych,30 m² - 9966.67 zł/m²,2 pokoje,Brak danych
2322,Duża Kawalerka blisko Uniwersytetu Szczecińskiego,395 000 zł,Szczecin,Brak danych,"43,40 m² - 9101.38 zł/m²",1 pokój,Brak danych
2323,"Niebuszewo, Mieszkanie 51m2 piętro 1",299 000 zł,Szczecin,Brak danych,"51,22 m² - 5837.56 zł/m²",Brak danych,2 piętro
2324,Mieszkanie 3 pokojowe z balkonem i zielenią za oknem,376 000 zł,Brak danych,Brak danych,48 m² - 7833.33 zł/m²,3 pokoje,Brak danych
2325,"2 pokoje, klimatyczne mieszkanie na sprzedaż, winda! [REZERWACJA]",290 000 zł,Łódź,Brak danych,"38,30 m² - 7571.8 zł/m²",2 pokoje,Brak danych
2326,Piękne nowe mieszkanie w idealnej lokalizacji!,645 000 złdo negocjacji,Białystok,Brak danych,52 m² - 12403.85 zł/m²,Brak danych,Brak danych
2327,Okazja. Przestronne 3 pokoje + kuchnio-jadalnia + ... !,760 000 zł,Toruń - 14 Czerwca 2025,Brak danych,72 m² - 10555.56 zł/m²,3 pokoje,Brak danych
2328,"Kawalerka 28,3m2 z balkonem, do remontu, metro",375 000 zł,Warszawa,Brak danych,"28,30 m² - 13250.88 zł/m²",1 pokój,Brak danych
2329,Kawalerka z kuchnią | Górczyn | 32 m² | Widok z 8. piętra,260 000 zł,Gorzów Wielkopolski - Dzisiaj O 16:05,Brak danych,"32,40 m² - 8024.69 zł/m²",1 pokój,Brak danych
2330,"Mieszkanie 2-pokojowe, Zajezdnia Wrzeszcz, 47 m²",880 000 zł,Gdańsk,Brak danych,"47,22 m² - 18636.17 zł/m²",Brak danych,Brak danych
2331,Mieszkanie 3 pokojowe w starej kamienicy w Siemianowicach Śląskich,185 000 zł,Brak danych,Brak danych,87 m² - 2126.44 zł/m²,3 pokoje,Brak danych
2332,Pilnie#2-pokoje# Metro # okazja#,530 000 zł,Warszawa,Brak danych,"37,54 m² - 14118.27 zł/m²",Brak danych,Brak danych
2333,Kawalerka po generalnym remoncie z pięknymi zachodami!,499 000 zł,Warszawa,Brak danych,"30,40 m² - 16414.47 zł/m²",1 pokój,Brak danych
2334,Funkcjonalne 2 pokoje z oddzielną kuchnią blisko centrum,369 000 zł,Białystok,Brak danych,"48,40 m² - 7623.97 zł/m²",2 pokoje,Brak danych
2335,"Nowoczesna kawalerka, Wrocław ul. Bierutowska",359 000 zł,Wrocław,Brak danych,"26,50 m² - 13547.17 zł/m²",1 pokój,Brak danych
2336,"Nowe Wykończone 2 pokoje 43,4m2 + ogródek 55m2, brak PCC, Właściciel.",859 000 zł,Kraków,Brak danych,"43,40 m² - 19792.63 zł/m²",2 pokoje,Brak danych
2337,⭐Odbierz duży Rabat- 2 pokoje + Hala Garażowa⭐ Umów się na dni Otwarte,618 900 zł,Warszawa - Dzisiaj O 14:14,Brak danych,"41,15 m² - 15040.1 zł/m²",2 pokoje,Brak danych
2338,Mieszkanie do wprowadzenia | Rybnik | Parter,214 000 zł,Rybnik - 15 Lipca 2025,Brak danych,"39,79 m² - 5378.24 zł/m²",Brak danych,Parter
2339,Bezczynszowe mieszkanie-6 km od Koszalina!,259 000 zł,Koszalin,Brak danych,"47,50 m² - 5452.63 zł/m²",Brak danych,Brak danych
2340,"Mieszkanie (54,8 mkw.) Opalenica, os. Centrum",367 160 zł,Brak danych,Brak danych,"54,80 m² - 6700 zł/m²",Brak danych,Brak danych
2341,Gdańsk Mieszkanie 2 pokoje wykończone PRYWATNIE,545 000 zł,Gdańsk - 16 Lipca 2025,Brak danych,39 m² - 13974.36 zł/m²,2 pokoje,Brak danych
2342,3 pokojowe mieszkanie za Sterem ul. Gen. Maczka,649 000 zł,Szczecin,Brak danych,71 m² - 9140.85 zł/m²,3 pokoje,Brak danych
2343,Blisko Centrum idealne na Inwestycję lub jako pierwsze mieszkanie,410 000 złdo negocjacji,Kraków,Brak danych,23 m² - 17826.09 zł/m²,Brak danych,Brak danych
2344,"Kawalerka 38 m² za odstępne – Łódź Górna, okolice Placu Niepodległości",25 000 złdo negocjacji,Łódź,Brak danych,36 m² - 694.44 zł/m²,1 pokój,Brak danych
2345,"3 Pokoje, LSM, Po Generalnym Remoncie, ul. Pozytywistów, Widok n Wąwóz",529 000 zł,Lublin - Odświeżono Dzisiaj O 11:18,Brak danych,48 m² - 11020.83 zł/m²,3 pokoje,Brak danych
2346,Wygodne 2 pokoje do własnej aranżacji!,199 000 zł,Sosnowiec - Dzisiaj O 19:26,Brak danych,"32,71 m² - 6083.77 zł/m²",2 pokoje,Brak danych
2347,Mieszkanie z potencjałem w dzielnicy muzycznej,347 000 zł,Bydgoszcz - Dzisiaj O 14:10,Brak danych,"47,45 m² - 7312.96 zł/m²",Brak danych,Brak danych
2348,"Osiedle Leśne, 2 pokoje, I piętro",490 000 zł,Bydgoszcz - 16 Lipca 2025,Brak danych,"54,51 m² - 8989.18 zł/m²",2 pokoje,490 piętro
2349,BEZPOŚREDNIO 3-pokojowe mieszkanie z balkonem na os. Braniborskim,499 999 zł,Brak danych,Brak danych,"52,20 m² - 9578.52 zł/m²",Brak danych,Brak danych
2350,Mieszkanie 3-pokojowe gotowe do zamieszkania,399 000 zł,Starogard Gdański - 15 Lipca 2025,Brak danych,"48,90 m² - 8159.51 zł/m²",Brak danych,Brak danych
2351,2 pokoje z oddzielną kuchnią,550 000 zł,Warszawa,Brak danych,38 m² - 14473.68 zł/m²,2 pokoje,Brak danych
2352,"Lokal,na Dowolną Działalność i Mieszkać #ZDECYDOWANIE #sprzedam",1 443 990 złdo negocjacji,Szczecin,Brak danych,143 m² - 10097.83 zł/m²,Brak danych,Brak danych
2353,2 Pokoje | Po remoncie | Dolina Trzech Stawów,439 000 zł,Katowice - Dzisiaj O 09:45,Brak danych,43 m² - 10209.3 zł/m²,2 pokoje,Brak danych
2354,⭐Przytulne mieszkanie 2- pokojowe ⭐ możliwość zakupu GARAŻU ⭐,205 000 zł,Brak danych,Brak danych,"33,90 m² - 6047.2 zł/m²",Brak danych,Brak danych
2355,2 pok mieszkanie na Bemowie osiedle Young City,540 000 zł,Warszawa,Brak danych,30 m² - 18000 zł/m²,Brak danych,Brak danych
2356,Kawalerka 30 m² po remoncie | Możliwość 2 pokoi | Wysoki standard,299 000 zł,Brak danych,Brak danych,30 m² - 9966.67 zł/m²,2 pokoje,Brak danych
2357,Duża Kawalerka blisko Uniwersytetu Szczecińskiego,395 000 zł,Szczecin,Brak danych,"43,40 m² - 9101.38 zł/m²",1 pokój,Brak danych
2358,"Niebuszewo, Mieszkanie 51m2 piętro 1",299 000 zł,Szczecin,Brak danych,"51,22 m² - 5837.56 zł/m²",Brak danych,2 piętro
2359,Mieszkanie 3 pokojowe z balkonem i zielenią za oknem,376 000 zł,Brak danych,Brak danych,48 m² - 7833.33 zł/m²,3 pokoje,Brak danych
2360,"2 pokoje, klimatyczne mieszkanie na sprzedaż, winda! [REZERWACJA]",290 000 zł,Łódź,Brak danych,"38,30 m² - 7571.8 zł/m²",2 pokoje,Brak danych
2361,PRZESTRONNE Mieszkanie !! IDEALNE dla rodziny M3 ! Rzeszów Drabinianka,536 119 zł,Rzeszów - Odświeżono Dzisiaj O 09:34,Brak danych,"55,27 m² - 9700 zł/m²",Brak danych,Brak danych
2362,Piękne nowe mieszkanie w idealnej lokalizacji!,645 000 złdo negocjacji,Białystok,Brak danych,52 m² - 12403.85 zł/m²,Brak danych,Brak danych
2363,Okazja. Przestronne 3 pokoje + kuchnio-jadalnia + ... !,760 000 zł,Toruń - 14 Czerwca 2025,Brak danych,72 m² - 10555.56 zł/m²,3 pokoje,Brak danych
2364,"Kawalerka 28,3m2 z balkonem, do remontu, metro",375 000 zł,Warszawa,Brak danych,"28,30 m² - 13250.88 zł/m²",1 pokój,Brak danych
2365,Kawalerka z kuchnią | Górczyn | 32 m² | Widok z 8. piętra,260 000 zł,Gorzów Wielkopolski - Dzisiaj O 16:05,Brak danych,"32,40 m² - 8024.69 zł/m²",1 pokój,Brak danych
2366,"Mieszkanie 2-pokojowe, Zajezdnia Wrzeszcz, 47 m²",880 000 zł,Gdańsk,Brak danych,"47,22 m² - 18636.17 zł/m²",Brak danych,Brak danych
2367,Mieszkanie 3 pokojowe w starej kamienicy w Siemianowicach Śląskich,185 000 zł,Brak danych,Brak danych,87 m² - 2126.44 zł/m²,3 pokoje,Brak danych
2368,Pilnie#2-pokoje# Metro # okazja#,530 000 zł,Warszawa,Brak danych,"37,54 m² - 14118.27 zł/m²",Brak danych,Brak danych
2369,Kawalerka po generalnym remoncie z pięknymi zachodami!,499 000 zł,Warszawa,Brak danych,"30,40 m² - 16414.47 zł/m²",1 pokój,Brak danych
2370,Funkcjonalne 2 pokoje z oddzielną kuchnią blisko centrum,369 000 zł,Białystok,Brak danych,"48,40 m² - 7623.97 zł/m²",2 pokoje,Brak danych
2371,"Nowe Wykończone 2 pokoje 43,4m2 + ogródek 55m2, brak PCC, Właściciel.",859 000 zł,Kraków,Brak danych,"43,40 m² - 19792.63 zł/m²",2 pokoje,Brak danych
2372,"Gotowiec inwestycyjny, urocza kawalerka 26,85 m2, ul. Bierutowska",359 000 zł,Wrocław,Brak danych,"26,85 m² - 13370.58 zł/m²",1 pokój,Brak danych
2373,⭐Odbierz duży Rabat- 2 pokoje + Hala Garażowa⭐ Umów się na dni Otwarte,618 900 zł,Warszawa - Dzisiaj O 14:14,Brak danych,"41,15 m² - 15040.1 zł/m²",2 pokoje,Brak danych
2374,"Nowoczesna kawalerka, Wrocław ul. Bierutowska",359 000 zł,Wrocław,Brak danych,"26,50 m² - 13547.17 zł/m²",1 pokój,Brak danych
2375,Mieszkanie do wprowadzenia | Rybnik | Parter,214 000 zł,Rybnik - 15 Lipca 2025,Brak danych,"39,79 m² - 5378.24 zł/m²",Brak danych,Parter
2376,Bezczynszowe mieszkanie-6 km od Koszalina!,259 000 zł,Koszalin,Brak danych,"47,50 m² - 5452.63 zł/m²",Brak danych,Brak danych
2377,"Mieszkanie (54,8 mkw.) Opalenica, os. Centrum",367 160 zł,Brak danych,Brak danych,"54,80 m² - 6700 zł/m²",Brak danych,Brak danych
2378,Gdańsk Mieszkanie 2 pokoje wykończone PRYWATNIE,545 000 zł,Gdańsk - 16 Lipca 2025,Brak danych,39 m² - 13974.36 zł/m²,2 pokoje,Brak danych
2379,3 pokojowe mieszkanie za Sterem ul. Gen. Maczka,649 000 zł,Szczecin,Brak danych,71 m² - 9140.85 zł/m²,3 pokoje,Brak danych
2380,"Kawalerka 38 m² za odstępne – Łódź Górna, okolice Placu Niepodległości",25 000 złdo negocjacji,Łódź,Brak danych,36 m² - 694.44 zł/m²,1 pokój,Brak danych
2381,Słoneczne jasne mieszkanie na Przytorzu,300 000 złdo negocjacji,Brak danych,Brak danych,"52,74 m² - 5688.28 zł/m²",Brak danych,Brak danych
2382,Wygodne 2 pokoje do własnej aranżacji!,199 000 zł,Sosnowiec - Dzisiaj O 19:26,Brak danych,"32,71 m² - 6083.77 zł/m²",2 pokoje,Brak danych
2383,Mieszkanie z potencjałem w dzielnicy muzycznej,347 000 zł,Bydgoszcz - Dzisiaj O 14:10,Brak danych,"47,45 m² - 7312.96 zł/m²",Brak danych,Brak danych
2384,"Osiedle Leśne, 2 pokoje, I piętro",490 000 zł,Bydgoszcz - 16 Lipca 2025,Brak danych,"54,51 m² - 8989.18 zł/m²",2 pokoje,490 piętro
2385,BEZPOŚREDNIO 3-pokojowe mieszkanie z balkonem na os. Braniborskim,499 999 zł,Brak danych,Brak danych,"52,20 m² - 9578.52 zł/m²",Brak danych,Brak danych
2386,Mieszkanie 3-pokojowe gotowe do zamieszkania,399 000 zł,Starogard Gdański - 15 Lipca 2025,Brak danych,"48,90 m² - 8159.51 zł/m²",Brak danych,Brak danych
2387,2 pokoje z oddzielną kuchnią,550 000 zł,Warszawa,Brak danych,38 m² - 14473.68 zł/m²,2 pokoje,Brak danych
2388,PRZESTRONNE Mieszkanie !! IDEALNE dla rodziny M3 ! Rzeszów Drabinianka,536 119 zł,Rzeszów - Odświeżono Dzisiaj O 09:34,Brak danych,"55,27 m² - 9700 zł/m²",Brak danych,Brak danych
2389,2 Pokoje | Po remoncie | Dolina Trzech Stawów,439 000 zł,Katowice - Dzisiaj O 09:45,Brak danych,43 m² - 10209.3 zł/m²,2 pokoje,Brak danych
2390,⭐Przytulne mieszkanie 2- pokojowe ⭐ możliwość zakupu GARAŻU ⭐,205 000 zł,Brak danych,Brak danych,"33,90 m² - 6047.2 zł/m²",Brak danych,Brak danych
2391,2 pok mieszkanie na Bemowie osiedle Young City,540 000 zł,Warszawa,Brak danych,30 m² - 18000 zł/m²,Brak danych,Brak danych
2392,Kawalerka 30 m² po remoncie | Możliwość 2 pokoi | Wysoki standard,299 000 zł,Brak danych,Brak danych,30 m² - 9966.67 zł/m²,2 pokoje,Brak danych
2393,Duża Kawalerka blisko Uniwersytetu Szczecińskiego,395 000 zł,Szczecin,Brak danych,"43,40 m² - 9101.38 zł/m²",1 pokój,Brak danych
2394,"Niebuszewo, Mieszkanie 51m2 piętro 1",299 000 zł,Szczecin,Brak danych,"51,22 m² - 5837.56 zł/m²",Brak danych,2 piętro
2395,Mieszkanie 3 pokojowe z balkonem i zielenią za oknem,376 000 zł,Brak danych,Brak danych,48 m² - 7833.33 zł/m²,3 pokoje,Brak danych
2396,"2 pokoje, klimatyczne mieszkanie na sprzedaż, winda! [REZERWACJA]",290 000 zł,Łódź,Brak danych,"38,30 m² - 7571.8 zł/m²",2 pokoje,Brak danych
2397,Nowe mieszkanie w stanie deweloperskim ul. Robotnicza - od ręki!,337 000 zł,Brak danych,Brak danych,"39,08 m² - 8623.34 zł/m²",Brak danych,Brak danych
2398,Okazja. Przestronne 3 pokoje + kuchnio-jadalnia + ... !,760 000 zł,Toruń - 14 Czerwca 2025,Brak danych,72 m² - 10555.56 zł/m²,3 pokoje,Brak danych
2399,"Nowe Wykończone 2 pokoje 43,4m2 + ogródek 55m2, brak PCC, Właściciel.",859 000 zł,Kraków,Brak danych,"43,40 m² - 19792.63 zł/m²",2 pokoje,Brak danych
2400,"Kawalerka 28,3m2 z balkonem, do remontu, metro",375 000 zł,Warszawa,Brak danych,"28,30 m² - 13250.88 zł/m²",1 pokój,Brak danych
2401,Kawalerka z kuchnią | Górczyn | 32 m² | Widok z 8. piętra,260 000 zł,Gorzów Wielkopolski - Dzisiaj O 16:05,Brak danych,"32,40 m² - 8024.69 zł/m²",1 pokój,Brak danych
2402,"Mieszkanie 2-pokojowe, Zajezdnia Wrzeszcz, 47 m²",880 000 zł,Gdańsk,Brak danych,"47,22 m² - 18636.17 zł/m²",Brak danych,Brak danych
2403,Mieszkanie 3 pokojowe w starej kamienicy w Siemianowicach Śląskich,185 000 zł,Brak danych,Brak danych,87 m² - 2126.44 zł/m²,3 pokoje,Brak danych
2404,Pilnie#2-pokoje# Metro # okazja#,530 000 zł,Warszawa,Brak danych,"37,54 m² - 14118.27 zł/m²",Brak danych,Brak danych
2405,Kawalerka po generalnym remoncie z pięknymi zachodami!,499 000 zł,Warszawa,Brak danych,"30,40 m² - 16414.47 zł/m²",1 pokój,Brak danych
2406,Funkcjonalne 2 pokoje z oddzielną kuchnią blisko centrum,369 000 zł,Białystok,Brak danych,"48,40 m² - 7623.97 zł/m²",2 pokoje,Brak danych
2407,"Gotowiec inwestycyjny, urocza kawalerka 26,85 m2, ul. Bierutowska",359 000 zł,Wrocław,Brak danych,"26,85 m² - 13370.58 zł/m²",1 pokój,Brak danych
2408,⭐Odbierz duży Rabat- 2 pokoje + Hala Garażowa⭐ Umów się na dni Otwarte,618 900 zł,Warszawa - Dzisiaj O 14:14,Brak danych,"41,15 m² - 15040.1 zł/m²",2 pokoje,Brak danych
2409,Sprzedam mieszkanie 3-pokojowe,650 000 zł,Opole - 16 Lipca 2025,Brak danych,"61,68 m² - 10538.26 zł/m²",Brak danych,Brak danych
2410,"Nowoczesna kawalerka, Wrocław ul. Bierutowska",359 000 zł,Wrocław,Brak danych,"26,50 m² - 13547.17 zł/m²",1 pokój,Brak danych
2411,Mieszkanie do wprowadzenia | Rybnik | Parter,214 000 zł,Rybnik - 15 Lipca 2025,Brak danych,"39,79 m² - 5378.24 zł/m²",Brak danych,Parter
2412,Bezczynszowe mieszkanie-6 km od Koszalina!,259 000 zł,Koszalin,Brak danych,"47,50 m² - 5452.63 zł/m²",Brak danych,Brak danych
2413,"Mieszkanie (54,8 mkw.) Opalenica, os. Centrum",367 160 zł,Brak danych,Brak danych,"54,80 m² - 6700 zł/m²",Brak danych,Brak danych
2414,Gdańsk Mieszkanie 2 pokoje wykończone PRYWATNIE,545 000 zł,Gdańsk - 16 Lipca 2025,Brak danych,39 m² - 13974.36 zł/m²,2 pokoje,Brak danych
2415,3 pokojowe mieszkanie za Sterem ul. Gen. Maczka,649 000 zł,Szczecin,Brak danych,71 m² - 9140.85 zł/m²,3 pokoje,Brak danych
2416,"Kawalerka 38 m² za odstępne – Łódź Górna, okolice Placu Niepodległości",25 000 złdo negocjacji,Łódź,Brak danych,36 m² - 694.44 zł/m²,1 pokój,Brak danych
2417,M3 Mieszkanie 2 pokoje Sierakowskiego po remoncie Łódź,359 000 zł,Łódź,Brak danych,"38,30 m² - 9373.37 zł/m²",2 pokoje,Brak danych
2418,Wygodne 2 pokoje do własnej aranżacji!,199 000 zł,Sosnowiec - Dzisiaj O 19:26,Brak danych,"32,71 m² - 6083.77 zł/m²",2 pokoje,Brak danych
2419,Mieszkanie z potencjałem w dzielnicy muzycznej,347 000 zł,Bydgoszcz - Dzisiaj O 14:10,Brak danych,"47,45 m² - 7312.96 zł/m²",Brak danych,Brak danych
2420,"Osiedle Leśne, 2 pokoje, I piętro",490 000 zł,Bydgoszcz - 16 Lipca 2025,Brak danych,"54,51 m² - 8989.18 zł/m²",2 pokoje,490 piętro
2421,BEZPOŚREDNIO 3-pokojowe mieszkanie z balkonem na os. Braniborskim,499 999 zł,Brak danych,Brak danych,"52,20 m² - 9578.52 zł/m²",Brak danych,Brak danych
2422,Mieszkanie 3-pokojowe gotowe do zamieszkania,399 000 zł,Starogard Gdański - 15 Lipca 2025,Brak danych,"48,90 m² - 8159.51 zł/m²",Brak danych,Brak danych
2423,2 pokoje z oddzielną kuchnią,550 000 zł,Warszawa,Brak danych,38 m² - 14473.68 zł/m²,2 pokoje,Brak danych
2424,"3 Pokoje, LSM, Po Generalnym Remoncie, ul. Pozytywistów, Widok n Wąwóz",529 000 zł,Lublin - Odświeżono Dzisiaj O 11:18,Brak danych,48 m² - 11020.83 zł/m²,3 pokoje,Brak danych
2425,"Lokal,na Dowolną Działalność i Mieszkać #ZDECYDOWANIE #sprzedam",1 443 990 złdo negocjacji,Szczecin,Brak danych,143 m² - 10097.83 zł/m²,Brak danych,Brak danych
2426,2 Pokoje | Po remoncie | Dolina Trzech Stawów,439 000 zł,Katowice - Dzisiaj O 09:45,Brak danych,43 m² - 10209.3 zł/m²,2 pokoje,Brak danych
2427,⭐Przytulne mieszkanie 2- pokojowe ⭐ możliwość zakupu GARAŻU ⭐,205 000 zł,Brak danych,Brak danych,"33,90 m² - 6047.2 zł/m²",Brak danych,Brak danych
2428,2 pok mieszkanie na Bemowie osiedle Young City,540 000 zł,Warszawa,Brak danych,30 m² - 18000 zł/m²,Brak danych,Brak danych
2429,Kawalerka 30 m² po remoncie | Możliwość 2 pokoi | Wysoki standard,299 000 zł,Brak danych,Brak danych,30 m² - 9966.67 zł/m²,2 pokoje,Brak danych
2430,Duża Kawalerka blisko Uniwersytetu Szczecińskiego,395 000 zł,Szczecin,Brak danych,"43,40 m² - 9101.38 zł/m²",1 pokój,Brak danych
2431,"Niebuszewo, Mieszkanie 51m2 piętro 1",299 000 zł,Szczecin,Brak danych,"51,22 m² - 5837.56 zł/m²",Brak danych,2 piętro
2432,Mieszkanie 3 pokojowe z balkonem i zielenią za oknem,376 000 zł,Brak danych,Brak danych,48 m² - 7833.33 zł/m²,3 pokoje,Brak danych
2433,"2 pokoje, klimatyczne mieszkanie na sprzedaż, winda! [REZERWACJA]",290 000 zł,Łódź,Brak danych,"38,30 m² - 7571.8 zł/m²",2 pokoje,Brak danych
2434,PRZESTRONNE Mieszkanie !! IDEALNE dla rodziny M3 ! Rzeszów Drabinianka,536 119 zł,Rzeszów - Odświeżono Dzisiaj O 09:34,Brak danych,"55,27 m² - 9700 zł/m²",Brak danych,Brak danych
2435,Piękne nowe mieszkanie w idealnej lokalizacji!,645 000 złdo negocjacji,Białystok,Brak danych,52 m² - 12403.85 zł/m²,Brak danych,Brak danych
2436,Okazja. Przestronne 3 pokoje + kuchnio-jadalnia + ... !,760 000 zł,Toruń - 14 Czerwca 2025,Brak danych,72 m² - 10555.56 zł/m²,3 pokoje,Brak danych
2437,"Kawalerka 28,3m2 z balkonem, do remontu, metro",375 000 zł,Warszawa,Brak danych,"28,30 m² - 13250.88 zł/m²",1 pokój,Brak danych
2438,Kawalerka z kuchnią | Górczyn | 32 m² | Widok z 8. piętra,260 000 zł,Gorzów Wielkopolski - Dzisiaj O 16:05,Brak danych,"32,40 m² - 8024.69 zł/m²",1 pokój,Brak danych
2439,"Mieszkanie 2-pokojowe, Zajezdnia Wrzeszcz, 47 m²",880 000 zł,Gdańsk,Brak danych,"47,22 m² - 18636.17 zł/m²",Brak danych,Brak danych
2440,Mieszkanie 3 pokojowe w starej kamienicy w Siemianowicach Śląskich,185 000 zł,Brak danych,Brak danych,87 m² - 2126.44 zł/m²,3 pokoje,Brak danych
2441,Pilnie#2-pokoje# Metro # okazja#,530 000 zł,Warszawa,Brak danych,"37,54 m² - 14118.27 zł/m²",Brak danych,Brak danych
2442,Kawalerka po generalnym remoncie z pięknymi zachodami!,499 000 zł,Warszawa,Brak danych,"30,40 m² - 16414.47 zł/m²",1 pokój,Brak danych
2443,Funkcjonalne 2 pokoje z oddzielną kuchnią blisko centrum,369 000 zł,Białystok,Brak danych,"48,40 m² - 7623.97 zł/m²",2 pokoje,Brak danych
2444,"Nowe Wykończone 2 pokoje 43,4m2 + ogródek 55m2, brak PCC, Właściciel.",859 000 zł,Kraków,Brak danych,"43,40 m² - 19792.63 zł/m²",2 pokoje,Brak danych
2445,"Gotowiec inwestycyjny, urocza kawalerka 26,85 m2, ul. Bierutowska",359 000 zł,Wrocław,Brak danych,"26,85 m² - 13370.58 zł/m²",1 pokój,Brak danych
2446,⭐Odbierz duży Rabat- 2 pokoje + Hala Garażowa⭐ Umów się na dni Otwarte,618 900 zł,Warszawa - Dzisiaj O 14:14,Brak danych,"41,15 m² - 15040.1 zł/m²",2 pokoje,Brak danych
2447,"Nowoczesna kawalerka, Wrocław ul. Bierutowska",359 000 zł,Wrocław,Brak danych,"26,50 m² - 13547.17 zł/m²",1 pokój,Brak danych
2448,Mieszkanie do wprowadzenia | Rybnik | Parter,214 000 zł,Rybnik - 15 Lipca 2025,Brak danych,"39,79 m² - 5378.24 zł/m²",Brak danych,Parter
2449,Bezczynszowe mieszkanie-6 km od Koszalina!,259 000 zł,Koszalin,Brak danych,"47,50 m² - 5452.63 zł/m²",Brak danych,Brak danych
2450,"Mieszkanie (54,8 mkw.) Opalenica, os. Centrum",367 160 zł,Brak danych,Brak danych,"54,80 m² - 6700 zł/m²",Brak danych,Brak danych
2451,Gdańsk Mieszkanie 2 pokoje wykończone PRYWATNIE,545 000 zł,Gdańsk - 16 Lipca 2025,Brak danych,39 m² - 13974.36 zł/m²,2 pokoje,Brak danych
2452,3 pokojowe mieszkanie za Sterem ul. Gen. Maczka,649 000 zł,Szczecin,Brak danych,71 m² - 9140.85 zł/m²,3 pokoje,Brak danych
2453,M3 Mieszkanie 2 pokoje Sierakowskiego po remoncie Łódź,359 000 zł,Łódź,Brak danych,"38,30 m² - 9373.37 zł/m²",2 pokoje,Brak danych
2454,"3 Pokoje, LSM, Po Generalnym Remoncie, ul. Pozytywistów, Widok n Wąwóz",529 000 zł,Lublin - Odświeżono Dzisiaj O 11:18,Brak danych,48 m² - 11020.83 zł/m²,3 pokoje,Brak danych
2455,Mieszkanie z potencjałem w dzielnicy muzycznej,347 000 zł,Bydgoszcz - Dzisiaj O 14:10,Brak danych,"47,45 m² - 7312.96 zł/m²",Brak danych,Brak danych
2456,"Osiedle Leśne, 2 pokoje, I piętro",490 000 zł,Bydgoszcz - 16 Lipca 2025,Brak danych,"54,51 m² - 8989.18 zł/m²",2 pokoje,490 piętro
2457,BEZPOŚREDNIO 3-pokojowe mieszkanie z balkonem na os. Braniborskim,499 999 zł,Brak danych,Brak danych,"52,20 m² - 9578.52 zł/m²",Brak danych,Brak danych
2458,Mieszkanie 3-pokojowe gotowe do zamieszkania,399 000 zł,Starogard Gdański - 15 Lipca 2025,Brak danych,"48,90 m² - 8159.51 zł/m²",Brak danych,Brak danych
2459,2 pokoje z oddzielną kuchnią,550 000 zł,Warszawa,Brak danych,38 m² - 14473.68 zł/m²,2 pokoje,Brak danych
2460,2 Pokoje | Po remoncie | Dolina Trzech Stawów,439 000 zł,Katowice - Dzisiaj O 09:45,Brak danych,43 m² - 10209.3 zł/m²,2 pokoje,Brak danych
2461,"Lokal,na Dowolną Działalność i Mieszkać #ZDECYDOWANIE #sprzedam",1 443 990 złdo negocjacji,Szczecin,Brak danych,143 m² - 10097.83 zł/m²,Brak danych,Brak danych
2462,PRZESTRONNE Mieszkanie !! IDEALNE dla rodziny M3 ! Rzeszów Drabinianka,536 119 zł,Rzeszów - Odświeżono Dzisiaj O 09:34,Brak danych,"55,27 m² - 9700 zł/m²",Brak danych,Brak danych
2463,⭐Przytulne mieszkanie 2- pokojowe ⭐ możliwość zakupu GARAŻU ⭐,205 000 zł,Brak danych,Brak danych,"33,90 m² - 6047.2 zł/m²",Brak danych,Brak danych
2464,2 pok mieszkanie na Bemowie osiedle Young City,540 000 zł,Warszawa,Brak danych,30 m² - 18000 zł/m²,Brak danych,Brak danych
2465,Kawalerka 30 m² po remoncie | Możliwość 2 pokoi | Wysoki standard,299 000 zł,Brak danych,Brak danych,30 m² - 9966.67 zł/m²,2 pokoje,Brak danych
2466,Duża Kawalerka blisko Uniwersytetu Szczecińskiego,395 000 zł,Szczecin,Brak danych,"43,40 m² - 9101.38 zł/m²",1 pokój,Brak danych
2467,"Niebuszewo, Mieszkanie 51m2 piętro 1",299 000 zł,Szczecin,Brak danych,"51,22 m² - 5837.56 zł/m²",Brak danych,2 piętro
2468,Mieszkanie 3 pokojowe z balkonem i zielenią za oknem,376 000 zł,Brak danych,Brak danych,48 m² - 7833.33 zł/m²,3 pokoje,Brak danych
2469,"2 pokoje, klimatyczne mieszkanie na sprzedaż, winda! [REZERWACJA]",290 000 zł,Łódź,Brak danych,"38,30 m² - 7571.8 zł/m²",2 pokoje,Brak danych
2470,Piękne nowe mieszkanie w idealnej lokalizacji!,645 000 złdo negocjacji,Białystok,Brak danych,52 m² - 12403.85 zł/m²,Brak danych,Brak danych
2471,Okazja. Przestronne 3 pokoje + kuchnio-jadalnia + ... !,760 000 zł,Toruń - 14 Czerwca 2025,Brak danych,72 m² - 10555.56 zł/m²,3 pokoje,Brak danych
2472,"Kawalerka 28,3m2 z balkonem, do remontu, metro",375 000 zł,Warszawa,Brak danych,"28,30 m² - 13250.88 zł/m²",1 pokój,Brak danych
2473,Kawalerka z kuchnią | Górczyn | 32 m² | Widok z 8. piętra,260 000 zł,Gorzów Wielkopolski - Dzisiaj O 16:05,Brak danych,"32,40 m² - 8024.69 zł/m²",1 pokój,Brak danych
2474,"Mieszkanie 2-pokojowe, Zajezdnia Wrzeszcz, 47 m²",880 000 zł,Gdańsk,Brak danych,"47,22 m² - 18636.17 zł/m²",Brak danych,Brak danych
2475,Mieszkanie 3 pokojowe w starej kamienicy w Siemianowicach Śląskich,185 000 zł,Brak danych,Brak danych,87 m² - 2126.44 zł/m²,3 pokoje,Brak danych
2476,Pilnie#2-pokoje# Metro # okazja#,530 000 zł,Warszawa,Brak danych,"37,54 m² - 14118.27 zł/m²",Brak danych,Brak danych
2477,Kawalerka po generalnym remoncie z pięknymi zachodami!,499 000 zł,Warszawa,Brak danych,"30,40 m² - 16414.47 zł/m²",1 pokój,Brak danych
2478,Funkcjonalne 2 pokoje z oddzielną kuchnią blisko centrum,369 000 zł,Białystok,Brak danych,"48,40 m² - 7623.97 zł/m²",2 pokoje,Brak danych
2479,"Nowoczesna kawalerka, Wrocław ul. Bierutowska",359 000 zł,Wrocław,Brak danych,"26,50 m² - 13547.17 zł/m²",1 pokój,Brak danych
2480,"Nowe Wykończone 2 pokoje 43,4m2 + ogródek 55m2, brak PCC, Właściciel.",859 000 zł,Kraków,Brak danych,"43,40 m² - 19792.63 zł/m²",2 pokoje,Brak danych
2481,⭐Odbierz duży Rabat- 2 pokoje + Hala Garażowa⭐ Umów się na dni Otwarte,618 900 zł,Warszawa - Dzisiaj O 14:14,Brak danych,"41,15 m² - 15040.1 zł/m²",2 pokoje,Brak danych
2482,Sprzedam mieszkanie 3-pokojowe,650 000 zł,Opole - 16 Lipca 2025,Brak danych,"61,68 m² - 10538.26 zł/m²",Brak danych,Brak danych
2483,Mieszkanie do wprowadzenia | Rybnik | Parter,214 000 zł,Rybnik - 15 Lipca 2025,Brak danych,"39,79 m² - 5378.24 zł/m²",Brak danych,Parter
2484,Bezczynszowe mieszkanie-6 km od Koszalina!,259 000 zł,Koszalin,Brak danych,"47,50 m² - 5452.63 zł/m²",Brak danych,Brak danych
2485,"Mieszkanie (54,8 mkw.) Opalenica, os. Centrum",367 160 zł,Brak danych,Brak danych,"54,80 m² - 6700 zł/m²",Brak danych,Brak danych
2486,Gdańsk Mieszkanie 2 pokoje wykończone PRYWATNIE,545 000 zł,Gdańsk - 16 Lipca 2025,Brak danych,39 m² - 13974.36 zł/m²,2 pokoje,Brak danych
2487,3 pokojowe mieszkanie za Sterem ul. Gen. Maczka,649 000 zł,Szczecin,Brak danych,71 m² - 9140.85 zł/m²,3 pokoje,Brak danych
2488,Blisko Centrum idealne na Inwestycję lub jako pierwsze mieszkanie,410 000 złdo negocjacji,Kraków,Brak danych,23 m² - 17826.09 zł/m²,Brak danych,Brak danych
2489,"Kawalerka 38 m² za odstępne – Łódź Górna, okolice Placu Niepodległości",25 000 złdo negocjacji,Łódź,Brak danych,36 m² - 694.44 zł/m²,1 pokój,Brak danych
2490,M3 Mieszkanie 2 pokoje Sierakowskiego po remoncie Łódź,359 000 zł,Łódź,Brak danych,"38,30 m² - 9373.37 zł/m²",2 pokoje,Brak danych
2491,Mieszkanie z potencjałem w dzielnicy muzycznej,347 000 zł,Bydgoszcz - Dzisiaj O 14:10,Brak danych,"47,45 m² - 7312.96 zł/m²",Brak danych,Brak danych
2492,"Osiedle Leśne, 2 pokoje, I piętro",490 000 zł,Bydgoszcz - 16 Lipca 2025,Brak danych,"54,51 m² - 8989.18 zł/m²",2 pokoje,490 piętro
2493,BEZPOŚREDNIO 3-pokojowe mieszkanie z balkonem na os. Braniborskim,499 999 zł,Brak danych,Brak danych,"52,20 m² - 9578.52 zł/m²",Brak danych,Brak danych
2494,Mieszkanie 3-pokojowe gotowe do zamieszkania,399 000 zł,Starogard Gdański - 15 Lipca 2025,Brak danych,"48,90 m² - 8159.51 zł/m²",Brak danych,Brak danych
2495,2 pokoje z oddzielną kuchnią,550 000 zł,Warszawa,Brak danych,38 m² - 14473.68 zł/m²,2 pokoje,Brak danych
2496,2 Pokoje | Po remoncie | Dolina Trzech Stawów,439 000 zł,Katowice - Dzisiaj O 09:45,Brak danych,43 m² - 10209.3 zł/m²,2 pokoje,Brak danych
2497,Słoneczne jasne mieszkanie na Przytorzu,300 000 złdo negocjacji,Brak danych,Brak danych,"52,74 m² - 5688.28 zł/m²",Brak danych,Brak danych
2498,Nowe mieszkanie w stanie deweloperskim ul. Robotnicza - od ręki!,337 000 zł,Brak danych,Brak danych,"39,08 m² - 8623.34 zł/m²",Brak danych,Brak danych
2499,⭐Przytulne mieszkanie 2- pokojowe ⭐ możliwość zakupu GARAŻU ⭐,205 000 zł,Brak danych,Brak danych,"33,90 m² - 6047.2 zł/m²",Brak danych,Brak danych
2500,2 pok mieszkanie na Bemowie osiedle Young City,540 000 zł,Warszawa,Brak danych,30 m² - 18000 zł/m²,Brak danych,Brak danych
2501,Kawalerka 30 m² po remoncie | Możliwość 2 pokoi | Wysoki standard,299 000 zł,Brak danych,Brak danych,30 m² - 9966.67 zł/m²,2 pokoje,Brak danych
2502,Duża Kawalerka blisko Uniwersytetu Szczecińskiego,395 000 zł,Szczecin,Brak danych,"43,40 m² - 9101.38 zł/m²",1 pokój,Brak danych
2503,"Niebuszewo, Mieszkanie 51m2 piętro 1",299 000 zł,Szczecin,Brak danych,"51,22 m² - 5837.56 zł/m²",Brak danych,2 piętro
2504,Mieszkanie 3 pokojowe z balkonem i zielenią za oknem,376 000 zł,Brak danych,Brak danych,48 m² - 7833.33 zł/m²,3 pokoje,Brak danych
2505,"2 pokoje, klimatyczne mieszkanie na sprzedaż, winda! [REZERWACJA]",290 000 zł,Łódź,Brak danych,"38,30 m² - 7571.8 zł/m²",2 pokoje,Brak danych
2506,Okazja. Przestronne 3 pokoje + kuchnio-jadalnia + ... !,760 000 zł,Toruń - 14 Czerwca 2025,Brak danych,72 m² - 10555.56 zł/m²,3 pokoje,Brak danych
2507,"Nowe Wykończone 2 pokoje 43,4m2 + ogródek 55m2, brak PCC, Właściciel.",859 000 zł,Kraków,Brak danych,"43,40 m² - 19792.63 zł/m²",2 pokoje,Brak danych
2508,"Gotowiec inwestycyjny, urocza kawalerka 26,85 m2, ul. Bierutowska",359 000 zł,Wrocław,Brak danych,"26,85 m² - 13370.58 zł/m²",1 pokój,Brak danych
2509,"Kawalerka 28,3m2 z balkonem, do remontu, metro",375 000 zł,Warszawa,Brak danych,"28,30 m² - 13250.88 zł/m²",1 pokój,Brak danych
2510,Kawalerka z kuchnią | Górczyn | 32 m² | Widok z 8. piętra,260 000 zł,Gorzów Wielkopolski - Dzisiaj O 16:05,Brak danych,"32,40 m² - 8024.69 zł/m²",1 pokój,Brak danych
2511,"Mieszkanie 2-pokojowe, Zajezdnia Wrzeszcz, 47 m²",880 000 zł,Gdańsk,Brak danych,"47,22 m² - 18636.17 zł/m²",Brak danych,Brak danych
2512,Mieszkanie 3 pokojowe w starej kamienicy w Siemianowicach Śląskich,185 000 zł,Brak danych,Brak danych,87 m² - 2126.44 zł/m²,3 pokoje,Brak danych
2513,Pilnie#2-pokoje# Metro # okazja#,530 000 zł,Warszawa,Brak danych,"37,54 m² - 14118.27 zł/m²",Brak danych,Brak danych
2514,Kawalerka po generalnym remoncie z pięknymi zachodami!,499 000 zł,Warszawa,Brak danych,"30,40 m² - 16414.47 zł/m²",1 pokój,Brak danych
2515,Funkcjonalne 2 pokoje z oddzielną kuchnią blisko centrum,369 000 zł,Białystok,Brak danych,"48,40 m² - 7623.97 zł/m²",2 pokoje,Brak danych
2516,"Nowoczesna kawalerka, Wrocław ul. Bierutowska",359 000 zł,Wrocław,Brak danych,"26,50 m² - 13547.17 zł/m²",1 pokój,Brak danych
2517,Sprzedam mieszkanie 3-pokojowe,650 000 zł,Opole - 16 Lipca 2025,Brak danych,"61,68 m² - 10538.26 zł/m²",Brak danych,Brak danych
2518,Sprzedam mieszkanie z balkonem !,320 000 zł,Brak danych,Brak danych,"51,26 m² - 6242.68 zł/m²",Brak danych,Brak danych
2519,Mieszkanie do wprowadzenia | Rybnik | Parter,214 000 zł,Rybnik - 15 Lipca 2025,Brak danych,"39,79 m² - 5378.24 zł/m²",Brak danych,Parter
2520,Bezczynszowe mieszkanie-6 km od Koszalina!,259 000 zł,Koszalin,Brak danych,"47,50 m² - 5452.63 zł/m²",Brak danych,Brak danych
2521,"Mieszkanie (54,8 mkw.) Opalenica, os. Centrum",367 160 zł,Brak danych,Brak danych,"54,80 m² - 6700 zł/m²",Brak danych,Brak danych
2522,Gdańsk Mieszkanie 2 pokoje wykończone PRYWATNIE,545 000 zł,Gdańsk - 16 Lipca 2025,Brak danych,39 m² - 13974.36 zł/m²,2 pokoje,Brak danych
2523,3 pokojowe mieszkanie za Sterem ul. Gen. Maczka,649 000 zł,Szczecin,Brak danych,71 m² - 9140.85 zł/m²,3 pokoje,Brak danych
2524,Blisko Centrum idealne na Inwestycję lub jako pierwsze mieszkanie,410 000 złdo negocjacji,Kraków,Brak danych,23 m² - 17826.09 zł/m²,Brak danych,Brak danych
2525,"Kawalerka 38 m² za odstępne – Łódź Górna, okolice Placu Niepodległości",25 000 złdo negocjacji,Łódź,Brak danych,36 m² - 694.44 zł/m²,1 pokój,Brak danych
2526,Słoneczne jasne mieszkanie na Przytorzu,300 000 złdo negocjacji,Brak danych,Brak danych,"52,74 m² - 5688.28 zł/m²",Brak danych,Brak danych
2527,Mieszkanie z potencjałem w dzielnicy muzycznej,347 000 zł,Bydgoszcz - Dzisiaj O 14:10,Brak danych,"47,45 m² - 7312.96 zł/m²",Brak danych,Brak danych
2528,"Osiedle Leśne, 2 pokoje, I piętro",490 000 zł,Bydgoszcz - 16 Lipca 2025,Brak danych,"54,51 m² - 8989.18 zł/m²",2 pokoje,490 piętro
2529,BEZPOŚREDNIO 3-pokojowe mieszkanie z balkonem na os. Braniborskim,499 999 zł,Brak danych,Brak danych,"52,20 m² - 9578.52 zł/m²",Brak danych,Brak danych
2530,Mieszkanie 3-pokojowe gotowe do zamieszkania,399 000 zł,Starogard Gdański - 15 Lipca 2025,Brak danych,"48,90 m² - 8159.51 zł/m²",Brak danych,Brak danych
2531,2 pokoje z oddzielną kuchnią,550 000 zł,Warszawa,Brak danych,38 m² - 14473.68 zł/m²,2 pokoje,Brak danych
2532,2 Pokoje | Po remoncie | Dolina Trzech Stawów,439 000 zł,Katowice - Dzisiaj O 09:45,Brak danych,43 m² - 10209.3 zł/m²,2 pokoje,Brak danych
2533,⭐Przytulne mieszkanie 2- pokojowe ⭐ możliwość zakupu GARAŻU ⭐,205 000 zł,Brak danych,Brak danych,"33,90 m² - 6047.2 zł/m²",Brak danych,Brak danych
2534,2 pok mieszkanie na Bemowie osiedle Young City,540 000 zł,Warszawa,Brak danych,30 m² - 18000 zł/m²,Brak danych,Brak danych
2535,Kawalerka 30 m² po remoncie | Możliwość 2 pokoi | Wysoki standard,299 000 zł,Brak danych,Brak danych,30 m² - 9966.67 zł/m²,2 pokoje,Brak danych
2536,Duża Kawalerka blisko Uniwersytetu Szczecińskiego,395 000 zł,Szczecin,Brak danych,"43,40 m² - 9101.38 zł/m²",1 pokój,Brak danych
2537,"Niebuszewo, Mieszkanie 51m2 piętro 1",299 000 zł,Szczecin,Brak danych,"51,22 m² - 5837.56 zł/m²",Brak danych,2 piętro
2538,Mieszkanie 3 pokojowe z balkonem i zielenią za oknem,376 000 zł,Brak danych,Brak danych,48 m² - 7833.33 zł/m²,3 pokoje,Brak danych
2539,"2 pokoje, klimatyczne mieszkanie na sprzedaż, winda! [REZERWACJA]",290 000 zł,Łódź,Brak danych,"38,30 m² - 7571.8 zł/m²",2 pokoje,Brak danych
2540,Nowe mieszkanie w stanie deweloperskim ul. Robotnicza - od ręki!,337 000 zł,Brak danych,Brak danych,"39,08 m² - 8623.34 zł/m²",Brak danych,Brak danych
2541,Okazja. Przestronne 3 pokoje + kuchnio-jadalnia + ... !,760 000 zł,Toruń - 14 Czerwca 2025,Brak danych,72 m² - 10555.56 zł/m²,3 pokoje,Brak danych
2542,"Nowe Wykończone 2 pokoje 43,4m2 + ogródek 55m2, brak PCC, Właściciel.",859 000 zł,Kraków,Brak danych,"43,40 m² - 19792.63 zł/m²",2 pokoje,Brak danych
2543,"Kawalerka 28,3m2 z balkonem, do remontu, metro",375 000 zł,Warszawa,Brak danych,"28,30 m² - 13250.88 zł/m²",1 pokój,Brak danych
2544,Kawalerka z kuchnią | Górczyn | 32 m² | Widok z 8. piętra,260 000 zł,Gorzów Wielkopolski - Dzisiaj O 16:05,Brak danych,"32,40 m² - 8024.69 zł/m²",1 pokój,Brak danych
2545,"Mieszkanie 2-pokojowe, Zajezdnia Wrzeszcz, 47 m²",880 000 zł,Gdańsk,Brak danych,"47,22 m² - 18636.17 zł/m²",Brak danych,Brak danych
2546,Mieszkanie 3 pokojowe w starej kamienicy w Siemianowicach Śląskich,185 000 zł,Brak danych,Brak danych,87 m² - 2126.44 zł/m²,3 pokoje,Brak danych
2547,Pilnie#2-pokoje# Metro # okazja#,530 000 zł,Warszawa,Brak danych,"37,54 m² - 14118.27 zł/m²",Brak danych,Brak danych
2548,Kawalerka po generalnym remoncie z pięknymi zachodami!,499 000 zł,Warszawa,Brak danych,"30,40 m² - 16414.47 zł/m²",1 pokój,Brak danych
2549,Funkcjonalne 2 pokoje z oddzielną kuchnią blisko centrum,369 000 zł,Białystok,Brak danych,"48,40 m² - 7623.97 zł/m²",2 pokoje,Brak danych
2550,"Nowoczesna kawalerka, Wrocław ul. Bierutowska",359 000 zł,Wrocław,Brak danych,"26,50 m² - 13547.17 zł/m²",1 pokój,Brak danych
2551,"Gotowiec inwestycyjny, urocza kawalerka 26,85 m2, ul. Bierutowska",359 000 zł,Wrocław,Brak danych,"26,85 m² - 13370.58 zł/m²",1 pokój,Brak danych
2552,Sprzedam mieszkanie 3-pokojowe,650 000 zł,Opole - 16 Lipca 2025,Brak danych,"61,68 m² - 10538.26 zł/m²",Brak danych,Brak danych
2553,Mieszkanie do wprowadzenia | Rybnik | Parter,214 000 zł,Rybnik - 15 Lipca 2025,Brak danych,"39,79 m² - 5378.24 zł/m²",Brak danych,Parter
2554,Bezczynszowe mieszkanie-6 km od Koszalina!,259 000 zł,Koszalin,Brak danych,"47,50 m² - 5452.63 zł/m²",Brak danych,Brak danych
2555,"Mieszkanie (54,8 mkw.) Opalenica, os. Centrum",367 160 zł,Brak danych,Brak danych,"54,80 m² - 6700 zł/m²",Brak danych,Brak danych
2556,Gdańsk Mieszkanie 2 pokoje wykończone PRYWATNIE,545 000 zł,Gdańsk - 16 Lipca 2025,Brak danych,39 m² - 13974.36 zł/m²,2 pokoje,Brak danych
2557,3 pokojowe mieszkanie za Sterem ul. Gen. Maczka,649 000 zł,Szczecin,Brak danych,71 m² - 9140.85 zł/m²,3 pokoje,Brak danych
2558,Blisko Centrum idealne na Inwestycję lub jako pierwsze mieszkanie,410 000 złdo negocjacji,Kraków,Brak danych,23 m² - 17826.09 zł/m²,Brak danych,Brak danych
2559,M3 Mieszkanie 2 pokoje Sierakowskiego po remoncie Łódź,359 000 zł,Łódź,Brak danych,"38,30 m² - 9373.37 zł/m²",2 pokoje,Brak danych
2560,"3 Pokoje, LSM, Po Generalnym Remoncie, ul. Pozytywistów, Widok n Wąwóz",529 000 zł,Lublin - Odświeżono Dzisiaj O 11:18,Brak danych,48 m² - 11020.83 zł/m²,3 pokoje,Brak danych
2561,Wygodne 2 pokoje do własnej aranżacji!,199 000 zł,Sosnowiec - Dzisiaj O 19:26,Brak danych,"32,71 m² - 6083.77 zł/m²",2 pokoje,Brak danych
2562,Mieszkanie z potencjałem w dzielnicy muzycznej,347 000 zł,Bydgoszcz - Dzisiaj O 14:10,Brak danych,"47,45 m² - 7312.96 zł/m²",Brak danych,Brak danych
2563,"Osiedle Leśne, 2 pokoje, I piętro",490 000 zł,Bydgoszcz - 16 Lipca 2025,Brak danych,"54,51 m² - 8989.18 zł/m²",2 pokoje,490 piętro
2564,BEZPOŚREDNIO 3-pokojowe mieszkanie z balkonem na os. Braniborskim,499 999 zł,Brak danych,Brak danych,"52,20 m² - 9578.52 zł/m²",Brak danych,Brak danych
2565,Mieszkanie 3-pokojowe gotowe do zamieszkania,399 000 zł,Starogard Gdański - 15 Lipca 2025,Brak danych,"48,90 m² - 8159.51 zł/m²",Brak danych,Brak danych
2566,2 pokoje z oddzielną kuchnią,550 000 zł,Warszawa,Brak danych,38 m² - 14473.68 zł/m²,2 pokoje,Brak danych
2567,"Lokal,na Dowolną Działalność i Mieszkać #ZDECYDOWANIE #sprzedam",1 443 990 złdo negocjacji,Szczecin,Brak danych,143 m² - 10097.83 zł/m²,Brak danych,Brak danych
2568,PRZESTRONNE Mieszkanie !! IDEALNE dla rodziny M3 ! Rzeszów Drabinianka,536 119 zł,Rzeszów - Odświeżono Dzisiaj O 09:34,Brak danych,"55,27 m² - 9700 zł/m²",Brak danych,Brak danych
2569,2 Pokoje | Po remoncie | Dolina Trzech Stawów,439 000 zł,Katowice - Dzisiaj O 09:45,Brak danych,43 m² - 10209.3 zł/m²,2 pokoje,Brak danych
2570,⭐Przytulne mieszkanie 2- pokojowe ⭐ możliwość zakupu GARAŻU ⭐,205 000 zł,Brak danych,Brak danych,"33,90 m² - 6047.2 zł/m²",Brak danych,Brak danych
2571,2 pok mieszkanie na Bemowie osiedle Young City,540 000 zł,Warszawa,Brak danych,30 m² - 18000 zł/m²,Brak danych,Brak danych
2572,Kawalerka 30 m² po remoncie | Możliwość 2 pokoi | Wysoki standard,299 000 zł,Brak danych,Brak danych,30 m² - 9966.67 zł/m²,2 pokoje,Brak danych
2573,Duża Kawalerka blisko Uniwersytetu Szczecińskiego,395 000 zł,Szczecin,Brak danych,"43,40 m² - 9101.38 zł/m²",1 pokój,Brak danych
2574,"Niebuszewo, Mieszkanie 51m2 piętro 1",299 000 zł,Szczecin,Brak danych,"51,22 m² - 5837.56 zł/m²",Brak danych,2 piętro
2575,Mieszkanie 3 pokojowe z balkonem i zielenią za oknem,376 000 zł,Brak danych,Brak danych,48 m² - 7833.33 zł/m²,3 pokoje,Brak danych
2576,"2 pokoje, klimatyczne mieszkanie na sprzedaż, winda! [REZERWACJA]",290 000 zł,Łódź,Brak danych,"38,30 m² - 7571.8 zł/m²",2 pokoje,Brak danych
2577,Piękne nowe mieszkanie w idealnej lokalizacji!,645 000 złdo negocjacji,Białystok,Brak danych,52 m² - 12403.85 zł/m²,Brak danych,Brak danych
2578,Okazja. Przestronne 3 pokoje + kuchnio-jadalnia + ... !,760 000 zł,Toruń - 14 Czerwca 2025,Brak danych,72 m² - 10555.56 zł/m²,3 pokoje,Brak danych
2579,"Kawalerka 28,3m2 z balkonem, do remontu, metro",375 000 zł,Warszawa,Brak danych,"28,30 m² - 13250.88 zł/m²",1 pokój,Brak danych
2580,Kawalerka z kuchnią | Górczyn | 32 m² | Widok z 8. piętra,260 000 zł,Gorzów Wielkopolski - Dzisiaj O 16:05,Brak danych,"32,40 m² - 8024.69 zł/m²",1 pokój,Brak danych
2581,"Mieszkanie 2-pokojowe, Zajezdnia Wrzeszcz, 47 m²",880 000 zł,Gdańsk,Brak danych,"47,22 m² - 18636.17 zł/m²",Brak danych,Brak danych
2582,Mieszkanie 3 pokojowe w starej kamienicy w Siemianowicach Śląskich,185 000 zł,Brak danych,Brak danych,87 m² - 2126.44 zł/m²,3 pokoje,Brak danych
2583,Pilnie#2-pokoje# Metro # okazja#,530 000 zł,Warszawa,Brak danych,"37,54 m² - 14118.27 zł/m²",Brak danych,Brak danych
2584,Kawalerka po generalnym remoncie z pięknymi zachodami!,499 000 zł,Warszawa,Brak danych,"30,40 m² - 16414.47 zł/m²",1 pokój,Brak danych
2585,Funkcjonalne 2 pokoje z oddzielną kuchnią blisko centrum,369 000 zł,Białystok,Brak danych,"48,40 m² - 7623.97 zł/m²",2 pokoje,Brak danych
2586,"Nowe Wykończone 2 pokoje 43,4m2 + ogródek 55m2, brak PCC, Właściciel.",859 000 zł,Kraków,Brak danych,"43,40 m² - 19792.63 zł/m²",2 pokoje,Brak danych
2587,⭐Odbierz duży Rabat- 2 pokoje + Hala Garażowa⭐ Umów się na dni Otwarte,618 900 zł,Warszawa - Dzisiaj O 14:14,Brak danych,"41,15 m² - 15040.1 zł/m²",2 pokoje,Brak danych
2588,Sprzedam mieszkanie 3-pokojowe,650 000 zł,Opole - 16 Lipca 2025,Brak danych,"61,68 m² - 10538.26 zł/m²",Brak danych,Brak danych
2589,"Nowoczesna kawalerka, Wrocław ul. Bierutowska",359 000 zł,Wrocław,Brak danych,"26,50 m² - 13547.17 zł/m²",1 pokój,Brak danych
2590,Mieszkanie do wprowadzenia | Rybnik | Parter,214 000 zł,Rybnik - 15 Lipca 2025,Brak danych,"39,79 m² - 5378.24 zł/m²",Brak danych,Parter
2591,Bezczynszowe mieszkanie-6 km od Koszalina!,259 000 zł,Koszalin,Brak danych,"47,50 m² - 5452.63 zł/m²",Brak danych,Brak danych
2592,"Mieszkanie (54,8 mkw.) Opalenica, os. Centrum",367 160 zł,Brak danych,Brak danych,"54,80 m² - 6700 zł/m²",Brak danych,Brak danych
2593,Gdańsk Mieszkanie 2 pokoje wykończone PRYWATNIE,545 000 zł,Gdańsk - 16 Lipca 2025,Brak danych,39 m² - 13974.36 zł/m²,2 pokoje,Brak danych
2594,3 pokojowe mieszkanie za Sterem ul. Gen. Maczka,649 000 zł,Szczecin,Brak danych,71 m² - 9140.85 zł/m²,3 pokoje,Brak danych
2595,"3 Pokoje, LSM, Po Generalnym Remoncie, ul. Pozytywistów, Widok n Wąwóz",529 000 zł,Lublin - Odświeżono Dzisiaj O 11:18,Brak danych,48 m² - 11020.83 zł/m²,3 pokoje,Brak danych
2596,"Lokal,na Dowolną Działalność i Mieszkać #ZDECYDOWANIE #sprzedam",1 443 990 złdo negocjacji,Szczecin,Brak danych,143 m² - 10097.83 zł/m²,Brak danych,Brak danych
2597,Wygodne 2 pokoje do własnej aranżacji!,199 000 zł,Sosnowiec - Dzisiaj O 19:26,Brak danych,"32,71 m² - 6083.77 zł/m²",2 pokoje,Brak danych
2598,Mieszkanie z potencjałem w dzielnicy muzycznej,347 000 zł,Bydgoszcz - Dzisiaj O 14:10,Brak danych,"47,45 m² - 7312.96 zł/m²",Brak danych,Brak danych
2599,"Osiedle Leśne, 2 pokoje, I piętro",490 000 zł,Bydgoszcz - 16 Lipca 2025,Brak danych,"54,51 m² - 8989.18 zł/m²",2 pokoje,490 piętro
2600,BEZPOŚREDNIO 3-pokojowe mieszkanie z balkonem na os. Braniborskim,499 999 zł,Brak danych,Brak danych,"52,20 m² - 9578.52 zł/m²",Brak danych,Brak danych
2601,Mieszkanie 3-pokojowe gotowe do zamieszkania,399 000 zł,Starogard Gdański - 15 Lipca 2025,Brak danych,"48,90 m² - 8159.51 zł/m²",Brak danych,Brak danych
2602,2 pokoje z oddzielną kuchnią,550 000 zł,Warszawa,Brak danych,38 m² - 14473.68 zł/m²,2 pokoje,Brak danych
2603,PRZESTRONNE Mieszkanie !! IDEALNE dla rodziny M3 ! Rzeszów Drabinianka,536 119 zł,Rzeszów - Odświeżono Dzisiaj O 09:34,Brak danych,"55,27 m² - 9700 zł/m²",Brak danych,Brak danych
2604,2 Pokoje | Po remoncie | Dolina Trzech Stawów,439 000 zł,Katowice - Dzisiaj O 09:45,Brak danych,43 m² - 10209.3 zł/m²,2 pokoje,Brak danych
2605,⭐Przytulne mieszkanie 2- pokojowe ⭐ możliwość zakupu GARAŻU ⭐,205 000 zł,Brak danych,Brak danych,"33,90 m² - 6047.2 zł/m²",Brak danych,Brak danych
2606,2 pok mieszkanie na Bemowie osiedle Young City,540 000 zł,Warszawa,Brak danych,30 m² - 18000 zł/m²,Brak danych,Brak danych
2607,Kawalerka 30 m² po remoncie | Możliwość 2 pokoi | Wysoki standard,299 000 zł,Brak danych,Brak danych,30 m² - 9966.67 zł/m²,2 pokoje,Brak danych
2608,Duża Kawalerka blisko Uniwersytetu Szczecińskiego,395 000 zł,Szczecin,Brak danych,"43,40 m² - 9101.38 zł/m²",1 pokój,Brak danych
2609,"Niebuszewo, Mieszkanie 51m2 piętro 1",299 000 zł,Szczecin,Brak danych,"51,22 m² - 5837.56 zł/m²",Brak danych,2 piętro
2610,Mieszkanie 3 pokojowe z balkonem i zielenią za oknem,376 000 zł,Brak danych,Brak danych,48 m² - 7833.33 zł/m²,3 pokoje,Brak danych
2611,"2 pokoje, klimatyczne mieszkanie na sprzedaż, winda! [REZERWACJA]",290 000 zł,Łódź,Brak danych,"38,30 m² - 7571.8 zł/m²",2 pokoje,Brak danych
2612,Piękne nowe mieszkanie w idealnej lokalizacji!,645 000 złdo negocjacji,Białystok,Brak danych,52 m² - 12403.85 zł/m²,Brak danych,Brak danych
2613,Okazja. Przestronne 3 pokoje + kuchnio-jadalnia + ... !,760 000 zł,Toruń - 14 Czerwca 2025,Brak danych,72 m² - 10555.56 zł/m²,3 pokoje,Brak danych
2614,"Kawalerka 28,3m2 z balkonem, do remontu, metro",375 000 zł,Warszawa,Brak danych,"28,30 m² - 13250.88 zł/m²",1 pokój,Brak danych
2615,Kawalerka z kuchnią | Górczyn | 32 m² | Widok z 8. piętra,260 000 zł,Gorzów Wielkopolski - Dzisiaj O 16:05,Brak danych,"32,40 m² - 8024.69 zł/m²",1 pokój,Brak danych
2616,"Mieszkanie 2-pokojowe, Zajezdnia Wrzeszcz, 47 m²",880 000 zł,Gdańsk,Brak danych,"47,22 m² - 18636.17 zł/m²",Brak danych,Brak danych
2617,Mieszkanie 3 pokojowe w starej kamienicy w Siemianowicach Śląskich,185 000 zł,Brak danych,Brak danych,87 m² - 2126.44 zł/m²,3 pokoje,Brak danych
2618,Pilnie#2-pokoje# Metro # okazja#,530 000 zł,Warszawa,Brak danych,"37,54 m² - 14118.27 zł/m²",Brak danych,Brak danych
2619,Kawalerka po generalnym remoncie z pięknymi zachodami!,499 000 zł,Warszawa,Brak danych,"30,40 m² - 16414.47 zł/m²",1 pokój,Brak danych
2620,Funkcjonalne 2 pokoje z oddzielną kuchnią blisko centrum,369 000 zł,Białystok,Brak danych,"48,40 m² - 7623.97 zł/m²",2 pokoje,Brak danych
2621,"Nowe Wykończone 2 pokoje 43,4m2 + ogródek 55m2, brak PCC, Właściciel.",859 000 zł,Kraków,Brak danych,"43,40 m² - 19792.63 zł/m²",2 pokoje,Brak danych
2622,⭐Odbierz duży Rabat- 2 pokoje + Hala Garażowa⭐ Umów się na dni Otwarte,618 900 zł,Warszawa - Dzisiaj O 14:14,Brak danych,"41,15 m² - 15040.1 zł/m²",2 pokoje,Brak danych
2623,Sprzedam mieszkanie 3-pokojowe,650 000 zł,Opole - 16 Lipca 2025,Brak danych,"61,68 m² - 10538.26 zł/m²",Brak danych,Brak danych
2624,"Nowoczesna kawalerka, Wrocław ul. Bierutowska",359 000 zł,Wrocław,Brak danych,"26,50 m² - 13547.17 zł/m²",1 pokój,Brak danych
2625,Mieszkanie do wprowadzenia | Rybnik | Parter,214 000 zł,Rybnik - 15 Lipca 2025,Brak danych,"39,79 m² - 5378.24 zł/m²",Brak danych,Parter
2626,Bezczynszowe mieszkanie-6 km od Koszalina!,259 000 zł,Koszalin,Brak danych,"47,50 m² - 5452.63 zł/m²",Brak danych,Brak danych
2627,"Mieszkanie (54,8 mkw.) Opalenica, os. Centrum",367 160 zł,Brak danych,Brak danych,"54,80 m² - 6700 zł/m²",Brak danych,Brak danych
2628,Gdańsk Mieszkanie 2 pokoje wykończone PRYWATNIE,545 000 zł,Gdańsk - 16 Lipca 2025,Brak danych,39 m² - 13974.36 zł/m²,2 pokoje,Brak danych
2629,3 pokojowe mieszkanie za Sterem ul. Gen. Maczka,649 000 zł,Szczecin,Brak danych,71 m² - 9140.85 zł/m²,3 pokoje,Brak danych
2630,"Kawalerka w świetnej lokalizacji, Bronowice - Azory",489 000 złdo negocjacji,Kraków,Brak danych,24 m² - 20375 zł/m²,1 pokój,Brak danych
2631,Mieszkanie apartament w centrum Iławy - nowe z projektem,750 000 zł,Brak danych,Brak danych,90 m² - 8333.33 zł/m²,Brak danych,Brak danych
2632,Mieszkanie z potencjałem w dzielnicy muzycznej,347 000 zł,Bydgoszcz - Dzisiaj O 14:10,Brak danych,"47,45 m² - 7312.96 zł/m²",Brak danych,Brak danych
2633,"Osiedle Leśne, 2 pokoje, I piętro",490 000 zł,Bydgoszcz - 16 Lipca 2025,Brak danych,"54,51 m² - 8989.18 zł/m²",2 pokoje,490 piętro
2634,BEZPOŚREDNIO 3-pokojowe mieszkanie z balkonem na os. Braniborskim,499 999 zł,Brak danych,Brak danych,"52,20 m² - 9578.52 zł/m²",Brak danych,Brak danych
2635,Mieszkanie 3-pokojowe gotowe do zamieszkania,399 000 zł,Starogard Gdański - 15 Lipca 2025,Brak danych,"48,90 m² - 8159.51 zł/m²",Brak danych,Brak danych
2636,2 pokoje z oddzielną kuchnią,550 000 zł,Warszawa,Brak danych,38 m² - 14473.68 zł/m²,2 pokoje,Brak danych
2637,2 Pokoje | Po remoncie | Dolina Trzech Stawów,439 000 zł,Katowice - Dzisiaj O 09:45,Brak danych,43 m² - 10209.3 zł/m²,2 pokoje,Brak danych
2638,"3 Pokoje, LSM, Po Generalnym Remoncie, ul. Pozytywistów, Widok n Wąwóz",529 000 zł,Lublin - Odświeżono Dzisiaj O 11:18,Brak danych,48 m² - 11020.83 zł/m²,3 pokoje,Brak danych
2639,"Lokal,na Dowolną Działalność i Mieszkać #ZDECYDOWANIE #sprzedam",1 443 990 złdo negocjacji,Szczecin,Brak danych,143 m² - 10097.83 zł/m²,Brak danych,Brak danych
2640,⭐Przytulne mieszkanie 2- pokojowe ⭐ możliwość zakupu GARAŻU ⭐,205 000 zł,Brak danych,Brak danych,"33,90 m² - 6047.2 zł/m²",Brak danych,Brak danych
2641,2 pok mieszkanie na Bemowie osiedle Young City,540 000 zł,Warszawa,Brak danych,30 m² - 18000 zł/m²,Brak danych,Brak danych
2642,Kawalerka 30 m² po remoncie | Możliwość 2 pokoi | Wysoki standard,299 000 zł,Brak danych,Brak danych,30 m² - 9966.67 zł/m²,2 pokoje,Brak danych
2643,Duża Kawalerka blisko Uniwersytetu Szczecińskiego,395 000 zł,Szczecin,Brak danych,"43,40 m² - 9101.38 zł/m²",1 pokój,Brak danych
2644,"Niebuszewo, Mieszkanie 51m2 piętro 1",299 000 zł,Szczecin,Brak danych,"51,22 m² - 5837.56 zł/m²",Brak danych,2 piętro
2645,Mieszkanie 3 pokojowe z balkonem i zielenią za oknem,376 000 zł,Brak danych,Brak danych,48 m² - 7833.33 zł/m²,3 pokoje,Brak danych
2646,"2 pokoje, klimatyczne mieszkanie na sprzedaż, winda! [REZERWACJA]",290 000 zł,Łódź,Brak danych,"38,30 m² - 7571.8 zł/m²",2 pokoje,Brak danych
2647,PRZESTRONNE Mieszkanie !! IDEALNE dla rodziny M3 ! Rzeszów Drabinianka,536 119 zł,Rzeszów - Odświeżono Dzisiaj O 09:34,Brak danych,"55,27 m² - 9700 zł/m²",Brak danych,Brak danych
2648,Piękne nowe mieszkanie w idealnej lokalizacji!,645 000 złdo negocjacji,Białystok,Brak danych,52 m² - 12403.85 zł/m²,Brak danych,Brak danych
2649,"Kawalerka 28,3m2 z balkonem, do remontu, metro",375 000 zł,Warszawa,Brak danych,"28,30 m² - 13250.88 zł/m²",1 pokój,Brak danych
2650,Kawalerka z kuchnią | Górczyn | 32 m² | Widok z 8. piętra,260 000 zł,Gorzów Wielkopolski - Dzisiaj O 16:05,Brak danych,"32,40 m² - 8024.69 zł/m²",1 pokój,Brak danych
2651,"Mieszkanie 2-pokojowe, Zajezdnia Wrzeszcz, 47 m²",880 000 zł,Gdańsk,Brak danych,"47,22 m² - 18636.17 zł/m²",Brak danych,Brak danych
2652,Mieszkanie 3 pokojowe w starej kamienicy w Siemianowicach Śląskich,185 000 zł,Brak danych,Brak danych,87 m² - 2126.44 zł/m²,3 pokoje,Brak danych
2653,Pilnie#2-pokoje# Metro # okazja#,530 000 zł,Warszawa,Brak danych,"37,54 m² - 14118.27 zł/m²",Brak danych,Brak danych
2654,Kawalerka po generalnym remoncie z pięknymi zachodami!,499 000 zł,Warszawa,Brak danych,"30,40 m² - 16414.47 zł/m²",1 pokój,Brak danych
2655,Funkcjonalne 2 pokoje z oddzielną kuchnią blisko centrum,369 000 zł,Białystok,Brak danych,"48,40 m² - 7623.97 zł/m²",2 pokoje,Brak danych
2656,"Nowoczesna kawalerka, Wrocław ul. Bierutowska",359 000 zł,Wrocław,Brak danych,"26,50 m² - 13547.17 zł/m²",1 pokój,Brak danych
2657,Okazja. Przestronne 3 pokoje + kuchnio-jadalnia + ... !,760 000 zł,Toruń - 14 Czerwca 2025,Brak danych,72 m² - 10555.56 zł/m²,3 pokoje,Brak danych
2658,"Nowe Wykończone 2 pokoje 43,4m2 + ogródek 55m2, brak PCC, Właściciel.",859 000 zł,Kraków,Brak danych,"43,40 m² - 19792.63 zł/m²",2 pokoje,Brak danych
2659,⭐Odbierz duży Rabat- 2 pokoje + Hala Garażowa⭐ Umów się na dni Otwarte,618 900 zł,Warszawa - Dzisiaj O 14:14,Brak danych,"41,15 m² - 15040.1 zł/m²",2 pokoje,Brak danych
2660,Mieszkanie do wprowadzenia | Rybnik | Parter,214 000 zł,Rybnik - 15 Lipca 2025,Brak danych,"39,79 m² - 5378.24 zł/m²",Brak danych,Parter
2661,Bezczynszowe mieszkanie-6 km od Koszalina!,259 000 zł,Koszalin,Brak danych,"47,50 m² - 5452.63 zł/m²",Brak danych,Brak danych
2662,"Mieszkanie (54,8 mkw.) Opalenica, os. Centrum",367 160 zł,Brak danych,Brak danych,"54,80 m² - 6700 zł/m²",Brak danych,Brak danych
2663,Gdańsk Mieszkanie 2 pokoje wykończone PRYWATNIE,545 000 zł,Gdańsk - 16 Lipca 2025,Brak danych,39 m² - 13974.36 zł/m²,2 pokoje,Brak danych
2664,3 pokojowe mieszkanie za Sterem ul. Gen. Maczka,649 000 zł,Szczecin,Brak danych,71 m² - 9140.85 zł/m²,3 pokoje,Brak danych
2665,Blisko Centrum idealne na Inwestycję lub jako pierwsze mieszkanie,410 000 złdo negocjacji,Kraków,Brak danych,23 m² - 17826.09 zł/m²,Brak danych,Brak danych
2666,"Kawalerka 38 m² za odstępne – Łódź Górna, okolice Placu Niepodległości",25 000 złdo negocjacji,Łódź,Brak danych,36 m² - 694.44 zł/m²,1 pokój,Brak danych
2667,Wygodne 2 pokoje do własnej aranżacji!,199 000 zł,Sosnowiec - Dzisiaj O 19:26,Brak danych,"32,71 m² - 6083.77 zł/m²",2 pokoje,Brak danych
2668,Mieszkanie z potencjałem w dzielnicy muzycznej,347 000 zł,Bydgoszcz - Dzisiaj O 14:10,Brak danych,"47,45 m² - 7312.96 zł/m²",Brak danych,Brak danych
2669,"Osiedle Leśne, 2 pokoje, I piętro",490 000 zł,Bydgoszcz - 16 Lipca 2025,Brak danych,"54,51 m² - 8989.18 zł/m²",2 pokoje,490 piętro
2670,BEZPOŚREDNIO 3-pokojowe mieszkanie z balkonem na os. Braniborskim,499 999 zł,Brak danych,Brak danych,"52,20 m² - 9578.52 zł/m²",Brak danych,Brak danych
2671,Mieszkanie 3-pokojowe gotowe do zamieszkania,399 000 zł,Starogard Gdański - 15 Lipca 2025,Brak danych,"48,90 m² - 8159.51 zł/m²",Brak danych,Brak danych
2672,2 pokoje z oddzielną kuchnią,550 000 zł,Warszawa,Brak danych,38 m² - 14473.68 zł/m²,2 pokoje,Brak danych
2673,"3 Pokoje, LSM, Po Generalnym Remoncie, ul. Pozytywistów, Widok n Wąwóz",529 000 zł,Lublin - Odświeżono Dzisiaj O 11:18,Brak danych,48 m² - 11020.83 zł/m²,3 pokoje,Brak danych
2674,"Lokal,na Dowolną Działalność i Mieszkać #ZDECYDOWANIE #sprzedam",1 443 990 złdo negocjacji,Szczecin,Brak danych,143 m² - 10097.83 zł/m²,Brak danych,Brak danych
2675,2 Pokoje | Po remoncie | Dolina Trzech Stawów,439 000 zł,Katowice - Dzisiaj O 09:45,Brak danych,43 m² - 10209.3 zł/m²,2 pokoje,Brak danych
2676,⭐Przytulne mieszkanie 2- pokojowe ⭐ możliwość zakupu GARAŻU ⭐,205 000 zł,Brak danych,Brak danych,"33,90 m² - 6047.2 zł/m²",Brak danych,Brak danych
2677,2 pok mieszkanie na Bemowie osiedle Young City,540 000 zł,Warszawa,Brak danych,30 m² - 18000 zł/m²,Brak danych,Brak danych
2678,Kawalerka 30 m² po remoncie | Możliwość 2 pokoi | Wysoki standard,299 000 zł,Brak danych,Brak danych,30 m² - 9966.67 zł/m²,2 pokoje,Brak danych
2679,Duża Kawalerka blisko Uniwersytetu Szczecińskiego,395 000 zł,Szczecin,Brak danych,"43,40 m² - 9101.38 zł/m²",1 pokój,Brak danych
2680,"Niebuszewo, Mieszkanie 51m2 piętro 1",299 000 zł,Szczecin,Brak danych,"51,22 m² - 5837.56 zł/m²",Brak danych,2 piętro
2681,Mieszkanie 3 pokojowe z balkonem i zielenią za oknem,376 000 zł,Brak danych,Brak danych,48 m² - 7833.33 zł/m²,3 pokoje,Brak danych
2682,"2 pokoje, klimatyczne mieszkanie na sprzedaż, winda! [REZERWACJA]",290 000 zł,Łódź,Brak danych,"38,30 m² - 7571.8 zł/m²",2 pokoje,Brak danych
2683,Piękne nowe mieszkanie w idealnej lokalizacji!,645 000 złdo negocjacji,Białystok,Brak danych,52 m² - 12403.85 zł/m²,Brak danych,Brak danych
2684,Okazja. Przestronne 3 pokoje + kuchnio-jadalnia + ... !,760 000 zł,Toruń - 14 Czerwca 2025,Brak danych,72 m² - 10555.56 zł/m²,3 pokoje,Brak danych
2685,"Kawalerka 28,3m2 z balkonem, do remontu, metro",375 000 zł,Warszawa,Brak danych,"28,30 m² - 13250.88 zł/m²",1 pokój,Brak danych
2686,Kawalerka z kuchnią | Górczyn | 32 m² | Widok z 8. piętra,260 000 zł,Gorzów Wielkopolski - Dzisiaj O 16:05,Brak danych,"32,40 m² - 8024.69 zł/m²",1 pokój,Brak danych
2687,"Mieszkanie 2-pokojowe, Zajezdnia Wrzeszcz, 47 m²",880 000 zł,Gdańsk,Brak danych,"47,22 m² - 18636.17 zł/m²",Brak danych,Brak danych
2688,Mieszkanie 3 pokojowe w starej kamienicy w Siemianowicach Śląskich,185 000 zł,Brak danych,Brak danych,87 m² - 2126.44 zł/m²,3 pokoje,Brak danych
2689,Pilnie#2-pokoje# Metro # okazja#,530 000 zł,Warszawa,Brak danych,"37,54 m² - 14118.27 zł/m²",Brak danych,Brak danych
2690,Kawalerka po generalnym remoncie z pięknymi zachodami!,499 000 zł,Warszawa,Brak danych,"30,40 m² - 16414.47 zł/m²",1 pokój,Brak danych
2691,Funkcjonalne 2 pokoje z oddzielną kuchnią blisko centrum,369 000 zł,Białystok,Brak danych,"48,40 m² - 7623.97 zł/m²",2 pokoje,Brak danych
2692,"Nowe Wykończone 2 pokoje 43,4m2 + ogródek 55m2, brak PCC, Właściciel.",859 000 zł,Kraków,Brak danych,"43,40 m² - 19792.63 zł/m²",2 pokoje,Brak danych
2693,"Gotowiec inwestycyjny, urocza kawalerka 26,85 m2, ul. Bierutowska",359 000 zł,Wrocław,Brak danych,"26,85 m² - 13370.58 zł/m²",1 pokój,Brak danych
2694,Sprzedam mieszkanie 3-pokojowe,650 000 zł,Opole - 16 Lipca 2025,Brak danych,"61,68 m² - 10538.26 zł/m²",Brak danych,Brak danych
2695,"Nowoczesna kawalerka, Wrocław ul. Bierutowska",359 000 zł,Wrocław,Brak danych,"26,50 m² - 13547.17 zł/m²",1 pokój,Brak danych
2696,Mieszkanie do wprowadzenia | Rybnik | Parter,214 000 zł,Rybnik - 15 Lipca 2025,Brak danych,"39,79 m² - 5378.24 zł/m²",Brak danych,Parter
2697,Bezczynszowe mieszkanie-6 km od Koszalina!,259 000 zł,Koszalin,Brak danych,"47,50 m² - 5452.63 zł/m²",Brak danych,Brak danych
2698,"Mieszkanie (54,8 mkw.) Opalenica, os. Centrum",367 160 zł,Brak danych,Brak danych,"54,80 m² - 6700 zł/m²",Brak danych,Brak danych
2699,Gdańsk Mieszkanie 2 pokoje wykończone PRYWATNIE,545 000 zł,Gdańsk - 16 Lipca 2025,Brak danych,39 m² - 13974.36 zł/m²,2 pokoje,Brak danych
2700,3 pokojowe mieszkanie za Sterem ul. Gen. Maczka,649 000 zł,Szczecin,Brak danych,71 m² - 9140.85 zł/m²,3 pokoje,Brak danych
2701,M3 Mieszkanie 2 pokoje Sierakowskiego po remoncie Łódź,359 000 zł,Łódź,Brak danych,"38,30 m² - 9373.37 zł/m²",2 pokoje,Brak danych
2702,"3 Pokoje, LSM, Po Generalnym Remoncie, ul. Pozytywistów, Widok n Wąwóz",529 000 zł,Lublin - Odświeżono Dzisiaj O 11:18,Brak danych,48 m² - 11020.83 zł/m²,3 pokoje,Brak danych
2703,Wygodne 2 pokoje do własnej aranżacji!,199 000 zł,Sosnowiec - Dzisiaj O 19:26,Brak danych,"32,71 m² - 6083.77 zł/m²",2 pokoje,Brak danych
2704,Mieszkanie z potencjałem w dzielnicy muzycznej,347 000 zł,Bydgoszcz - Dzisiaj O 14:10,Brak danych,"47,45 m² - 7312.96 zł/m²",Brak danych,Brak danych
2705,"Osiedle Leśne, 2 pokoje, I piętro",490 000 zł,Bydgoszcz - 16 Lipca 2025,Brak danych,"54,51 m² - 8989.18 zł/m²",2 pokoje,490 piętro
2706,BEZPOŚREDNIO 3-pokojowe mieszkanie z balkonem na os. Braniborskim,499 999 zł,Brak danych,Brak danych,"52,20 m² - 9578.52 zł/m²",Brak danych,Brak danych
2707,Mieszkanie 3-pokojowe gotowe do zamieszkania,399 000 zł,Starogard Gdański - 15 Lipca 2025,Brak danych,"48,90 m² - 8159.51 zł/m²",Brak danych,Brak danych
2708,2 pokoje z oddzielną kuchnią,550 000 zł,Warszawa,Brak danych,38 m² - 14473.68 zł/m²,2 pokoje,Brak danych
2709,"Lokal,na Dowolną Działalność i Mieszkać #ZDECYDOWANIE #sprzedam",1 443 990 złdo negocjacji,Szczecin,Brak danych,143 m² - 10097.83 zł/m²,Brak danych,Brak danych
2710,PRZESTRONNE Mieszkanie !! IDEALNE dla rodziny M3 ! Rzeszów Drabinianka,536 119 zł,Rzeszów - Odświeżono Dzisiaj O 09:34,Brak danych,"55,27 m² - 9700 zł/m²",Brak danych,Brak danych
2711,2 Pokoje | Po remoncie | Dolina Trzech Stawów,439 000 zł,Katowice - Dzisiaj O 09:45,Brak danych,43 m² - 10209.3 zł/m²,2 pokoje,Brak danych
2712,⭐Przytulne mieszkanie 2- pokojowe ⭐ możliwość zakupu GARAŻU ⭐,205 000 zł,Brak danych,Brak danych,"33,90 m² - 6047.2 zł/m²",Brak danych,Brak danych
2713,2 pok mieszkanie na Bemowie osiedle Young City,540 000 zł,Warszawa,Brak danych,30 m² - 18000 zł/m²,Brak danych,Brak danych
2714,Kawalerka 30 m² po remoncie | Możliwość 2 pokoi | Wysoki standard,299 000 zł,Brak danych,Brak danych,30 m² - 9966.67 zł/m²,2 pokoje,Brak danych
2715,Duża Kawalerka blisko Uniwersytetu Szczecińskiego,395 000 zł,Szczecin,Brak danych,"43,40 m² - 9101.38 zł/m²",1 pokój,Brak danych
2716,"Niebuszewo, Mieszkanie 51m2 piętro 1",299 000 zł,Szczecin,Brak danych,"51,22 m² - 5837.56 zł/m²",Brak danych,2 piętro
2717,Mieszkanie 3 pokojowe z balkonem i zielenią za oknem,376 000 zł,Brak danych,Brak danych,48 m² - 7833.33 zł/m²,3 pokoje,Brak danych
2718,"2 pokoje, klimatyczne mieszkanie na sprzedaż, winda! [REZERWACJA]",290 000 zł,Łódź,Brak danych,"38,30 m² - 7571.8 zł/m²",2 pokoje,Brak danych
2719,Piękne nowe mieszkanie w idealnej lokalizacji!,645 000 złdo negocjacji,Białystok,Brak danych,52 m² - 12403.85 zł/m²,Brak danych,Brak danych
2720,Okazja. Przestronne 3 pokoje + kuchnio-jadalnia + ... !,760 000 zł,Toruń - 14 Czerwca 2025,Brak danych,72 m² - 10555.56 zł/m²,3 pokoje,Brak danych
2721,"Kawalerka 28,3m2 z balkonem, do remontu, metro",375 000 zł,Warszawa,Brak danych,"28,30 m² - 13250.88 zł/m²",1 pokój,Brak danych
2722,Kawalerka z kuchnią | Górczyn | 32 m² | Widok z 8. piętra,260 000 zł,Gorzów Wielkopolski - Dzisiaj O 16:05,Brak danych,"32,40 m² - 8024.69 zł/m²",1 pokój,Brak danych
2723,"Mieszkanie 2-pokojowe, Zajezdnia Wrzeszcz, 47 m²",880 000 zł,Gdańsk,Brak danych,"47,22 m² - 18636.17 zł/m²",Brak danych,Brak danych
2724,Mieszkanie 3 pokojowe w starej kamienicy w Siemianowicach Śląskich,185 000 zł,Brak danych,Brak danych,87 m² - 2126.44 zł/m²,3 pokoje,Brak danych
2725,Pilnie#2-pokoje# Metro # okazja#,530 000 zł,Warszawa,Brak danych,"37,54 m² - 14118.27 zł/m²",Brak danych,Brak danych
2726,Kawalerka po generalnym remoncie z pięknymi zachodami!,499 000 zł,Warszawa,Brak danych,"30,40 m² - 16414.47 zł/m²",1 pokój,Brak danych
2727,Funkcjonalne 2 pokoje z oddzielną kuchnią blisko centrum,369 000 zł,Białystok,Brak danych,"48,40 m² - 7623.97 zł/m²",2 pokoje,Brak danych
2728,"Nowe Wykończone 2 pokoje 43,4m2 + ogródek 55m2, brak PCC, Właściciel.",859 000 zł,Kraków,Brak danych,"43,40 m² - 19792.63 zł/m²",2 pokoje,Brak danych
2729,⭐Odbierz duży Rabat- 2 pokoje + Hala Garażowa⭐ Umów się na dni Otwarte,618 900 zł,Warszawa - Dzisiaj O 14:14,Brak danych,"41,15 m² - 15040.1 zł/m²",2 pokoje,Brak danych
2730,Sprzedam mieszkanie 3-pokojowe,650 000 zł,Opole - 16 Lipca 2025,Brak danych,"61,68 m² - 10538.26 zł/m²",Brak danych,Brak danych
2731,"Nowoczesna kawalerka, Wrocław ul. Bierutowska",359 000 zł,Wrocław,Brak danych,"26,50 m² - 13547.17 zł/m²",1 pokój,Brak danych
2732,Mieszkanie do wprowadzenia | Rybnik | Parter,214 000 zł,Rybnik - 15 Lipca 2025,Brak danych,"39,79 m² - 5378.24 zł/m²",Brak danych,Parter
2733,Bezczynszowe mieszkanie-6 km od Koszalina!,259 000 zł,Koszalin,Brak danych,"47,50 m² - 5452.63 zł/m²",Brak danych,Brak danych
2734,"Mieszkanie (54,8 mkw.) Opalenica, os. Centrum",367 160 zł,Brak danych,Brak danych,"54,80 m² - 6700 zł/m²",Brak danych,Brak danych
2735,Gdańsk Mieszkanie 2 pokoje wykończone PRYWATNIE,545 000 zł,Gdańsk - 16 Lipca 2025,Brak danych,39 m² - 13974.36 zł/m²,2 pokoje,Brak danych
2736,3 pokojowe mieszkanie za Sterem ul. Gen. Maczka,649 000 zł,Szczecin,Brak danych,71 m² - 9140.85 zł/m²,3 pokoje,Brak danych
2737,"3 Pokoje, LSM, Po Generalnym Remoncie, ul. Pozytywistów, Widok n Wąwóz",529 000 zł,Lublin - Odświeżono Dzisiaj O 11:18,Brak danych,48 m² - 11020.83 zł/m²,3 pokoje,Brak danych
2738,Wygodne 2 pokoje do własnej aranżacji!,199 000 zł,Sosnowiec - Dzisiaj O 19:26,Brak danych,"32,71 m² - 6083.77 zł/m²",2 pokoje,Brak danych
2739,Mieszkanie z potencjałem w dzielnicy muzycznej,347 000 zł,Bydgoszcz - Dzisiaj O 14:10,Brak danych,"47,45 m² - 7312.96 zł/m²",Brak danych,Brak danych
2740,"Osiedle Leśne, 2 pokoje, I piętro",490 000 zł,Bydgoszcz - 16 Lipca 2025,Brak danych,"54,51 m² - 8989.18 zł/m²",2 pokoje,490 piętro
2741,BEZPOŚREDNIO 3-pokojowe mieszkanie z balkonem na os. Braniborskim,499 999 zł,Brak danych,Brak danych,"52,20 m² - 9578.52 zł/m²",Brak danych,Brak danych
2742,Mieszkanie 3-pokojowe gotowe do zamieszkania,399 000 zł,Starogard Gdański - 15 Lipca 2025,Brak danych,"48,90 m² - 8159.51 zł/m²",Brak danych,Brak danych
2743,2 pokoje z oddzielną kuchnią,550 000 zł,Warszawa,Brak danych,38 m² - 14473.68 zł/m²,2 pokoje,Brak danych
2744,"Lokal,na Dowolną Działalność i Mieszkać #ZDECYDOWANIE #sprzedam",1 443 990 złdo negocjacji,Szczecin,Brak danych,143 m² - 10097.83 zł/m²,Brak danych,Brak danych
2745,2 Pokoje | Po remoncie | Dolina Trzech Stawów,439 000 zł,Katowice - Dzisiaj O 09:45,Brak danych,43 m² - 10209.3 zł/m²,2 pokoje,Brak danych
2746,⭐Przytulne mieszkanie 2- pokojowe ⭐ możliwość zakupu GARAŻU ⭐,205 000 zł,Brak danych,Brak danych,"33,90 m² - 6047.2 zł/m²",Brak danych,Brak danych
2747,2 pok mieszkanie na Bemowie osiedle Young City,540 000 zł,Warszawa,Brak danych,30 m² - 18000 zł/m²,Brak danych,Brak danych
2748,Kawalerka 30 m² po remoncie | Możliwość 2 pokoi | Wysoki standard,299 000 zł,Brak danych,Brak danych,30 m² - 9966.67 zł/m²,2 pokoje,Brak danych
2749,Duża Kawalerka blisko Uniwersytetu Szczecińskiego,395 000 zł,Szczecin,Brak danych,"43,40 m² - 9101.38 zł/m²",1 pokój,Brak danych
2750,"Niebuszewo, Mieszkanie 51m2 piętro 1",299 000 zł,Szczecin,Brak danych,"51,22 m² - 5837.56 zł/m²",Brak danych,2 piętro
2751,Mieszkanie 3 pokojowe z balkonem i zielenią za oknem,376 000 zł,Brak danych,Brak danych,48 m² - 7833.33 zł/m²,3 pokoje,Brak danych
2752,"2 pokoje, klimatyczne mieszkanie na sprzedaż, winda! [REZERWACJA]",290 000 zł,Łódź,Brak danych,"38,30 m² - 7571.8 zł/m²",2 pokoje,Brak danych
2753,Piękne nowe mieszkanie w idealnej lokalizacji!,645 000 złdo negocjacji,Białystok,Brak danych,52 m² - 12403.85 zł/m²,Brak danych,Brak danych
2754,Okazja. Przestronne 3 pokoje + kuchnio-jadalnia + ... !,760 000 zł,Toruń - 14 Czerwca 2025,Brak danych,72 m² - 10555.56 zł/m²,3 pokoje,Brak danych
2755,"Kawalerka 28,3m2 z balkonem, do remontu, metro",375 000 zł,Warszawa,Brak danych,"28,30 m² - 13250.88 zł/m²",1 pokój,Brak danych
2756,Kawalerka z kuchnią | Górczyn | 32 m² | Widok z 8. piętra,260 000 zł,Gorzów Wielkopolski - Dzisiaj O 16:05,Brak danych,"32,40 m² - 8024.69 zł/m²",1 pokój,Brak danych
2757,"Mieszkanie 2-pokojowe, Zajezdnia Wrzeszcz, 47 m²",880 000 zł,Gdańsk,Brak danych,"47,22 m² - 18636.17 zł/m²",Brak danych,Brak danych
2758,Mieszkanie 3 pokojowe w starej kamienicy w Siemianowicach Śląskich,185 000 zł,Brak danych,Brak danych,87 m² - 2126.44 zł/m²,3 pokoje,Brak danych
2759,Pilnie#2-pokoje# Metro # okazja#,530 000 zł,Warszawa,Brak danych,"37,54 m² - 14118.27 zł/m²",Brak danych,Brak danych
2760,Kawalerka po generalnym remoncie z pięknymi zachodami!,499 000 zł,Warszawa,Brak danych,"30,40 m² - 16414.47 zł/m²",1 pokój,Brak danych
2761,Funkcjonalne 2 pokoje z oddzielną kuchnią blisko centrum,369 000 zł,Białystok,Brak danych,"48,40 m² - 7623.97 zł/m²",2 pokoje,Brak danych
2762,"Nowe Wykończone 2 pokoje 43,4m2 + ogródek 55m2, brak PCC, Właściciel.",859 000 zł,Kraków,Brak danych,"43,40 m² - 19792.63 zł/m²",2 pokoje,Brak danych
2763,Sprzedam mieszkanie 3-pokojowe,650 000 zł,Opole - 16 Lipca 2025,Brak danych,"61,68 m² - 10538.26 zł/m²",Brak danych,Brak danych
2764,"Nowoczesna kawalerka, Wrocław ul. Bierutowska",359 000 zł,Wrocław,Brak danych,"26,50 m² - 13547.17 zł/m²",1 pokój,Brak danych
2765,Mieszkanie do wprowadzenia | Rybnik | Parter,214 000 zł,Rybnik - 15 Lipca 2025,Brak danych,"39,79 m² - 5378.24 zł/m²",Brak danych,Parter
2766,Bezczynszowe mieszkanie-6 km od Koszalina!,259 000 zł,Koszalin,Brak danych,"47,50 m² - 5452.63 zł/m²",Brak danych,Brak danych
2767,"Mieszkanie (54,8 mkw.) Opalenica, os. Centrum",367 160 zł,Brak danych,Brak danych,"54,80 m² - 6700 zł/m²",Brak danych,Brak danych
2768,Gdańsk Mieszkanie 2 pokoje wykończone PRYWATNIE,545 000 zł,Gdańsk - 16 Lipca 2025,Brak danych,39 m² - 13974.36 zł/m²,2 pokoje,Brak danych
2769,3 pokojowe mieszkanie za Sterem ul. Gen. Maczka,649 000 zł,Szczecin,Brak danych,71 m² - 9140.85 zł/m²,3 pokoje,Brak danych
2770,M3 Mieszkanie 2 pokoje Sierakowskiego po remoncie Łódź,359 000 zł,Łódź,Brak danych,"38,30 m² - 9373.37 zł/m²",2 pokoje,Brak danych
2771,"3 Pokoje, LSM, Po Generalnym Remoncie, ul. Pozytywistów, Widok n Wąwóz",529 000 zł,Lublin - Odświeżono Dzisiaj O 11:18,Brak danych,48 m² - 11020.83 zł/m²,3 pokoje,Brak danych
2772,Wygodne 2 pokoje do własnej aranżacji!,199 000 zł,Sosnowiec - Dzisiaj O 19:26,Brak danych,"32,71 m² - 6083.77 zł/m²",2 pokoje,Brak danych
2773,Mieszkanie z potencjałem w dzielnicy muzycznej,347 000 zł,Bydgoszcz - Dzisiaj O 14:10,Brak danych,"47,45 m² - 7312.96 zł/m²",Brak danych,Brak danych
2774,"Osiedle Leśne, 2 pokoje, I piętro",490 000 zł,Bydgoszcz - 16 Lipca 2025,Brak danych,"54,51 m² - 8989.18 zł/m²",2 pokoje,490 piętro
2775,BEZPOŚREDNIO 3-pokojowe mieszkanie z balkonem na os. Braniborskim,499 999 zł,Brak danych,Brak danych,"52,20 m² - 9578.52 zł/m²",Brak danych,Brak danych
2776,Mieszkanie 3-pokojowe gotowe do zamieszkania,399 000 zł,Starogard Gdański - 15 Lipca 2025,Brak danych,"48,90 m² - 8159.51 zł/m²",Brak danych,Brak danych
2777,2 pokoje z oddzielną kuchnią,550 000 zł,Warszawa,Brak danych,38 m² - 14473.68 zł/m²,2 pokoje,Brak danych
2778,"Lokal,na Dowolną Działalność i Mieszkać #ZDECYDOWANIE #sprzedam",1 443 990 złdo negocjacji,Szczecin,Brak danych,143 m² - 10097.83 zł/m²,Brak danych,Brak danych
2779,PRZESTRONNE Mieszkanie !! IDEALNE dla rodziny M3 ! Rzeszów Drabinianka,536 119 zł,Rzeszów - Odświeżono Dzisiaj O 09:34,Brak danych,"55,27 m² - 9700 zł/m²",Brak danych,Brak danych
2780,2 Pokoje | Po remoncie | Dolina Trzech Stawów,439 000 zł,Katowice - Dzisiaj O 09:45,Brak danych,43 m² - 10209.3 zł/m²,2 pokoje,Brak danych
2781,⭐Przytulne mieszkanie 2- pokojowe ⭐ możliwość zakupu GARAŻU ⭐,205 000 zł,Brak danych,Brak danych,"33,90 m² - 6047.2 zł/m²",Brak danych,Brak danych
2782,2 pok mieszkanie na Bemowie osiedle Young City,540 000 zł,Warszawa,Brak danych,30 m² - 18000 zł/m²,Brak danych,Brak danych
2783,Kawalerka 30 m² po remoncie | Możliwość 2 pokoi | Wysoki standard,299 000 zł,Brak danych,Brak danych,30 m² - 9966.67 zł/m²,2 pokoje,Brak danych
2784,Duża Kawalerka blisko Uniwersytetu Szczecińskiego,395 000 zł,Szczecin,Brak danych,"43,40 m² - 9101.38 zł/m²",1 pokój,Brak danych
2785,"Niebuszewo, Mieszkanie 51m2 piętro 1",299 000 zł,Szczecin,Brak danych,"51,22 m² - 5837.56 zł/m²",Brak danych,2 piętro
2786,Mieszkanie 3 pokojowe z balkonem i zielenią za oknem,376 000 zł,Brak danych,Brak danych,48 m² - 7833.33 zł/m²,3 pokoje,Brak danych
2787,"2 pokoje, klimatyczne mieszkanie na sprzedaż, winda! [REZERWACJA]",290 000 zł,Łódź,Brak danych,"38,30 m² - 7571.8 zł/m²",2 pokoje,Brak danych
2788,Piękne nowe mieszkanie w idealnej lokalizacji!,645 000 złdo negocjacji,Białystok,Brak danych,52 m² - 12403.85 zł/m²,Brak danych,Brak danych
2789,Okazja. Przestronne 3 pokoje + kuchnio-jadalnia + ... !,760 000 zł,Toruń - 14 Czerwca 2025,Brak danych,72 m² - 10555.56 zł/m²,3 pokoje,Brak danych
2790,"Kawalerka 28,3m2 z balkonem, do remontu, metro",375 000 zł,Warszawa,Brak danych,"28,30 m² - 13250.88 zł/m²",1 pokój,Brak danych
2791,Kawalerka z kuchnią | Górczyn | 32 m² | Widok z 8. piętra,260 000 zł,Gorzów Wielkopolski - Dzisiaj O 16:05,Brak danych,"32,40 m² - 8024.69 zł/m²",1 pokój,Brak danych
2792,"Mieszkanie 2-pokojowe, Zajezdnia Wrzeszcz, 47 m²",880 000 zł,Gdańsk,Brak danych,"47,22 m² - 18636.17 zł/m²",Brak danych,Brak danych
2793,Mieszkanie 3 pokojowe w starej kamienicy w Siemianowicach Śląskich,185 000 zł,Brak danych,Brak danych,87 m² - 2126.44 zł/m²,3 pokoje,Brak danych
2794,Pilnie#2-pokoje# Metro # okazja#,530 000 zł,Warszawa,Brak danych,"37,54 m² - 14118.27 zł/m²",Brak danych,Brak danych
2795,Kawalerka po generalnym remoncie z pięknymi zachodami!,499 000 zł,Warszawa,Brak danych,"30,40 m² - 16414.47 zł/m²",1 pokój,Brak danych
2796,Funkcjonalne 2 pokoje z oddzielną kuchnią blisko centrum,369 000 zł,Białystok,Brak danych,"48,40 m² - 7623.97 zł/m²",2 pokoje,Brak danych
2797,"Nowe Wykończone 2 pokoje 43,4m2 + ogródek 55m2, brak PCC, Właściciel.",859 000 zł,Kraków,Brak danych,"43,40 m² - 19792.63 zł/m²",2 pokoje,Brak danych
2798,⭐Odbierz duży Rabat- 2 pokoje + Hala Garażowa⭐ Umów się na dni Otwarte,618 900 zł,Warszawa - Dzisiaj O 14:14,Brak danych,"41,15 m² - 15040.1 zł/m²",2 pokoje,Brak danych
2799,Sprzedam mieszkanie 3-pokojowe,650 000 zł,Opole - 16 Lipca 2025,Brak danych,"61,68 m² - 10538.26 zł/m²",Brak danych,Brak danych
2800,"Nowoczesna kawalerka, Wrocław ul. Bierutowska",359 000 zł,Wrocław,Brak danych,"26,50 m² - 13547.17 zł/m²",1 pokój,Brak danych
2801,Mieszkanie do wprowadzenia | Rybnik | Parter,214 000 zł,Rybnik - 15 Lipca 2025,Brak danych,"39,79 m² - 5378.24 zł/m²",Brak danych,Parter
2802,Bezczynszowe mieszkanie-6 km od Koszalina!,259 000 zł,Koszalin,Brak danych,"47,50 m² - 5452.63 zł/m²",Brak danych,Brak danych
2803,"Mieszkanie (54,8 mkw.) Opalenica, os. Centrum",367 160 zł,Brak danych,Brak danych,"54,80 m² - 6700 zł/m²",Brak danych,Brak danych
2804,Gdańsk Mieszkanie 2 pokoje wykończone PRYWATNIE,545 000 zł,Gdańsk - 16 Lipca 2025,Brak danych,39 m² - 13974.36 zł/m²,2 pokoje,Brak danych
2805,3 pokojowe mieszkanie za Sterem ul. Gen. Maczka,649 000 zł,Szczecin,Brak danych,71 m² - 9140.85 zł/m²,3 pokoje,Brak danych
2806,"Kawalerka 38 m² za odstępne – Łódź Górna, okolice Placu Niepodległości",25 000 złdo negocjacji,Łódź,Brak danych,36 m² - 694.44 zł/m²,1 pokój,Brak danych
2807,M3 Mieszkanie 2 pokoje Sierakowskiego po remoncie Łódź,359 000 zł,Łódź,Brak danych,"38,30 m² - 9373.37 zł/m²",2 pokoje,Brak danych
2808,Wygodne 2 pokoje do własnej aranżacji!,199 000 zł,Sosnowiec - Dzisiaj O 19:26,Brak danych,"32,71 m² - 6083.77 zł/m²",2 pokoje,Brak danych
2809,Mieszkanie z potencjałem w dzielnicy muzycznej,347 000 zł,Bydgoszcz - Dzisiaj O 14:10,Brak danych,"47,45 m² - 7312.96 zł/m²",Brak danych,Brak danych
2810,"Osiedle Leśne, 2 pokoje, I piętro",490 000 zł,Bydgoszcz - 16 Lipca 2025,Brak danych,"54,51 m² - 8989.18 zł/m²",2 pokoje,490 piętro
2811,BEZPOŚREDNIO 3-pokojowe mieszkanie z balkonem na os. Braniborskim,499 999 zł,Brak danych,Brak danych,"52,20 m² - 9578.52 zł/m²",Brak danych,Brak danych
2812,Mieszkanie 3-pokojowe gotowe do zamieszkania,399 000 zł,Starogard Gdański - 15 Lipca 2025,Brak danych,"48,90 m² - 8159.51 zł/m²",Brak danych,Brak danych
2813,2 pokoje z oddzielną kuchnią,550 000 zł,Warszawa,Brak danych,38 m² - 14473.68 zł/m²,2 pokoje,Brak danych
2814,"3 Pokoje, LSM, Po Generalnym Remoncie, ul. Pozytywistów, Widok n Wąwóz",529 000 zł,Lublin - Odświeżono Dzisiaj O 11:18,Brak danych,48 m² - 11020.83 zł/m²,3 pokoje,Brak danych
2815,"Lokal,na Dowolną Działalność i Mieszkać #ZDECYDOWANIE #sprzedam",1 443 990 złdo negocjacji,Szczecin,Brak danych,143 m² - 10097.83 zł/m²,Brak danych,Brak danych
2816,2 Pokoje | Po remoncie | Dolina Trzech Stawów,439 000 zł,Katowice - Dzisiaj O 09:45,Brak danych,43 m² - 10209.3 zł/m²,2 pokoje,Brak danych
2817,⭐Przytulne mieszkanie 2- pokojowe ⭐ możliwość zakupu GARAŻU ⭐,205 000 zł,Brak danych,Brak danych,"33,90 m² - 6047.2 zł/m²",Brak danych,Brak danych
2818,2 pok mieszkanie na Bemowie osiedle Young City,540 000 zł,Warszawa,Brak danych,30 m² - 18000 zł/m²,Brak danych,Brak danych
2819,Kawalerka 30 m² po remoncie | Możliwość 2 pokoi | Wysoki standard,299 000 zł,Brak danych,Brak danych,30 m² - 9966.67 zł/m²,2 pokoje,Brak danych
2820,Duża Kawalerka blisko Uniwersytetu Szczecińskiego,395 000 zł,Szczecin,Brak danych,"43,40 m² - 9101.38 zł/m²",1 pokój,Brak danych
2821,"Niebuszewo, Mieszkanie 51m2 piętro 1",299 000 zł,Szczecin,Brak danych,"51,22 m² - 5837.56 zł/m²",Brak danych,2 piętro
2822,Mieszkanie 3 pokojowe z balkonem i zielenią za oknem,376 000 zł,Brak danych,Brak danych,48 m² - 7833.33 zł/m²,3 pokoje,Brak danych
2823,"2 pokoje, klimatyczne mieszkanie na sprzedaż, winda! [REZERWACJA]",290 000 zł,Łódź,Brak danych,"38,30 m² - 7571.8 zł/m²",2 pokoje,Brak danych
2824,PRZESTRONNE Mieszkanie !! IDEALNE dla rodziny M3 ! Rzeszów Drabinianka,536 119 zł,Rzeszów - Odświeżono Dzisiaj O 09:34,Brak danych,"55,27 m² - 9700 zł/m²",Brak danych,Brak danych
2825,Piękne nowe mieszkanie w idealnej lokalizacji!,645 000 złdo negocjacji,Białystok,Brak danych,52 m² - 12403.85 zł/m²,Brak danych,Brak danych
2826,Okazja. Przestronne 3 pokoje + kuchnio-jadalnia + ... !,760 000 zł,Toruń - 14 Czerwca 2025,Brak danych,72 m² - 10555.56 zł/m²,3 pokoje,Brak danych
2827,"Kawalerka 28,3m2 z balkonem, do remontu, metro",375 000 zł,Warszawa,Brak danych,"28,30 m² - 13250.88 zł/m²",1 pokój,Brak danych
2828,Kawalerka z kuchnią | Górczyn | 32 m² | Widok z 8. piętra,260 000 zł,Gorzów Wielkopolski - Dzisiaj O 16:05,Brak danych,"32,40 m² - 8024.69 zł/m²",1 pokój,Brak danych
2829,"Mieszkanie 2-pokojowe, Zajezdnia Wrzeszcz, 47 m²",880 000 zł,Gdańsk,Brak danych,"47,22 m² - 18636.17 zł/m²",Brak danych,Brak danych
2830,Mieszkanie 3 pokojowe w starej kamienicy w Siemianowicach Śląskich,185 000 zł,Brak danych,Brak danych,87 m² - 2126.44 zł/m²,3 pokoje,Brak danych
2831,Pilnie#2-pokoje# Metro # okazja#,530 000 zł,Warszawa,Brak danych,"37,54 m² - 14118.27 zł/m²",Brak danych,Brak danych
2832,Kawalerka po generalnym remoncie z pięknymi zachodami!,499 000 zł,Warszawa,Brak danych,"30,40 m² - 16414.47 zł/m²",1 pokój,Brak danych
2833,Funkcjonalne 2 pokoje z oddzielną kuchnią blisko centrum,369 000 zł,Białystok,Brak danych,"48,40 m² - 7623.97 zł/m²",2 pokoje,Brak danych
2834,"Nowe Wykończone 2 pokoje 43,4m2 + ogródek 55m2, brak PCC, Właściciel.",859 000 zł,Kraków,Brak danych,"43,40 m² - 19792.63 zł/m²",2 pokoje,Brak danych
2835,"Gotowiec inwestycyjny, urocza kawalerka 26,85 m2, ul. Bierutowska",359 000 zł,Wrocław,Brak danych,"26,85 m² - 13370.58 zł/m²",1 pokój,Brak danych
2836,⭐Odbierz duży Rabat- 2 pokoje + Hala Garażowa⭐ Umów się na dni Otwarte,618 900 zł,Warszawa - Dzisiaj O 14:14,Brak danych,"41,15 m² - 15040.1 zł/m²",2 pokoje,Brak danych
2837,"Nowoczesna kawalerka, Wrocław ul. Bierutowska",359 000 zł,Wrocław,Brak danych,"26,50 m² - 13547.17 zł/m²",1 pokój,Brak danych
2838,Mieszkanie do wprowadzenia | Rybnik | Parter,214 000 zł,Rybnik - 15 Lipca 2025,Brak danych,"39,79 m² - 5378.24 zł/m²",Brak danych,Parter
2839,Bezczynszowe mieszkanie-6 km od Koszalina!,259 000 zł,Koszalin,Brak danych,"47,50 m² - 5452.63 zł/m²",Brak danych,Brak danych
2840,"Mieszkanie (54,8 mkw.) Opalenica, os. Centrum",367 160 zł,Brak danych,Brak danych,"54,80 m² - 6700 zł/m²",Brak danych,Brak danych
2841,Gdańsk Mieszkanie 2 pokoje wykończone PRYWATNIE,545 000 zł,Gdańsk - 16 Lipca 2025,Brak danych,39 m² - 13974.36 zł/m²,2 pokoje,Brak danych
2842,3 pokojowe mieszkanie za Sterem ul. Gen. Maczka,649 000 zł,Szczecin,Brak danych,71 m² - 9140.85 zł/m²,3 pokoje,Brak danych
2843,M3 Mieszkanie 2 pokoje Sierakowskiego po remoncie Łódź,359 000 zł,Łódź,Brak danych,"38,30 m² - 9373.37 zł/m²",2 pokoje,Brak danych
2844,Wygodne 2 pokoje do własnej aranżacji!,199 000 zł,Sosnowiec - Dzisiaj O 19:26,Brak danych,"32,71 m² - 6083.77 zł/m²",2 pokoje,Brak danych
2845,Mieszkanie z potencjałem w dzielnicy muzycznej,347 000 zł,Bydgoszcz - Dzisiaj O 14:10,Brak danych,"47,45 m² - 7312.96 zł/m²",Brak danych,Brak danych
2846,"Osiedle Leśne, 2 pokoje, I piętro",490 000 zł,Bydgoszcz - 16 Lipca 2025,Brak danych,"54,51 m² - 8989.18 zł/m²",2 pokoje,490 piętro
2847,BEZPOŚREDNIO 3-pokojowe mieszkanie z balkonem na os. Braniborskim,499 999 zł,Brak danych,Brak danych,"52,20 m² - 9578.52 zł/m²",Brak danych,Brak danych
2848,Mieszkanie 3-pokojowe gotowe do zamieszkania,399 000 zł,Starogard Gdański - 15 Lipca 2025,Brak danych,"48,90 m² - 8159.51 zł/m²",Brak danych,Brak danych
2849,2 pokoje z oddzielną kuchnią,550 000 zł,Warszawa,Brak danych,38 m² - 14473.68 zł/m²,2 pokoje,Brak danych
2850,"3 Pokoje, LSM, Po Generalnym Remoncie, ul. Pozytywistów, Widok n Wąwóz",529 000 zł,Lublin - Odświeżono Dzisiaj O 11:18,Brak danych,48 m² - 11020.83 zł/m²,3 pokoje,Brak danych
2851,"Lokal,na Dowolną Działalność i Mieszkać #ZDECYDOWANIE #sprzedam",1 443 990 złdo negocjacji,Szczecin,Brak danych,143 m² - 10097.83 zł/m²,Brak danych,Brak danych
2852,2 Pokoje | Po remoncie | Dolina Trzech Stawów,439 000 zł,Katowice - Dzisiaj O 09:45,Brak danych,43 m² - 10209.3 zł/m²,2 pokoje,Brak danych
2853,⭐Przytulne mieszkanie 2- pokojowe ⭐ możliwość zakupu GARAŻU ⭐,205 000 zł,Brak danych,Brak danych,"33,90 m² - 6047.2 zł/m²",Brak danych,Brak danych
2854,2 pok mieszkanie na Bemowie osiedle Young City,540 000 zł,Warszawa,Brak danych,30 m² - 18000 zł/m²,Brak danych,Brak danych
2855,Kawalerka 30 m² po remoncie | Możliwość 2 pokoi | Wysoki standard,299 000 zł,Brak danych,Brak danych,30 m² - 9966.67 zł/m²,2 pokoje,Brak danych
2856,Duża Kawalerka blisko Uniwersytetu Szczecińskiego,395 000 zł,Szczecin,Brak danych,"43,40 m² - 9101.38 zł/m²",1 pokój,Brak danych
2857,"Niebuszewo, Mieszkanie 51m2 piętro 1",299 000 zł,Szczecin,Brak danych,"51,22 m² - 5837.56 zł/m²",Brak danych,2 piętro
2858,Mieszkanie 3 pokojowe z balkonem i zielenią za oknem,376 000 zł,Brak danych,Brak danych,48 m² - 7833.33 zł/m²,3 pokoje,Brak danych
2859,"2 pokoje, klimatyczne mieszkanie na sprzedaż, winda! [REZERWACJA]",290 000 zł,Łódź,Brak danych,"38,30 m² - 7571.8 zł/m²",2 pokoje,Brak danych
2860,Piękne nowe mieszkanie w idealnej lokalizacji!,645 000 złdo negocjacji,Białystok,Brak danych,52 m² - 12403.85 zł/m²,Brak danych,Brak danych
2861,Okazja. Przestronne 3 pokoje + kuchnio-jadalnia + ... !,760 000 zł,Toruń - 14 Czerwca 2025,Brak danych,72 m² - 10555.56 zł/m²,3 pokoje,Brak danych
2862,"Kawalerka 28,3m2 z balkonem, do remontu, metro",375 000 zł,Warszawa,Brak danych,"28,30 m² - 13250.88 zł/m²",1 pokój,Brak danych
2863,Kawalerka z kuchnią | Górczyn | 32 m² | Widok z 8. piętra,260 000 zł,Gorzów Wielkopolski - Dzisiaj O 16:05,Brak danych,"32,40 m² - 8024.69 zł/m²",1 pokój,Brak danych
2864,"Mieszkanie 2-pokojowe, Zajezdnia Wrzeszcz, 47 m²",880 000 zł,Gdańsk,Brak danych,"47,22 m² - 18636.17 zł/m²",Brak danych,Brak danych
2865,Mieszkanie 3 pokojowe w starej kamienicy w Siemianowicach Śląskich,185 000 zł,Brak danych,Brak danych,87 m² - 2126.44 zł/m²,3 pokoje,Brak danych
2866,Pilnie#2-pokoje# Metro # okazja#,530 000 zł,Warszawa,Brak danych,"37,54 m² - 14118.27 zł/m²",Brak danych,Brak danych
2867,Kawalerka po generalnym remoncie z pięknymi zachodami!,499 000 zł,Warszawa,Brak danych,"30,40 m² - 16414.47 zł/m²",1 pokój,Brak danych
2868,Funkcjonalne 2 pokoje z oddzielną kuchnią blisko centrum,369 000 zł,Białystok,Brak danych,"48,40 m² - 7623.97 zł/m²",2 pokoje,Brak danych
2869,"Nowe Wykończone 2 pokoje 43,4m2 + ogródek 55m2, brak PCC, Właściciel.",859 000 zł,Kraków,Brak danych,"43,40 m² - 19792.63 zł/m²",2 pokoje,Brak danych
2870,Sprzedam mieszkanie 3-pokojowe,650 000 zł,Opole - 16 Lipca 2025,Brak danych,"61,68 m² - 10538.26 zł/m²",Brak danych,Brak danych
2871,"Nowoczesna kawalerka, Wrocław ul. Bierutowska",359 000 zł,Wrocław,Brak danych,"26,50 m² - 13547.17 zł/m²",1 pokój,Brak danych
2872,Mieszkanie do wprowadzenia | Rybnik | Parter,214 000 zł,Rybnik - 15 Lipca 2025,Brak danych,"39,79 m² - 5378.24 zł/m²",Brak danych,Parter
2873,Bezczynszowe mieszkanie-6 km od Koszalina!,259 000 zł,Koszalin,Brak danych,"47,50 m² - 5452.63 zł/m²",Brak danych,Brak danych
2874,"Mieszkanie (54,8 mkw.) Opalenica, os. Centrum",367 160 zł,Brak danych,Brak danych,"54,80 m² - 6700 zł/m²",Brak danych,Brak danych
2875,Gdańsk Mieszkanie 2 pokoje wykończone PRYWATNIE,545 000 zł,Gdańsk - 16 Lipca 2025,Brak danych,39 m² - 13974.36 zł/m²,2 pokoje,Brak danych
2876,3 pokojowe mieszkanie za Sterem ul. Gen. Maczka,649 000 zł,Szczecin,Brak danych,71 m² - 9140.85 zł/m²,3 pokoje,Brak danych
2877,"Kawalerka 38 m² za odstępne – Łódź Górna, okolice Placu Niepodległości",25 000 złdo negocjacji,Łódź,Brak danych,36 m² - 694.44 zł/m²,1 pokój,Brak danych
2878,M3 Mieszkanie 2 pokoje Sierakowskiego po remoncie Łódź,359 000 zł,Łódź,Brak danych,"38,30 m² - 9373.37 zł/m²",2 pokoje,Brak danych
2879,Wygodne 2 pokoje do własnej aranżacji!,199 000 zł,Sosnowiec - Dzisiaj O 19:26,Brak danych,"32,71 m² - 6083.77 zł/m²",2 pokoje,Brak danych
2880,Mieszkanie z potencjałem w dzielnicy muzycznej,347 000 zł,Bydgoszcz - Dzisiaj O 14:10,Brak danych,"47,45 m² - 7312.96 zł/m²",Brak danych,Brak danych
2881,"Osiedle Leśne, 2 pokoje, I piętro",490 000 zł,Bydgoszcz - 16 Lipca 2025,Brak danych,"54,51 m² - 8989.18 zł/m²",2 pokoje,490 piętro
2882,BEZPOŚREDNIO 3-pokojowe mieszkanie z balkonem na os. Braniborskim,499 999 zł,Brak danych,Brak danych,"52,20 m² - 9578.52 zł/m²",Brak danych,Brak danych
2883,Mieszkanie 3-pokojowe gotowe do zamieszkania,399 000 zł,Starogard Gdański - 15 Lipca 2025,Brak danych,"48,90 m² - 8159.51 zł/m²",Brak danych,Brak danych
2884,2 pokoje z oddzielną kuchnią,550 000 zł,Warszawa,Brak danych,38 m² - 14473.68 zł/m²,2 pokoje,Brak danych
2885,"3 Pokoje, LSM, Po Generalnym Remoncie, ul. Pozytywistów, Widok n Wąwóz",529 000 zł,Lublin - Odświeżono Dzisiaj O 11:18,Brak danych,48 m² - 11020.83 zł/m²,3 pokoje,Brak danych
2886,"Lokal,na Dowolną Działalność i Mieszkać #ZDECYDOWANIE #sprzedam",1 443 990 złdo negocjacji,Szczecin,Brak danych,143 m² - 10097.83 zł/m²,Brak danych,Brak danych
2887,2 Pokoje | Po remoncie | Dolina Trzech Stawów,439 000 zł,Katowice - Dzisiaj O 09:45,Brak danych,43 m² - 10209.3 zł/m²,2 pokoje,Brak danych
2888,⭐Przytulne mieszkanie 2- pokojowe ⭐ możliwość zakupu GARAŻU ⭐,205 000 zł,Brak danych,Brak danych,"33,90 m² - 6047.2 zł/m²",Brak danych,Brak danych
2889,2 pok mieszkanie na Bemowie osiedle Young City,540 000 zł,Warszawa,Brak danych,30 m² - 18000 zł/m²,Brak danych,Brak danych
2890,Kawalerka 30 m² po remoncie | Możliwość 2 pokoi | Wysoki standard,299 000 zł,Brak danych,Brak danych,30 m² - 9966.67 zł/m²,2 pokoje,Brak danych
2891,Duża Kawalerka blisko Uniwersytetu Szczecińskiego,395 000 zł,Szczecin,Brak danych,"43,40 m² - 9101.38 zł/m²",1 pokój,Brak danych
2892,"Niebuszewo, Mieszkanie 51m2 piętro 1",299 000 zł,Szczecin,Brak danych,"51,22 m² - 5837.56 zł/m²",Brak danych,2 piętro
2893,Mieszkanie 3 pokojowe z balkonem i zielenią za oknem,376 000 zł,Brak danych,Brak danych,48 m² - 7833.33 zł/m²,3 pokoje,Brak danych
2894,"2 pokoje, klimatyczne mieszkanie na sprzedaż, winda! [REZERWACJA]",290 000 zł,Łódź,Brak danych,"38,30 m² - 7571.8 zł/m²",2 pokoje,Brak danych
2895,Piękne nowe mieszkanie w idealnej lokalizacji!,645 000 złdo negocjacji,Białystok,Brak danych,52 m² - 12403.85 zł/m²,Brak danych,Brak danych
2896,Okazja. Przestronne 3 pokoje + kuchnio-jadalnia + ... !,760 000 zł,Toruń - 14 Czerwca 2025,Brak danych,72 m² - 10555.56 zł/m²,3 pokoje,Brak danych
2897,"Kawalerka 28,3m2 z balkonem, do remontu, metro",375 000 zł,Warszawa,Brak danych,"28,30 m² - 13250.88 zł/m²",1 pokój,Brak danych
2898,Kawalerka z kuchnią | Górczyn | 32 m² | Widok z 8. piętra,260 000 zł,Gorzów Wielkopolski - Dzisiaj O 16:05,Brak danych,"32,40 m² - 8024.69 zł/m²",1 pokój,Brak danych
2899,"Mieszkanie 2-pokojowe, Zajezdnia Wrzeszcz, 47 m²",880 000 zł,Gdańsk,Brak danych,"47,22 m² - 18636.17 zł/m²",Brak danych,Brak danych
2900,Mieszkanie 3 pokojowe w starej kamienicy w Siemianowicach Śląskich,185 000 zł,Brak danych,Brak danych,87 m² - 2126.44 zł/m²,3 pokoje,Brak danych
2901,Pilnie#2-pokoje# Metro # okazja#,530 000 zł,Warszawa,Brak danych,"37,54 m² - 14118.27 zł/m²",Brak danych,Brak danych
2902,Kawalerka po generalnym remoncie z pięknymi zachodami!,499 000 zł,Warszawa,Brak danych,"30,40 m² - 16414.47 zł/m²",1 pokój,Brak danych
2903,Funkcjonalne 2 pokoje z oddzielną kuchnią blisko centrum,369 000 zł,Białystok,Brak danych,"48,40 m² - 7623.97 zł/m²",2 pokoje,Brak danych
2904,"Nowe Wykończone 2 pokoje 43,4m2 + ogródek 55m2, brak PCC, Właściciel.",859 000 zł,Kraków,Brak danych,"43,40 m² - 19792.63 zł/m²",2 pokoje,Brak danych
2905,"Gotowiec inwestycyjny, urocza kawalerka 26,85 m2, ul. Bierutowska",359 000 zł,Wrocław,Brak danych,"26,85 m² - 13370.58 zł/m²",1 pokój,Brak danych
2906,Sprzedam mieszkanie 3-pokojowe,650 000 zł,Opole - 16 Lipca 2025,Brak danych,"61,68 m² - 10538.26 zł/m²",Brak danych,Brak danych
2907,"Nowoczesna kawalerka, Wrocław ul. Bierutowska",359 000 zł,Wrocław,Brak danych,"26,50 m² - 13547.17 zł/m²",1 pokój,Brak danych
2908,Mieszkanie do wprowadzenia | Rybnik | Parter,214 000 zł,Rybnik - 15 Lipca 2025,Brak danych,"39,79 m² - 5378.24 zł/m²",Brak danych,Parter
2909,Bezczynszowe mieszkanie-6 km od Koszalina!,259 000 zł,Koszalin,Brak danych,"47,50 m² - 5452.63 zł/m²",Brak danych,Brak danych
2910,"Mieszkanie (54,8 mkw.) Opalenica, os. Centrum",367 160 zł,Brak danych,Brak danych,"54,80 m² - 6700 zł/m²",Brak danych,Brak danych
2911,Gdańsk Mieszkanie 2 pokoje wykończone PRYWATNIE,545 000 zł,Gdańsk - 16 Lipca 2025,Brak danych,39 m² - 13974.36 zł/m²,2 pokoje,Brak danych
2912,3 pokojowe mieszkanie za Sterem ul. Gen. Maczka,649 000 zł,Szczecin,Brak danych,71 m² - 9140.85 zł/m²,3 pokoje,Brak danych
2913,"Kawalerka 38 m² za odstępne – Łódź Górna, okolice Placu Niepodległości",25 000 złdo negocjacji,Łódź,Brak danych,36 m² - 694.44 zł/m²,1 pokój,Brak danych
2914,M3 Mieszkanie 2 pokoje Sierakowskiego po remoncie Łódź,359 000 zł,Łódź,Brak danych,"38,30 m² - 9373.37 zł/m²",2 pokoje,Brak danych
2915,Wygodne 2 pokoje do własnej aranżacji!,199 000 zł,Sosnowiec - Dzisiaj O 19:26,Brak danych,"32,71 m² - 6083.77 zł/m²",2 pokoje,Brak danych
2916,Mieszkanie z potencjałem w dzielnicy muzycznej,347 000 zł,Bydgoszcz - Dzisiaj O 14:10,Brak danych,"47,45 m² - 7312.96 zł/m²",Brak danych,Brak danych
2917,"Osiedle Leśne, 2 pokoje, I piętro",490 000 zł,Bydgoszcz - 16 Lipca 2025,Brak danych,"54,51 m² - 8989.18 zł/m²",2 pokoje,490 piętro
2918,BEZPOŚREDNIO 3-pokojowe mieszkanie z balkonem na os. Braniborskim,499 999 zł,Brak danych,Brak danych,"52,20 m² - 9578.52 zł/m²",Brak danych,Brak danych
2919,Mieszkanie 3-pokojowe gotowe do zamieszkania,399 000 zł,Starogard Gdański - 15 Lipca 2025,Brak danych,"48,90 m² - 8159.51 zł/m²",Brak danych,Brak danych
2920,2 pokoje z oddzielną kuchnią,550 000 zł,Warszawa,Brak danych,38 m² - 14473.68 zł/m²,2 pokoje,Brak danych
2921,"3 Pokoje, LSM, Po Generalnym Remoncie, ul. Pozytywistów, Widok n Wąwóz",529 000 zł,Lublin - Odświeżono Dzisiaj O 11:18,Brak danych,48 m² - 11020.83 zł/m²,3 pokoje,Brak danych
2922,"Lokal,na Dowolną Działalność i Mieszkać #ZDECYDOWANIE #sprzedam",1 443 990 złdo negocjacji,Szczecin,Brak danych,143 m² - 10097.83 zł/m²,Brak danych,Brak danych
2923,2 Pokoje | Po remoncie | Dolina Trzech Stawów,439 000 zł,Katowice - Dzisiaj O 09:45,Brak danych,43 m² - 10209.3 zł/m²,2 pokoje,Brak danych
2924,⭐Przytulne mieszkanie 2- pokojowe ⭐ możliwość zakupu GARAŻU ⭐,205 000 zł,Brak danych,Brak danych,"33,90 m² - 6047.2 zł/m²",Brak danych,Brak danych
2925,2 pok mieszkanie na Bemowie osiedle Young City,540 000 zł,Warszawa,Brak danych,30 m² - 18000 zł/m²,Brak danych,Brak danych
2926,Kawalerka 30 m² po remoncie | Możliwość 2 pokoi | Wysoki standard,299 000 zł,Brak danych,Brak danych,30 m² - 9966.67 zł/m²,2 pokoje,Brak danych
2927,Duża Kawalerka blisko Uniwersytetu Szczecińskiego,395 000 zł,Szczecin,Brak danych,"43,40 m² - 9101.38 zł/m²",1 pokój,Brak danych
2928,"Niebuszewo, Mieszkanie 51m2 piętro 1",299 000 zł,Szczecin,Brak danych,"51,22 m² - 5837.56 zł/m²",Brak danych,2 piętro
2929,Mieszkanie 3 pokojowe z balkonem i zielenią za oknem,376 000 zł,Brak danych,Brak danych,48 m² - 7833.33 zł/m²,3 pokoje,Brak danych
2930,"2 pokoje, klimatyczne mieszkanie na sprzedaż, winda! [REZERWACJA]",290 000 zł,Łódź,Brak danych,"38,30 m² - 7571.8 zł/m²",2 pokoje,Brak danych
2931,PRZESTRONNE Mieszkanie !! IDEALNE dla rodziny M3 ! Rzeszów Drabinianka,536 119 zł,Rzeszów - Odświeżono Dzisiaj O 09:34,Brak danych,"55,27 m² - 9700 zł/m²",Brak danych,Brak danych
2932,Piękne nowe mieszkanie w idealnej lokalizacji!,645 000 złdo negocjacji,Białystok,Brak danych,52 m² - 12403.85 zł/m²,Brak danych,Brak danych
2933,Okazja. Przestronne 3 pokoje + kuchnio-jadalnia + ... !,760 000 zł,Toruń - 14 Czerwca 2025,Brak danych,72 m² - 10555.56 zł/m²,3 pokoje,Brak danych
2934,"Kawalerka 28,3m2 z balkonem, do remontu, metro",375 000 zł,Warszawa,Brak danych,"28,30 m² - 13250.88 zł/m²",1 pokój,Brak danych
2935,Kawalerka z kuchnią | Górczyn | 32 m² | Widok z 8. piętra,260 000 zł,Gorzów Wielkopolski - Dzisiaj O 16:05,Brak danych,"32,40 m² - 8024.69 zł/m²",1 pokój,Brak danych
2936,"Mieszkanie 2-pokojowe, Zajezdnia Wrzeszcz, 47 m²",880 000 zł,Gdańsk,Brak danych,"47,22 m² - 18636.17 zł/m²",Brak danych,Brak danych
2937,Mieszkanie 3 pokojowe w starej kamienicy w Siemianowicach Śląskich,185 000 zł,Brak danych,Brak danych,87 m² - 2126.44 zł/m²,3 pokoje,Brak danych
2938,Pilnie#2-pokoje# Metro # okazja#,530 000 zł,Warszawa,Brak danych,"37,54 m² - 14118.27 zł/m²",Brak danych,Brak danych
2939,Kawalerka po generalnym remoncie z pięknymi zachodami!,499 000 zł,Warszawa,Brak danych,"30,40 m² - 16414.47 zł/m²",1 pokój,Brak danych
2940,Funkcjonalne 2 pokoje z oddzielną kuchnią blisko centrum,369 000 zł,Białystok,Brak danych,"48,40 m² - 7623.97 zł/m²",2 pokoje,Brak danych
2941,"Nowe Wykończone 2 pokoje 43,4m2 + ogródek 55m2, brak PCC, Właściciel.",859 000 zł,Kraków,Brak danych,"43,40 m² - 19792.63 zł/m²",2 pokoje,Brak danych
2942,"Gotowiec inwestycyjny, urocza kawalerka 26,85 m2, ul. Bierutowska",359 000 zł,Wrocław,Brak danych,"26,85 m² - 13370.58 zł/m²",1 pokój,Brak danych
2943,⭐Odbierz duży Rabat- 2 pokoje + Hala Garażowa⭐ Umów się na dni Otwarte,618 900 zł,Warszawa - Dzisiaj O 14:14,Brak danych,"41,15 m² - 15040.1 zł/m²",2 pokoje,Brak danych
2944,"Nowoczesna kawalerka, Wrocław ul. Bierutowska",359 000 zł,Wrocław,Brak danych,"26,50 m² - 13547.17 zł/m²",1 pokój,Brak danych
2945,Mieszkanie do wprowadzenia | Rybnik | Parter,214 000 zł,Rybnik - 15 Lipca 2025,Brak danych,"39,79 m² - 5378.24 zł/m²",Brak danych,Parter
2946,Bezczynszowe mieszkanie-6 km od Koszalina!,259 000 zł,Koszalin,Brak danych,"47,50 m² - 5452.63 zł/m²",Brak danych,Brak danych
2947,"Mieszkanie (54,8 mkw.) Opalenica, os. Centrum",367 160 zł,Brak danych,Brak danych,"54,80 m² - 6700 zł/m²",Brak danych,Brak danych
2948,Gdańsk Mieszkanie 2 pokoje wykończone PRYWATNIE,545 000 zł,Gdańsk - 16 Lipca 2025,Brak danych,39 m² - 13974.36 zł/m²,2 pokoje,Brak danych
2949,3 pokojowe mieszkanie za Sterem ul. Gen. Maczka,649 000 zł,Szczecin,Brak danych,71 m² - 9140.85 zł/m²,3 pokoje,Brak danych
2950,"Kawalerka 38 m² za odstępne – Łódź Górna, okolice Placu Niepodległości",25 000 złdo negocjacji,Łódź,Brak danych,36 m² - 694.44 zł/m²,1 pokój,Brak danych
2951,M3 Mieszkanie 2 pokoje Sierakowskiego po remoncie Łódź,359 000 zł,Łódź,Brak danych,"38,30 m² - 9373.37 zł/m²",2 pokoje,Brak danych
2952,Mieszkanie z potencjałem w dzielnicy muzycznej,347 000 zł,Bydgoszcz - Dzisiaj O 14:10,Brak danych,"47,45 m² - 7312.96 zł/m²",Brak danych,Brak danych
2953,"Osiedle Leśne, 2 pokoje, I piętro",490 000 zł,Bydgoszcz - 16 Lipca 2025,Brak danych,"54,51 m² - 8989.18 zł/m²",2 pokoje,490 piętro
2954,BEZPOŚREDNIO 3-pokojowe mieszkanie z balkonem na os. Braniborskim,499 999 zł,Brak danych,Brak danych,"52,20 m² - 9578.52 zł/m²",Brak danych,Brak danych
2955,Mieszkanie 3-pokojowe gotowe do zamieszkania,399 000 zł,Starogard Gdański - 15 Lipca 2025,Brak danych,"48,90 m² - 8159.51 zł/m²",Brak danych,Brak danych
2956,2 pokoje z oddzielną kuchnią,550 000 zł,Warszawa,Brak danych,38 m² - 14473.68 zł/m²,2 pokoje,Brak danych
2957,2 Pokoje | Po remoncie | Dolina Trzech Stawów,439 000 zł,Katowice - Dzisiaj O 09:45,Brak danych,43 m² - 10209.3 zł/m²,2 pokoje,Brak danych
2958,"3 Pokoje, LSM, Po Generalnym Remoncie, ul. Pozytywistów, Widok n Wąwóz",529 000 zł,Lublin - Odświeżono Dzisiaj O 11:18,Brak danych,48 m² - 11020.83 zł/m²,3 pokoje,Brak danych
2959,"Lokal,na Dowolną Działalność i Mieszkać #ZDECYDOWANIE #sprzedam",1 443 990 złdo negocjacji,Szczecin,Brak danych,143 m² - 10097.83 zł/m²,Brak danych,Brak danych
2960,⭐Przytulne mieszkanie 2- pokojowe ⭐ możliwość zakupu GARAŻU ⭐,205 000 zł,Brak danych,Brak danych,"33,90 m² - 6047.2 zł/m²",Brak danych,Brak danych
2961,2 pok mieszkanie na Bemowie osiedle Young City,540 000 zł,Warszawa,Brak danych,30 m² - 18000 zł/m²,Brak danych,Brak danych
2962,Kawalerka 30 m² po remoncie | Możliwość 2 pokoi | Wysoki standard,299 000 zł,Brak danych,Brak danych,30 m² - 9966.67 zł/m²,2 pokoje,Brak danych
2963,Duża Kawalerka blisko Uniwersytetu Szczecińskiego,395 000 zł,Szczecin,Brak danych,"43,40 m² - 9101.38 zł/m²",1 pokój,Brak danych
2964,"Niebuszewo, Mieszkanie 51m2 piętro 1",299 000 zł,Szczecin,Brak danych,"51,22 m² - 5837.56 zł/m²",Brak danych,2 piętro
2965,Mieszkanie 3 pokojowe z balkonem i zielenią za oknem,376 000 zł,Brak danych,Brak danych,48 m² - 7833.33 zł/m²,3 pokoje,Brak danych
2966,"2 pokoje, klimatyczne mieszkanie na sprzedaż, winda! [REZERWACJA]",290 000 zł,Łódź,Brak danych,"38,30 m² - 7571.8 zł/m²",2 pokoje,Brak danych
2967,PRZESTRONNE Mieszkanie !! IDEALNE dla rodziny M3 ! Rzeszów Drabinianka,536 119 zł,Rzeszów - Odświeżono Dzisiaj O 09:34,Brak danych,"55,27 m² - 9700 zł/m²",Brak danych,Brak danych
2968,Piękne nowe mieszkanie w idealnej lokalizacji!,645 000 złdo negocjacji,Białystok,Brak danych,52 m² - 12403.85 zł/m²,Brak danych,Brak danych
2969,Okazja. Przestronne 3 pokoje + kuchnio-jadalnia + ... !,760 000 zł,Toruń - 14 Czerwca 2025,Brak danych,72 m² - 10555.56 zł/m²,3 pokoje,Brak danych
2970,"Kawalerka 28,3m2 z balkonem, do remontu, metro",375 000 zł,Warszawa,Brak danych,"28,30 m² - 13250.88 zł/m²",1 pokój,Brak danych
2971,Kawalerka z kuchnią | Górczyn | 32 m² | Widok z 8. piętra,260 000 zł,Gorzów Wielkopolski - Dzisiaj O 16:05,Brak danych,"32,40 m² - 8024.69 zł/m²",1 pokój,Brak danych
2972,"Mieszkanie 2-pokojowe, Zajezdnia Wrzeszcz, 47 m²",880 000 zł,Gdańsk,Brak danych,"47,22 m² - 18636.17 zł/m²",Brak danych,Brak danych
2973,Mieszkanie 3 pokojowe w starej kamienicy w Siemianowicach Śląskich,185 000 zł,Brak danych,Brak danych,87 m² - 2126.44 zł/m²,3 pokoje,Brak danych
2974,Pilnie#2-pokoje# Metro # okazja#,530 000 zł,Warszawa,Brak danych,"37,54 m² - 14118.27 zł/m²",Brak danych,Brak danych
2975,Kawalerka po generalnym remoncie z pięknymi zachodami!,499 000 zł,Warszawa,Brak danych,"30,40 m² - 16414.47 zł/m²",1 pokój,Brak danych
2976,Funkcjonalne 2 pokoje z oddzielną kuchnią blisko centrum,369 000 zł,Białystok,Brak danych,"48,40 m² - 7623.97 zł/m²",2 pokoje,Brak danych
2977,"Nowoczesna kawalerka, Wrocław ul. Bierutowska",359 000 zł,Wrocław,Brak danych,"26,50 m² - 13547.17 zł/m²",1 pokój,Brak danych
2978,"Nowe Wykończone 2 pokoje 43,4m2 + ogródek 55m2, brak PCC, Właściciel.",859 000 zł,Kraków,Brak danych,"43,40 m² - 19792.63 zł/m²",2 pokoje,Brak danych
2979,"Gotowiec inwestycyjny, urocza kawalerka 26,85 m2, ul. Bierutowska",359 000 zł,Wrocław,Brak danych,"26,85 m² - 13370.58 zł/m²",1 pokój,Brak danych
2980,⭐Odbierz duży Rabat- 2 pokoje + Hala Garażowa⭐ Umów się na dni Otwarte,618 900 zł,Warszawa - Dzisiaj O 14:14,Brak danych,"41,15 m² - 15040.1 zł/m²",2 pokoje,Brak danych
2981,Mieszkanie do wprowadzenia | Rybnik | Parter,214 000 zł,Rybnik - 15 Lipca 2025,Brak danych,"39,79 m² - 5378.24 zł/m²",Brak danych,Parter
2982,Bezczynszowe mieszkanie-6 km od Koszalina!,259 000 zł,Koszalin,Brak danych,"47,50 m² - 5452.63 zł/m²",Brak danych,Brak danych
2983,"Mieszkanie (54,8 mkw.) Opalenica, os. Centrum",367 160 zł,Brak danych,Brak danych,"54,80 m² - 6700 zł/m²",Brak danych,Brak danych
2984,Gdańsk Mieszkanie 2 pokoje wykończone PRYWATNIE,545 000 zł,Gdańsk - 16 Lipca 2025,Brak danych,39 m² - 13974.36 zł/m²,2 pokoje,Brak danych
2985,3 pokojowe mieszkanie za Sterem ul. Gen. Maczka,649 000 zł,Szczecin,Brak danych,71 m² - 9140.85 zł/m²,3 pokoje,Brak danych
2986,Blisko Centrum idealne na Inwestycję lub jako pierwsze mieszkanie,410 000 złdo negocjacji,Kraków,Brak danych,23 m² - 17826.09 zł/m²,Brak danych,Brak danych
2987,"Kawalerka 38 m² za odstępne – Łódź Górna, okolice Placu Niepodległości",25 000 złdo negocjacji,Łódź,Brak danych,36 m² - 694.44 zł/m²,1 pokój,Brak danych
2988,M3 Mieszkanie 2 pokoje Sierakowskiego po remoncie Łódź,359 000 zł,Łódź,Brak danych,"38,30 m² - 9373.37 zł/m²",2 pokoje,Brak danych
2989,Mieszkanie z potencjałem w dzielnicy muzycznej,347 000 zł,Bydgoszcz - Dzisiaj O 14:10,Brak danych,"47,45 m² - 7312.96 zł/m²",Brak danych,Brak danych
2990,"Osiedle Leśne, 2 pokoje, I piętro",490 000 zł,Bydgoszcz - 16 Lipca 2025,Brak danych,"54,51 m² - 8989.18 zł/m²",2 pokoje,490 piętro
2991,BEZPOŚREDNIO 3-pokojowe mieszkanie z balkonem na os. Braniborskim,499 999 zł,Brak danych,Brak danych,"52,20 m² - 9578.52 zł/m²",Brak danych,Brak danych
2992,Mieszkanie 3-pokojowe gotowe do zamieszkania,399 000 zł,Starogard Gdański - 15 Lipca 2025,Brak danych,"48,90 m² - 8159.51 zł/m²",Brak danych,Brak danych
2993,2 pokoje z oddzielną kuchnią,550 000 zł,Warszawa,Brak danych,38 m² - 14473.68 zł/m²,2 pokoje,Brak danych
2994,2 Pokoje | Po remoncie | Dolina Trzech Stawów,439 000 zł,Katowice - Dzisiaj O 09:45,Brak danych,43 m² - 10209.3 zł/m²,2 pokoje,Brak danych
2995,"3 Pokoje, LSM, Po Generalnym Remoncie, ul. Pozytywistów, Widok n Wąwóz",529 000 zł,Lublin - Odświeżono Dzisiaj O 11:18,Brak danych,48 m² - 11020.83 zł/m²,3 pokoje,Brak danych
2996,"Lokal,na Dowolną Działalność i Mieszkać #ZDECYDOWANIE #sprzedam",1 443 990 złdo negocjacji,Szczecin,Brak danych,143 m² - 10097.83 zł/m²,Brak danych,Brak danych
2997,⭐Przytulne mieszkanie 2- pokojowe ⭐ możliwość zakupu GARAŻU ⭐,205 000 zł,Brak danych,Brak danych,"33,90 m² - 6047.2 zł/m²",Brak danych,Brak danych
2998,2 pok mieszkanie na Bemowie osiedle Young City,540 000 zł,Warszawa,Brak danych,30 m² - 18000 zł/m²,Brak danych,Brak danych
2999,Kawalerka 30 m² po remoncie | Możliwość 2 pokoi | Wysoki standard,299 000 zł,Brak danych,Brak danych,30 m² - 9966.67 zł/m²,2 pokoje,Brak danych
3000,Duża Kawalerka blisko Uniwersytetu Szczecińskiego,395 000 zł,Szczecin,Brak danych,"43,40 m² - 9101.38 zł/m²",1 pokój,Brak danych
3001,"Niebuszewo, Mieszkanie 51m2 piętro 1",299 000 zł,Szczecin,Brak danych,"51,22 m² - 5837.56 zł/m²",Brak danych,2 piętro
3002,Mieszkanie 3 pokojowe z balkonem i zielenią za oknem,376 000 zł,Brak danych,Brak danych,48 m² - 7833.33 zł/m²,3 pokoje,Brak danych
3003,"2 pokoje, klimatyczne mieszkanie na sprzedaż, winda! [REZERWACJA]",290 000 zł,Łódź,Brak danych,"38,30 m² - 7571.8 zł/m²",2 pokoje,Brak danych
3004,PRZESTRONNE Mieszkanie !! IDEALNE dla rodziny M3 ! Rzeszów Drabinianka,536 119 zł,Rzeszów - Odświeżono Dzisiaj O 09:34,Brak danych,"55,27 m² - 9700 zł/m²",Brak danych,Brak danych
3005,Piękne nowe mieszkanie w idealnej lokalizacji!,645 000 złdo negocjacji,Białystok,Brak danych,52 m² - 12403.85 zł/m²,Brak danych,Brak danych
3006,Okazja. Przestronne 3 pokoje + kuchnio-jadalnia + ... !,760 000 zł,Toruń - 14 Czerwca 2025,Brak danych,72 m² - 10555.56 zł/m²,3 pokoje,Brak danych
3007,"Kawalerka 28,3m2 z balkonem, do remontu, metro",375 000 zł,Warszawa,Brak danych,"28,30 m² - 13250.88 zł/m²",1 pokój,Brak danych
3008,Kawalerka z kuchnią | Górczyn | 32 m² | Widok z 8. piętra,260 000 zł,Gorzów Wielkopolski - Dzisiaj O 16:05,Brak danych,"32,40 m² - 8024.69 zł/m²",1 pokój,Brak danych
3009,"Mieszkanie 2-pokojowe, Zajezdnia Wrzeszcz, 47 m²",880 000 zł,Gdańsk,Brak danych,"47,22 m² - 18636.17 zł/m²",Brak danych,Brak danych
3010,Mieszkanie 3 pokojowe w starej kamienicy w Siemianowicach Śląskich,185 000 zł,Brak danych,Brak danych,87 m² - 2126.44 zł/m²,3 pokoje,Brak danych
3011,Pilnie#2-pokoje# Metro # okazja#,530 000 zł,Warszawa,Brak danych,"37,54 m² - 14118.27 zł/m²",Brak danych,Brak danych
3012,Kawalerka po generalnym remoncie z pięknymi zachodami!,499 000 zł,Warszawa,Brak danych,"30,40 m² - 16414.47 zł/m²",1 pokój,Brak danych
3013,Funkcjonalne 2 pokoje z oddzielną kuchnią blisko centrum,369 000 zł,Białystok,Brak danych,"48,40 m² - 7623.97 zł/m²",2 pokoje,Brak danych
3014,"Nowoczesna kawalerka, Wrocław ul. Bierutowska",359 000 zł,Wrocław,Brak danych,"26,50 m² - 13547.17 zł/m²",1 pokój,Brak danych
3015,"Nowe Wykończone 2 pokoje 43,4m2 + ogródek 55m2, brak PCC, Właściciel.",859 000 zł,Kraków,Brak danych,"43,40 m² - 19792.63 zł/m²",2 pokoje,Brak danych
3016,"Gotowiec inwestycyjny, urocza kawalerka 26,85 m2, ul. Bierutowska",359 000 zł,Wrocław,Brak danych,"26,85 m² - 13370.58 zł/m²",1 pokój,Brak danych
3017,⭐Odbierz duży Rabat- 2 pokoje + Hala Garażowa⭐ Umów się na dni Otwarte,618 900 zł,Warszawa - Dzisiaj O 14:14,Brak danych,"41,15 m² - 15040.1 zł/m²",2 pokoje,Brak danych
3018,Mieszkanie do wprowadzenia | Rybnik | Parter,214 000 zł,Rybnik - 15 Lipca 2025,Brak danych,"39,79 m² - 5378.24 zł/m²",Brak danych,Parter
3019,Bezczynszowe mieszkanie-6 km od Koszalina!,259 000 zł,Koszalin,Brak danych,"47,50 m² - 5452.63 zł/m²",Brak danych,Brak danych
3020,"Mieszkanie (54,8 mkw.) Opalenica, os. Centrum",367 160 zł,Brak danych,Brak danych,"54,80 m² - 6700 zł/m²",Brak danych,Brak danych
3021,Gdańsk Mieszkanie 2 pokoje wykończone PRYWATNIE,545 000 zł,Gdańsk - 16 Lipca 2025,Brak danych,39 m² - 13974.36 zł/m²,2 pokoje,Brak danych
3022,3 pokojowe mieszkanie za Sterem ul. Gen. Maczka,649 000 zł,Szczecin,Brak danych,71 m² - 9140.85 zł/m²,3 pokoje,Brak danych
3023,Blisko Centrum idealne na Inwestycję lub jako pierwsze mieszkanie,410 000 złdo negocjacji,Kraków,Brak danych,23 m² - 17826.09 zł/m²,Brak danych,Brak danych
3024,"3 Pokoje, LSM, Po Generalnym Remoncie, ul. Pozytywistów, Widok n Wąwóz",529 000 zł,Lublin - Odświeżono Dzisiaj O 11:18,Brak danych,48 m² - 11020.83 zł/m²,3 pokoje,Brak danych
3025,Mieszkanie z potencjałem w dzielnicy muzycznej,347 000 zł,Bydgoszcz - Dzisiaj O 14:10,Brak danych,"47,45 m² - 7312.96 zł/m²",Brak danych,Brak danych
3026,"Osiedle Leśne, 2 pokoje, I piętro",490 000 zł,Bydgoszcz - 16 Lipca 2025,Brak danych,"54,51 m² - 8989.18 zł/m²",2 pokoje,490 piętro
3027,BEZPOŚREDNIO 3-pokojowe mieszkanie z balkonem na os. Braniborskim,499 999 zł,Brak danych,Brak danych,"52,20 m² - 9578.52 zł/m²",Brak danych,Brak danych
3028,Mieszkanie 3-pokojowe gotowe do zamieszkania,399 000 zł,Starogard Gdański - 15 Lipca 2025,Brak danych,"48,90 m² - 8159.51 zł/m²",Brak danych,Brak danych
3029,2 pokoje z oddzielną kuchnią,550 000 zł,Warszawa,Brak danych,38 m² - 14473.68 zł/m²,2 pokoje,Brak danych
3030,2 Pokoje | Po remoncie | Dolina Trzech Stawów,439 000 zł,Katowice - Dzisiaj O 09:45,Brak danych,43 m² - 10209.3 zł/m²,2 pokoje,Brak danych
3031,"Lokal,na Dowolną Działalność i Mieszkać #ZDECYDOWANIE #sprzedam",1 443 990 złdo negocjacji,Szczecin,Brak danych,143 m² - 10097.83 zł/m²,Brak danych,Brak danych
3032,⭐Przytulne mieszkanie 2- pokojowe ⭐ możliwość zakupu GARAŻU ⭐,205 000 zł,Brak danych,Brak danych,"33,90 m² - 6047.2 zł/m²",Brak danych,Brak danych
3033,2 pok mieszkanie na Bemowie osiedle Young City,540 000 zł,Warszawa,Brak danych,30 m² - 18000 zł/m²,Brak danych,Brak danych
3034,Kawalerka 30 m² po remoncie | Możliwość 2 pokoi | Wysoki standard,299 000 zł,Brak danych,Brak danych,30 m² - 9966.67 zł/m²,2 pokoje,Brak danych
3035,Duża Kawalerka blisko Uniwersytetu Szczecińskiego,395 000 zł,Szczecin,Brak danych,"43,40 m² - 9101.38 zł/m²",1 pokój,Brak danych
3036,"Niebuszewo, Mieszkanie 51m2 piętro 1",299 000 zł,Szczecin,Brak danych,"51,22 m² - 5837.56 zł/m²",Brak danych,2 piętro
3037,Mieszkanie 3 pokojowe z balkonem i zielenią za oknem,376 000 zł,Brak danych,Brak danych,48 m² - 7833.33 zł/m²,3 pokoje,Brak danych
3038,"2 pokoje, klimatyczne mieszkanie na sprzedaż, winda! [REZERWACJA]",290 000 zł,Łódź,Brak danych,"38,30 m² - 7571.8 zł/m²",2 pokoje,Brak danych
3039,Piękne nowe mieszkanie w idealnej lokalizacji!,645 000 złdo negocjacji,Białystok,Brak danych,52 m² - 12403.85 zł/m²,Brak danych,Brak danych
3040,Okazja. Przestronne 3 pokoje + kuchnio-jadalnia + ... !,760 000 zł,Toruń - 14 Czerwca 2025,Brak danych,72 m² - 10555.56 zł/m²,3 pokoje,Brak danych
3041,"Kawalerka 28,3m2 z balkonem, do remontu, metro",375 000 zł,Warszawa,Brak danych,"28,30 m² - 13250.88 zł/m²",1 pokój,Brak danych
3042,Kawalerka z kuchnią | Górczyn | 32 m² | Widok z 8. piętra,260 000 zł,Gorzów Wielkopolski - Dzisiaj O 16:05,Brak danych,"32,40 m² - 8024.69 zł/m²",1 pokój,Brak danych
3043,"Mieszkanie 2-pokojowe, Zajezdnia Wrzeszcz, 47 m²",880 000 zł,Gdańsk,Brak danych,"47,22 m² - 18636.17 zł/m²",Brak danych,Brak danych
3044,Mieszkanie 3 pokojowe w starej kamienicy w Siemianowicach Śląskich,185 000 zł,Brak danych,Brak danych,87 m² - 2126.44 zł/m²,3 pokoje,Brak danych
3045,Pilnie#2-pokoje# Metro # okazja#,530 000 zł,Warszawa,Brak danych,"37,54 m² - 14118.27 zł/m²",Brak danych,Brak danych
3046,Kawalerka po generalnym remoncie z pięknymi zachodami!,499 000 zł,Warszawa,Brak danych,"30,40 m² - 16414.47 zł/m²",1 pokój,Brak danych
3047,Funkcjonalne 2 pokoje z oddzielną kuchnią blisko centrum,369 000 zł,Białystok,Brak danych,"48,40 m² - 7623.97 zł/m²",2 pokoje,Brak danych
3048,"Nowoczesna kawalerka, Wrocław ul. Bierutowska",359 000 zł,Wrocław,Brak danych,"26,50 m² - 13547.17 zł/m²",1 pokój,Brak danych
3049,"Nowe Wykończone 2 pokoje 43,4m2 + ogródek 55m2, brak PCC, Właściciel.",859 000 zł,Kraków,Brak danych,"43,40 m² - 19792.63 zł/m²",2 pokoje,Brak danych
3050,Sprzedam mieszkanie 3-pokojowe,650 000 zł,Opole - 16 Lipca 2025,Brak danych,"61,68 m² - 10538.26 zł/m²",Brak danych,Brak danych
3051,Mieszkanie do wprowadzenia | Rybnik | Parter,214 000 zł,Rybnik - 15 Lipca 2025,Brak danych,"39,79 m² - 5378.24 zł/m²",Brak danych,Parter
3052,Bezczynszowe mieszkanie-6 km od Koszalina!,259 000 zł,Koszalin,Brak danych,"47,50 m² - 5452.63 zł/m²",Brak danych,Brak danych
3053,"Mieszkanie (54,8 mkw.) Opalenica, os. Centrum",367 160 zł,Brak danych,Brak danych,"54,80 m² - 6700 zł/m²",Brak danych,Brak danych
3054,Gdańsk Mieszkanie 2 pokoje wykończone PRYWATNIE,545 000 zł,Gdańsk - 16 Lipca 2025,Brak danych,39 m² - 13974.36 zł/m²,2 pokoje,Brak danych
3055,3 pokojowe mieszkanie za Sterem ul. Gen. Maczka,649 000 zł,Szczecin,Brak danych,71 m² - 9140.85 zł/m²,3 pokoje,Brak danych
3056,Blisko Centrum idealne na Inwestycję lub jako pierwsze mieszkanie,410 000 złdo negocjacji,Kraków,Brak danych,23 m² - 17826.09 zł/m²,Brak danych,Brak danych
3057,"Kawalerka 38 m² za odstępne – Łódź Górna, okolice Placu Niepodległości",25 000 złdo negocjacji,Łódź,Brak danych,36 m² - 694.44 zł/m²,1 pokój,Brak danych
3058,M3 Mieszkanie 2 pokoje Sierakowskiego po remoncie Łódź,359 000 zł,Łódź,Brak danych,"38,30 m² - 9373.37 zł/m²",2 pokoje,Brak danych
3059,Mieszkanie z potencjałem w dzielnicy muzycznej,347 000 zł,Bydgoszcz - Dzisiaj O 14:10,Brak danych,"47,45 m² - 7312.96 zł/m²",Brak danych,Brak danych
3060,"Osiedle Leśne, 2 pokoje, I piętro",490 000 zł,Bydgoszcz - 16 Lipca 2025,Brak danych,"54,51 m² - 8989.18 zł/m²",2 pokoje,490 piętro
3061,BEZPOŚREDNIO 3-pokojowe mieszkanie z balkonem na os. Braniborskim,499 999 zł,Brak danych,Brak danych,"52,20 m² - 9578.52 zł/m²",Brak danych,Brak danych
3062,Mieszkanie 3-pokojowe gotowe do zamieszkania,399 000 zł,Starogard Gdański - 15 Lipca 2025,Brak danych,"48,90 m² - 8159.51 zł/m²",Brak danych,Brak danych
3063,2 pokoje z oddzielną kuchnią,550 000 zł,Warszawa,Brak danych,38 m² - 14473.68 zł/m²,2 pokoje,Brak danych
3064,2 Pokoje | Po remoncie | Dolina Trzech Stawów,439 000 zł,Katowice - Dzisiaj O 09:45,Brak danych,43 m² - 10209.3 zł/m²,2 pokoje,Brak danych
3065,"3 Pokoje, LSM, Po Generalnym Remoncie, ul. Pozytywistów, Widok n Wąwóz",529 000 zł,Lublin - Odświeżono Dzisiaj O 11:18,Brak danych,48 m² - 11020.83 zł/m²,3 pokoje,Brak danych
3066,"Lokal,na Dowolną Działalność i Mieszkać #ZDECYDOWANIE #sprzedam",1 443 990 złdo negocjacji,Szczecin,Brak danych,143 m² - 10097.83 zł/m²,Brak danych,Brak danych
3067,⭐Przytulne mieszkanie 2- pokojowe ⭐ możliwość zakupu GARAŻU ⭐,205 000 zł,Brak danych,Brak danych,"33,90 m² - 6047.2 zł/m²",Brak danych,Brak danych
3068,2 pok mieszkanie na Bemowie osiedle Young City,540 000 zł,Warszawa,Brak danych,30 m² - 18000 zł/m²,Brak danych,Brak danych
3069,Kawalerka 30 m² po remoncie | Możliwość 2 pokoi | Wysoki standard,299 000 zł,Brak danych,Brak danych,30 m² - 9966.67 zł/m²,2 pokoje,Brak danych
3070,Duża Kawalerka blisko Uniwersytetu Szczecińskiego,395 000 zł,Szczecin,Brak danych,"43,40 m² - 9101.38 zł/m²",1 pokój,Brak danych
3071,"Niebuszewo, Mieszkanie 51m2 piętro 1",299 000 zł,Szczecin,Brak danych,"51,22 m² - 5837.56 zł/m²",Brak danych,2 piętro
3072,Mieszkanie 3 pokojowe z balkonem i zielenią za oknem,376 000 zł,Brak danych,Brak danych,48 m² - 7833.33 zł/m²,3 pokoje,Brak danych
3073,"2 pokoje, klimatyczne mieszkanie na sprzedaż, winda! [REZERWACJA]",290 000 zł,Łódź,Brak danych,"38,30 m² - 7571.8 zł/m²",2 pokoje,Brak danych
3074,"Kawalerka 28,3m2 z balkonem, do remontu, metro",375 000 zł,Warszawa,Brak danych,"28,30 m² - 13250.88 zł/m²",1 pokój,Brak danych
3075,Piękne nowe mieszkanie w idealnej lokalizacji!,645 000 złdo negocjacji,Białystok,Brak danych,52 m² - 12403.85 zł/m²,Brak danych,Brak danych
3076,Okazja. Przestronne 3 pokoje + kuchnio-jadalnia + ... !,760 000 zł,Toruń - 14 Czerwca 2025,Brak danych,72 m² - 10555.56 zł/m²,3 pokoje,Brak danych
3077,Kawalerka z kuchnią | Górczyn | 32 m² | Widok z 8. piętra,260 000 zł,Gorzów Wielkopolski - Dzisiaj O 16:05,Brak danych,"32,40 m² - 8024.69 zł/m²",1 pokój,Brak danych
3078,"Mieszkanie 2-pokojowe, Zajezdnia Wrzeszcz, 47 m²",880 000 zł,Gdańsk,Brak danych,"47,22 m² - 18636.17 zł/m²",Brak danych,Brak danych
3079,Mieszkanie 3 pokojowe w starej kamienicy w Siemianowicach Śląskich,185 000 zł,Brak danych,Brak danych,87 m² - 2126.44 zł/m²,3 pokoje,Brak danych
3080,Pilnie#2-pokoje# Metro # okazja#,530 000 zł,Warszawa,Brak danych,"37,54 m² - 14118.27 zł/m²",Brak danych,Brak danych
3081,Kawalerka po generalnym remoncie z pięknymi zachodami!,499 000 zł,Warszawa,Brak danych,"30,40 m² - 16414.47 zł/m²",1 pokój,Brak danych
3082,Funkcjonalne 2 pokoje z oddzielną kuchnią blisko centrum,369 000 zł,Białystok,Brak danych,"48,40 m² - 7623.97 zł/m²",2 pokoje,Brak danych
3083,"Nowoczesna kawalerka, Wrocław ul. Bierutowska",359 000 zł,Wrocław,Brak danych,"26,50 m² - 13547.17 zł/m²",1 pokój,Brak danych
3084,"Nowe Wykończone 2 pokoje 43,4m2 + ogródek 55m2, brak PCC, Właściciel.",859 000 zł,Kraków,Brak danych,"43,40 m² - 19792.63 zł/m²",2 pokoje,Brak danych
3085,"Gotowiec inwestycyjny, urocza kawalerka 26,85 m2, ul. Bierutowska",359 000 zł,Wrocław,Brak danych,"26,85 m² - 13370.58 zł/m²",1 pokój,Brak danych
3086,Sprzedam mieszkanie 3-pokojowe,650 000 zł,Opole - 16 Lipca 2025,Brak danych,"61,68 m² - 10538.26 zł/m²",Brak danych,Brak danych
3087,Mieszkanie do wprowadzenia | Rybnik | Parter,214 000 zł,Rybnik - 15 Lipca 2025,Brak danych,"39,79 m² - 5378.24 zł/m²",Brak danych,Parter
3088,Bezczynszowe mieszkanie-6 km od Koszalina!,259 000 zł,Koszalin,Brak danych,"47,50 m² - 5452.63 zł/m²",Brak danych,Brak danych
3089,"Mieszkanie (54,8 mkw.) Opalenica, os. Centrum",367 160 zł,Brak danych,Brak danych,"54,80 m² - 6700 zł/m²",Brak danych,Brak danych
3090,Gdańsk Mieszkanie 2 pokoje wykończone PRYWATNIE,545 000 zł,Gdańsk - 16 Lipca 2025,Brak danych,39 m² - 13974.36 zł/m²,2 pokoje,Brak danych
3091,3 pokojowe mieszkanie za Sterem ul. Gen. Maczka,649 000 zł,Szczecin,Brak danych,71 m² - 9140.85 zł/m²,3 pokoje,Brak danych
3092,Blisko Centrum idealne na Inwestycję lub jako pierwsze mieszkanie,410 000 złdo negocjacji,Kraków,Brak danych,23 m² - 17826.09 zł/m²,Brak danych,Brak danych
3093,"Kawalerka 38 m² za odstępne – Łódź Górna, okolice Placu Niepodległości",25 000 złdo negocjacji,Łódź,Brak danych,36 m² - 694.44 zł/m²,1 pokój,Brak danych
3094,M3 Mieszkanie 2 pokoje Sierakowskiego po remoncie Łódź,359 000 zł,Łódź,Brak danych,"38,30 m² - 9373.37 zł/m²",2 pokoje,Brak danych
3095,Mieszkanie z potencjałem w dzielnicy muzycznej,347 000 zł,Bydgoszcz - Dzisiaj O 14:10,Brak danych,"47,45 m² - 7312.96 zł/m²",Brak danych,Brak danych
3096,"Osiedle Leśne, 2 pokoje, I piętro",490 000 zł,Bydgoszcz - 16 Lipca 2025,Brak danych,"54,51 m² - 8989.18 zł/m²",2 pokoje,490 piętro
3097,BEZPOŚREDNIO 3-pokojowe mieszkanie z balkonem na os. Braniborskim,499 999 zł,Brak danych,Brak danych,"52,20 m² - 9578.52 zł/m²",Brak danych,Brak danych
3098,Mieszkanie 3-pokojowe gotowe do zamieszkania,399 000 zł,Starogard Gdański - 15 Lipca 2025,Brak danych,"48,90 m² - 8159.51 zł/m²",Brak danych,Brak danych
3099,2 pokoje z oddzielną kuchnią,550 000 zł,Warszawa,Brak danych,38 m² - 14473.68 zł/m²,2 pokoje,Brak danych
3100,2 Pokoje | Po remoncie | Dolina Trzech Stawów,439 000 zł,Katowice - Dzisiaj O 09:45,Brak danych,43 m² - 10209.3 zł/m²,2 pokoje,Brak danych
3101,"3 Pokoje, LSM, Po Generalnym Remoncie, ul. Pozytywistów, Widok n Wąwóz",529 000 zł,Lublin - Odświeżono Dzisiaj O 11:18,Brak danych,48 m² - 11020.83 zł/m²,3 pokoje,Brak danych
3102,"Lokal,na Dowolną Działalność i Mieszkać #ZDECYDOWANIE #sprzedam",1 443 990 złdo negocjacji,Szczecin,Brak danych,143 m² - 10097.83 zł/m²,Brak danych,Brak danych
3103,⭐Przytulne mieszkanie 2- pokojowe ⭐ możliwość zakupu GARAŻU ⭐,205 000 zł,Brak danych,Brak danych,"33,90 m² - 6047.2 zł/m²",Brak danych,Brak danych
3104,2 pok mieszkanie na Bemowie osiedle Young City,540 000 zł,Warszawa,Brak danych,30 m² - 18000 zł/m²,Brak danych,Brak danych
3105,Kawalerka 30 m² po remoncie | Możliwość 2 pokoi | Wysoki standard,299 000 zł,Brak danych,Brak danych,30 m² - 9966.67 zł/m²,2 pokoje,Brak danych
3106,Duża Kawalerka blisko Uniwersytetu Szczecińskiego,395 000 zł,Szczecin,Brak danych,"43,40 m² - 9101.38 zł/m²",1 pokój,Brak danych
3107,"Niebuszewo, Mieszkanie 51m2 piętro 1",299 000 zł,Szczecin,Brak danych,"51,22 m² - 5837.56 zł/m²",Brak danych,2 piętro
3108,Mieszkanie 3 pokojowe z balkonem i zielenią za oknem,376 000 zł,Brak danych,Brak danych,48 m² - 7833.33 zł/m²,3 pokoje,Brak danych
3109,"2 pokoje, klimatyczne mieszkanie na sprzedaż, winda! [REZERWACJA]",290 000 zł,Łódź,Brak danych,"38,30 m² - 7571.8 zł/m²",2 pokoje,Brak danych
3110,"Kawalerka 28,3m2 z balkonem, do remontu, metro",375 000 zł,Warszawa,Brak danych,"28,30 m² - 13250.88 zł/m²",1 pokój,Brak danych
3111,Piękne nowe mieszkanie w idealnej lokalizacji!,645 000 złdo negocjacji,Białystok,Brak danych,52 m² - 12403.85 zł/m²,Brak danych,Brak danych
3112,Okazja. Przestronne 3 pokoje + kuchnio-jadalnia + ... !,760 000 zł,Toruń - 14 Czerwca 2025,Brak danych,72 m² - 10555.56 zł/m²,3 pokoje,Brak danych
3113,Kawalerka z kuchnią | Górczyn | 32 m² | Widok z 8. piętra,260 000 zł,Gorzów Wielkopolski - Dzisiaj O 16:05,Brak danych,"32,40 m² - 8024.69 zł/m²",1 pokój,Brak danych
3114,"Mieszkanie 2-pokojowe, Zajezdnia Wrzeszcz, 47 m²",880 000 zł,Gdańsk,Brak danych,"47,22 m² - 18636.17 zł/m²",Brak danych,Brak danych
3115,Mieszkanie 3 pokojowe w starej kamienicy w Siemianowicach Śląskich,185 000 zł,Brak danych,Brak danych,87 m² - 2126.44 zł/m²,3 pokoje,Brak danych
3116,Pilnie#2-pokoje# Metro # okazja#,530 000 zł,Warszawa,Brak danych,"37,54 m² - 14118.27 zł/m²",Brak danych,Brak danych
3117,Kawalerka po generalnym remoncie z pięknymi zachodami!,499 000 zł,Warszawa,Brak danych,"30,40 m² - 16414.47 zł/m²",1 pokój,Brak danych
3118,Funkcjonalne 2 pokoje z oddzielną kuchnią blisko centrum,369 000 zł,Białystok,Brak danych,"48,40 m² - 7623.97 zł/m²",2 pokoje,Brak danych
3119,"Nowoczesna kawalerka, Wrocław ul. Bierutowska",359 000 zł,Wrocław,Brak danych,"26,50 m² - 13547.17 zł/m²",1 pokój,Brak danych
3120,"Nowe Wykończone 2 pokoje 43,4m2 + ogródek 55m2, brak PCC, Właściciel.",859 000 zł,Kraków,Brak danych,"43,40 m² - 19792.63 zł/m²",2 pokoje,Brak danych
3121,"Gotowiec inwestycyjny, urocza kawalerka 26,85 m2, ul. Bierutowska",359 000 zł,Wrocław,Brak danych,"26,85 m² - 13370.58 zł/m²",1 pokój,Brak danych
3122,Sprzedam mieszkanie 3-pokojowe,650 000 zł,Opole - 16 Lipca 2025,Brak danych,"61,68 m² - 10538.26 zł/m²",Brak danych,Brak danych
3123,Mieszkanie do wprowadzenia | Rybnik | Parter,214 000 zł,Rybnik - 15 Lipca 2025,Brak danych,"39,79 m² - 5378.24 zł/m²",Brak danych,Parter
3124,Bezczynszowe mieszkanie-6 km od Koszalina!,259 000 zł,Koszalin,Brak danych,"47,50 m² - 5452.63 zł/m²",Brak danych,Brak danych
3125,"Mieszkanie (54,8 mkw.) Opalenica, os. Centrum",367 160 zł,Brak danych,Brak danych,"54,80 m² - 6700 zł/m²",Brak danych,Brak danych
3126,Gdańsk Mieszkanie 2 pokoje wykończone PRYWATNIE,545 000 zł,Gdańsk - 16 Lipca 2025,Brak danych,39 m² - 13974.36 zł/m²,2 pokoje,Brak danych
3127,3 pokojowe mieszkanie za Sterem ul. Gen. Maczka,649 000 zł,Szczecin,Brak danych,71 m² - 9140.85 zł/m²,3 pokoje,Brak danych
3128,Blisko Centrum idealne na Inwestycję lub jako pierwsze mieszkanie,410 000 złdo negocjacji,Kraków,Brak danych,23 m² - 17826.09 zł/m²,Brak danych,Brak danych
3129,"Kawalerka 38 m² za odstępne – Łódź Górna, okolice Placu Niepodległości",25 000 złdo negocjacji,Łódź,Brak danych,36 m² - 694.44 zł/m²,1 pokój,Brak danych
3130,M3 Mieszkanie 2 pokoje Sierakowskiego po remoncie Łódź,359 000 zł,Łódź,Brak danych,"38,30 m² - 9373.37 zł/m²",2 pokoje,Brak danych
3131,Mieszkanie z potencjałem w dzielnicy muzycznej,347 000 zł,Bydgoszcz - Dzisiaj O 14:10,Brak danych,"47,45 m² - 7312.96 zł/m²",Brak danych,Brak danych
3132,"Osiedle Leśne, 2 pokoje, I piętro",490 000 zł,Bydgoszcz - 16 Lipca 2025,Brak danych,"54,51 m² - 8989.18 zł/m²",2 pokoje,490 piętro
3133,BEZPOŚREDNIO 3-pokojowe mieszkanie z balkonem na os. Braniborskim,499 999 zł,Brak danych,Brak danych,"52,20 m² - 9578.52 zł/m²",Brak danych,Brak danych
3134,Mieszkanie 3-pokojowe gotowe do zamieszkania,399 000 zł,Starogard Gdański - 15 Lipca 2025,Brak danych,"48,90 m² - 8159.51 zł/m²",Brak danych,Brak danych
3135,2 pokoje z oddzielną kuchnią,550 000 zł,Warszawa,Brak danych,38 m² - 14473.68 zł/m²,2 pokoje,Brak danych
3136,2 Pokoje | Po remoncie | Dolina Trzech Stawów,439 000 zł,Katowice - Dzisiaj O 09:45,Brak danych,43 m² - 10209.3 zł/m²,2 pokoje,Brak danych
3137,"3 Pokoje, LSM, Po Generalnym Remoncie, ul. Pozytywistów, Widok n Wąwóz",529 000 zł,Lublin - Odświeżono Dzisiaj O 11:18,Brak danych,48 m² - 11020.83 zł/m²,3 pokoje,Brak danych
3138,"Lokal,na Dowolną Działalność i Mieszkać #ZDECYDOWANIE #sprzedam",1 443 990 złdo negocjacji,Szczecin,Brak danych,143 m² - 10097.83 zł/m²,Brak danych,Brak danych
3139,⭐Przytulne mieszkanie 2- pokojowe ⭐ możliwość zakupu GARAŻU ⭐,205 000 zł,Brak danych,Brak danych,"33,90 m² - 6047.2 zł/m²",Brak danych,Brak danych
3140,2 pok mieszkanie na Bemowie osiedle Young City,540 000 zł,Warszawa,Brak danych,30 m² - 18000 zł/m²,Brak danych,Brak danych
3141,Kawalerka 30 m² po remoncie | Możliwość 2 pokoi | Wysoki standard,299 000 zł,Brak danych,Brak danych,30 m² - 9966.67 zł/m²,2 pokoje,Brak danych
3142,Duża Kawalerka blisko Uniwersytetu Szczecińskiego,395 000 zł,Szczecin,Brak danych,"43,40 m² - 9101.38 zł/m²",1 pokój,Brak danych
3143,"Niebuszewo, Mieszkanie 51m2 piętro 1",299 000 zł,Szczecin,Brak danych,"51,22 m² - 5837.56 zł/m²",Brak danych,2 piętro
3144,Mieszkanie 3 pokojowe z balkonem i zielenią za oknem,376 000 zł,Brak danych,Brak danych,48 m² - 7833.33 zł/m²,3 pokoje,Brak danych
3145,"2 pokoje, klimatyczne mieszkanie na sprzedaż, winda! [REZERWACJA]",290 000 zł,Łódź,Brak danych,"38,30 m² - 7571.8 zł/m²",2 pokoje,Brak danych
3146,"Kawalerka 28,3m2 z balkonem, do remontu, metro",375 000 zł,Warszawa,Brak danych,"28,30 m² - 13250.88 zł/m²",1 pokój,Brak danych
3147,PRZESTRONNE Mieszkanie !! IDEALNE dla rodziny M3 ! Rzeszów Drabinianka,536 119 zł,Rzeszów - Odświeżono Dzisiaj O 09:34,Brak danych,"55,27 m² - 9700 zł/m²",Brak danych,Brak danych
3148,Piękne nowe mieszkanie w idealnej lokalizacji!,645 000 złdo negocjacji,Białystok,Brak danych,52 m² - 12403.85 zł/m²,Brak danych,Brak danych
3149,Okazja. Przestronne 3 pokoje + kuchnio-jadalnia + ... !,760 000 zł,Toruń - 14 Czerwca 2025,Brak danych,72 m² - 10555.56 zł/m²,3 pokoje,Brak danych
3150,Kawalerka z kuchnią | Górczyn | 32 m² | Widok z 8. piętra,260 000 zł,Gorzów Wielkopolski - Dzisiaj O 16:05,Brak danych,"32,40 m² - 8024.69 zł/m²",1 pokój,Brak danych
3151,"Mieszkanie 2-pokojowe, Zajezdnia Wrzeszcz, 47 m²",880 000 zł,Gdańsk,Brak danych,"47,22 m² - 18636.17 zł/m²",Brak danych,Brak danych
3152,Mieszkanie 3 pokojowe w starej kamienicy w Siemianowicach Śląskich,185 000 zł,Brak danych,Brak danych,87 m² - 2126.44 zł/m²,3 pokoje,Brak danych
3153,Pilnie#2-pokoje# Metro # okazja#,530 000 zł,Warszawa,Brak danych,"37,54 m² - 14118.27 zł/m²",Brak danych,Brak danych
3154,Kawalerka po generalnym remoncie z pięknymi zachodami!,499 000 zł,Warszawa,Brak danych,"30,40 m² - 16414.47 zł/m²",1 pokój,Brak danych
3155,Funkcjonalne 2 pokoje z oddzielną kuchnią blisko centrum,369 000 zł,Białystok,Brak danych,"48,40 m² - 7623.97 zł/m²",2 pokoje,Brak danych
3156,"Nowoczesna kawalerka, Wrocław ul. Bierutowska",359 000 zł,Wrocław,Brak danych,"26,50 m² - 13547.17 zł/m²",1 pokój,Brak danych
3157,"Nowe Wykończone 2 pokoje 43,4m2 + ogródek 55m2, brak PCC, Właściciel.",859 000 zł,Kraków,Brak danych,"43,40 m² - 19792.63 zł/m²",2 pokoje,Brak danych
3158,"Gotowiec inwestycyjny, urocza kawalerka 26,85 m2, ul. Bierutowska",359 000 zł,Wrocław,Brak danych,"26,85 m² - 13370.58 zł/m²",1 pokój,Brak danych
3159,⭐Odbierz duży Rabat- 2 pokoje + Hala Garażowa⭐ Umów się na dni Otwarte,618 900 zł,Warszawa - Dzisiaj O 14:14,Brak danych,"41,15 m² - 15040.1 zł/m²",2 pokoje,Brak danych
3160,Mieszkanie do wprowadzenia | Rybnik | Parter,214 000 zł,Rybnik - 15 Lipca 2025,Brak danych,"39,79 m² - 5378.24 zł/m²",Brak danych,Parter
3161,Bezczynszowe mieszkanie-6 km od Koszalina!,259 000 zł,Koszalin,Brak danych,"47,50 m² - 5452.63 zł/m²",Brak danych,Brak danych
3162,"Mieszkanie (54,8 mkw.) Opalenica, os. Centrum",367 160 zł,Brak danych,Brak danych,"54,80 m² - 6700 zł/m²",Brak danych,Brak danych
3163,Gdańsk Mieszkanie 2 pokoje wykończone PRYWATNIE,545 000 zł,Gdańsk - 16 Lipca 2025,Brak danych,39 m² - 13974.36 zł/m²,2 pokoje,Brak danych
3164,3 pokojowe mieszkanie za Sterem ul. Gen. Maczka,649 000 zł,Szczecin,Brak danych,71 m² - 9140.85 zł/m²,3 pokoje,Brak danych
3165,Blisko Centrum idealne na Inwestycję lub jako pierwsze mieszkanie,410 000 złdo negocjacji,Kraków,Brak danych,23 m² - 17826.09 zł/m²,Brak danych,Brak danych
3166,"Kawalerka 38 m² za odstępne – Łódź Górna, okolice Placu Niepodległości",25 000 złdo negocjacji,Łódź,Brak danych,36 m² - 694.44 zł/m²,1 pokój,Brak danych
3167,M3 Mieszkanie 2 pokoje Sierakowskiego po remoncie Łódź,359 000 zł,Łódź,Brak danych,"38,30 m² - 9373.37 zł/m²",2 pokoje,Brak danych
3168,Mieszkanie z potencjałem w dzielnicy muzycznej,347 000 zł,Bydgoszcz - Dzisiaj O 14:10,Brak danych,"47,45 m² - 7312.96 zł/m²",Brak danych,Brak danych
3169,"Osiedle Leśne, 2 pokoje, I piętro",490 000 zł,Bydgoszcz - 16 Lipca 2025,Brak danych,"54,51 m² - 8989.18 zł/m²",2 pokoje,490 piętro
3170,BEZPOŚREDNIO 3-pokojowe mieszkanie z balkonem na os. Braniborskim,499 999 zł,Brak danych,Brak danych,"52,20 m² - 9578.52 zł/m²",Brak danych,Brak danych
3171,Mieszkanie 3-pokojowe gotowe do zamieszkania,399 000 zł,Starogard Gdański - 15 Lipca 2025,Brak danych,"48,90 m² - 8159.51 zł/m²",Brak danych,Brak danych
3172,2 pokoje z oddzielną kuchnią,550 000 zł,Warszawa,Brak danych,38 m² - 14473.68 zł/m²,2 pokoje,Brak danych
3173,2 Pokoje | Po remoncie | Dolina Trzech Stawów,439 000 zł,Katowice - Dzisiaj O 09:45,Brak danych,43 m² - 10209.3 zł/m²,2 pokoje,Brak danych
3174,"3 Pokoje, LSM, Po Generalnym Remoncie, ul. Pozytywistów, Widok n Wąwóz",529 000 zł,Lublin - Odświeżono Dzisiaj O 11:18,Brak danych,48 m² - 11020.83 zł/m²,3 pokoje,Brak danych
3175,"Lokal,na Dowolną Działalność i Mieszkać #ZDECYDOWANIE #sprzedam",1 443 990 złdo negocjacji,Szczecin,Brak danych,143 m² - 10097.83 zł/m²,Brak danych,Brak danych
3176,⭐Przytulne mieszkanie 2- pokojowe ⭐ możliwość zakupu GARAŻU ⭐,205 000 zł,Brak danych,Brak danych,"33,90 m² - 6047.2 zł/m²",Brak danych,Brak danych
3177,2 pok mieszkanie na Bemowie osiedle Young City,540 000 zł,Warszawa,Brak danych,30 m² - 18000 zł/m²,Brak danych,Brak danych
3178,Kawalerka 30 m² po remoncie | Możliwość 2 pokoi | Wysoki standard,299 000 zł,Brak danych,Brak danych,30 m² - 9966.67 zł/m²,2 pokoje,Brak danych
3179,Duża Kawalerka blisko Uniwersytetu Szczecińskiego,395 000 zł,Szczecin,Brak danych,"43,40 m² - 9101.38 zł/m²",1 pokój,Brak danych
3180,"Niebuszewo, Mieszkanie 51m2 piętro 1",299 000 zł,Szczecin,Brak danych,"51,22 m² - 5837.56 zł/m²",Brak danych,2 piętro
3181,Mieszkanie 3 pokojowe z balkonem i zielenią za oknem,376 000 zł,Brak danych,Brak danych,48 m² - 7833.33 zł/m²,3 pokoje,Brak danych
3182,"2 pokoje, klimatyczne mieszkanie na sprzedaż, winda! [REZERWACJA]",290 000 zł,Łódź,Brak danych,"38,30 m² - 7571.8 zł/m²",2 pokoje,Brak danych
3183,"Kawalerka 28,3m2 z balkonem, do remontu, metro",375 000 zł,Warszawa,Brak danych,"28,30 m² - 13250.88 zł/m²",1 pokój,Brak danych
3184,Piękne nowe mieszkanie w idealnej lokalizacji!,645 000 złdo negocjacji,Białystok,Brak danych,52 m² - 12403.85 zł/m²,Brak danych,Brak danych
3185,Okazja. Przestronne 3 pokoje + kuchnio-jadalnia + ... !,760 000 zł,Toruń - 14 Czerwca 2025,Brak danych,72 m² - 10555.56 zł/m²,3 pokoje,Brak danych
3186,Kawalerka z kuchnią | Górczyn | 32 m² | Widok z 8. piętra,260 000 zł,Gorzów Wielkopolski - Dzisiaj O 16:05,Brak danych,"32,40 m² - 8024.69 zł/m²",1 pokój,Brak danych
3187,"Mieszkanie 2-pokojowe, Zajezdnia Wrzeszcz, 47 m²",880 000 zł,Gdańsk,Brak danych,"47,22 m² - 18636.17 zł/m²",Brak danych,Brak danych
3188,Mieszkanie 3 pokojowe w starej kamienicy w Siemianowicach Śląskich,185 000 zł,Brak danych,Brak danych,87 m² - 2126.44 zł/m²,3 pokoje,Brak danych
3189,Pilnie#2-pokoje# Metro # okazja#,530 000 zł,Warszawa,Brak danych,"37,54 m² - 14118.27 zł/m²",Brak danych,Brak danych
3190,Kawalerka po generalnym remoncie z pięknymi zachodami!,499 000 zł,Warszawa,Brak danych,"30,40 m² - 16414.47 zł/m²",1 pokój,Brak danych
3191,Funkcjonalne 2 pokoje z oddzielną kuchnią blisko centrum,369 000 zł,Białystok,Brak danych,"48,40 m² - 7623.97 zł/m²",2 pokoje,Brak danych
3192,"Nowoczesna kawalerka, Wrocław ul. Bierutowska",359 000 zł,Wrocław,Brak danych,"26,50 m² - 13547.17 zł/m²",1 pokój,Brak danych
3193,"Nowe Wykończone 2 pokoje 43,4m2 + ogródek 55m2, brak PCC, Właściciel.",859 000 zł,Kraków,Brak danych,"43,40 m² - 19792.63 zł/m²",2 pokoje,Brak danych
3194,"Gotowiec inwestycyjny, urocza kawalerka 26,85 m2, ul. Bierutowska",359 000 zł,Wrocław,Brak danych,"26,85 m² - 13370.58 zł/m²",1 pokój,Brak danych
3195,Sprzedam mieszkanie 3-pokojowe,650 000 zł,Opole - 16 Lipca 2025,Brak danych,"61,68 m² - 10538.26 zł/m²",Brak danych,Brak danych
3196,Mieszkanie do wprowadzenia | Rybnik | Parter,214 000 zł,Rybnik - 15 Lipca 2025,Brak danych,"39,79 m² - 5378.24 zł/m²",Brak danych,Parter
3197,Bezczynszowe mieszkanie-6 km od Koszalina!,259 000 zł,Koszalin,Brak danych,"47,50 m² - 5452.63 zł/m²",Brak danych,Brak danych
3198,"Mieszkanie (54,8 mkw.) Opalenica, os. Centrum",367 160 zł,Brak danych,Brak danych,"54,80 m² - 6700 zł/m²",Brak danych,Brak danych
3199,Gdańsk Mieszkanie 2 pokoje wykończone PRYWATNIE,545 000 zł,Gdańsk - 16 Lipca 2025,Brak danych,39 m² - 13974.36 zł/m²,2 pokoje,Brak danych
3200,3 pokojowe mieszkanie za Sterem ul. Gen. Maczka,649 000 zł,Szczecin,Brak danych,71 m² - 9140.85 zł/m²,3 pokoje,Brak danych
3201,Blisko Centrum idealne na Inwestycję lub jako pierwsze mieszkanie,410 000 złdo negocjacji,Kraków,Brak danych,23 m² - 17826.09 zł/m²,Brak danych,Brak danych
3202,"Kawalerka 38 m² za odstępne – Łódź Górna, okolice Placu Niepodległości",25 000 złdo negocjacji,Łódź,Brak danych,36 m² - 694.44 zł/m²,1 pokój,Brak danych
3203,M3 Mieszkanie 2 pokoje Sierakowskiego po remoncie Łódź,359 000 zł,Łódź,Brak danych,"38,30 m² - 9373.37 zł/m²",2 pokoje,Brak danych
3204,Mieszkanie z potencjałem w dzielnicy muzycznej,347 000 zł,Bydgoszcz - Dzisiaj O 14:10,Brak danych,"47,45 m² - 7312.96 zł/m²",Brak danych,Brak danych
3205,"Osiedle Leśne, 2 pokoje, I piętro",490 000 zł,Bydgoszcz - 16 Lipca 2025,Brak danych,"54,51 m² - 8989.18 zł/m²",2 pokoje,490 piętro
3206,BEZPOŚREDNIO 3-pokojowe mieszkanie z balkonem na os. Braniborskim,499 999 zł,Brak danych,Brak danych,"52,20 m² - 9578.52 zł/m²",Brak danych,Brak danych
3207,Mieszkanie 3-pokojowe gotowe do zamieszkania,399 000 zł,Starogard Gdański - 15 Lipca 2025,Brak danych,"48,90 m² - 8159.51 zł/m²",Brak danych,Brak danych
3208,2 pokoje z oddzielną kuchnią,550 000 zł,Warszawa,Brak danych,38 m² - 14473.68 zł/m²,2 pokoje,Brak danych
3209,2 Pokoje | Po remoncie | Dolina Trzech Stawów,439 000 zł,Katowice - Dzisiaj O 09:45,Brak danych,43 m² - 10209.3 zł/m²,2 pokoje,Brak danych
3210,"3 Pokoje, LSM, Po Generalnym Remoncie, ul. Pozytywistów, Widok n Wąwóz",529 000 zł,Lublin - Odświeżono Dzisiaj O 11:18,Brak danych,48 m² - 11020.83 zł/m²,3 pokoje,Brak danych
3211,"Lokal,na Dowolną Działalność i Mieszkać #ZDECYDOWANIE #sprzedam",1 443 990 złdo negocjacji,Szczecin,Brak danych,143 m² - 10097.83 zł/m²,Brak danych,Brak danych
3212,⭐Przytulne mieszkanie 2- pokojowe ⭐ możliwość zakupu GARAŻU ⭐,205 000 zł,Brak danych,Brak danych,"33,90 m² - 6047.2 zł/m²",Brak danych,Brak danych
3213,2 pok mieszkanie na Bemowie osiedle Young City,540 000 zł,Warszawa,Brak danych,30 m² - 18000 zł/m²,Brak danych,Brak danych
3214,Kawalerka 30 m² po remoncie | Możliwość 2 pokoi | Wysoki standard,299 000 zł,Brak danych,Brak danych,30 m² - 9966.67 zł/m²,2 pokoje,Brak danych
3215,Duża Kawalerka blisko Uniwersytetu Szczecińskiego,395 000 zł,Szczecin,Brak danych,"43,40 m² - 9101.38 zł/m²",1 pokój,Brak danych
3216,"Niebuszewo, Mieszkanie 51m2 piętro 1",299 000 zł,Szczecin,Brak danych,"51,22 m² - 5837.56 zł/m²",Brak danych,2 piętro
3217,Mieszkanie 3 pokojowe z balkonem i zielenią za oknem,376 000 zł,Brak danych,Brak danych,48 m² - 7833.33 zł/m²,3 pokoje,Brak danych
3218,"2 pokoje, klimatyczne mieszkanie na sprzedaż, winda! [REZERWACJA]",290 000 zł,Łódź,Brak danych,"38,30 m² - 7571.8 zł/m²",2 pokoje,Brak danych
3219,"Kawalerka 28,3m2 z balkonem, do remontu, metro",375 000 zł,Warszawa,Brak danych,"28,30 m² - 13250.88 zł/m²",1 pokój,Brak danych
3220,PRZESTRONNE Mieszkanie !! IDEALNE dla rodziny M3 ! Rzeszów Drabinianka,536 119 zł,Rzeszów - Odświeżono Dzisiaj O 09:34,Brak danych,"55,27 m² - 9700 zł/m²",Brak danych,Brak danych
3221,Piękne nowe mieszkanie w idealnej lokalizacji!,645 000 złdo negocjacji,Białystok,Brak danych,52 m² - 12403.85 zł/m²,Brak danych,Brak danych
3222,Okazja. Przestronne 3 pokoje + kuchnio-jadalnia + ... !,760 000 zł,Toruń - 14 Czerwca 2025,Brak danych,72 m² - 10555.56 zł/m²,3 pokoje,Brak danych
3223,Kawalerka z kuchnią | Górczyn | 32 m² | Widok z 8. piętra,260 000 zł,Gorzów Wielkopolski - Dzisiaj O 16:05,Brak danych,"32,40 m² - 8024.69 zł/m²",1 pokój,Brak danych
3224,"Mieszkanie 2-pokojowe, Zajezdnia Wrzeszcz, 47 m²",880 000 zł,Gdańsk,Brak danych,"47,22 m² - 18636.17 zł/m²",Brak danych,Brak danych
3225,Mieszkanie 3 pokojowe w starej kamienicy w Siemianowicach Śląskich,185 000 zł,Brak danych,Brak danych,87 m² - 2126.44 zł/m²,3 pokoje,Brak danych
3226,Pilnie#2-pokoje# Metro # okazja#,530 000 zł,Warszawa,Brak danych,"37,54 m² - 14118.27 zł/m²",Brak danych,Brak danych
3227,Kawalerka po generalnym remoncie z pięknymi zachodami!,499 000 zł,Warszawa,Brak danych,"30,40 m² - 16414.47 zł/m²",1 pokój,Brak danych
3228,Funkcjonalne 2 pokoje z oddzielną kuchnią blisko centrum,369 000 zł,Białystok,Brak danych,"48,40 m² - 7623.97 zł/m²",2 pokoje,Brak danych
3229,"Nowoczesna kawalerka, Wrocław ul. Bierutowska",359 000 zł,Wrocław,Brak danych,"26,50 m² - 13547.17 zł/m²",1 pokój,Brak danych
3230,"Nowe Wykończone 2 pokoje 43,4m2 + ogródek 55m2, brak PCC, Właściciel.",859 000 zł,Kraków,Brak danych,"43,40 m² - 19792.63 zł/m²",2 pokoje,Brak danych
3231,"Gotowiec inwestycyjny, urocza kawalerka 26,85 m2, ul. Bierutowska",359 000 zł,Wrocław,Brak danych,"26,85 m² - 13370.58 zł/m²",1 pokój,Brak danych
3232,⭐Odbierz duży Rabat- 2 pokoje + Hala Garażowa⭐ Umów się na dni Otwarte,618 900 zł,Warszawa - Dzisiaj O 14:14,Brak danych,"41,15 m² - 15040.1 zł/m²",2 pokoje,Brak danych
3233,Mieszkanie do wprowadzenia | Rybnik | Parter,214 000 zł,Rybnik - 15 Lipca 2025,Brak danych,"39,79 m² - 5378.24 zł/m²",Brak danych,Parter
3234,Bezczynszowe mieszkanie-6 km od Koszalina!,259 000 zł,Koszalin,Brak danych,"47,50 m² - 5452.63 zł/m²",Brak danych,Brak danych
3235,"Mieszkanie (54,8 mkw.) Opalenica, os. Centrum",367 160 zł,Brak danych,Brak danych,"54,80 m² - 6700 zł/m²",Brak danych,Brak danych
3236,Gdańsk Mieszkanie 2 pokoje wykończone PRYWATNIE,545 000 zł,Gdańsk - 16 Lipca 2025,Brak danych,39 m² - 13974.36 zł/m²,2 pokoje,Brak danych
3237,3 pokojowe mieszkanie za Sterem ul. Gen. Maczka,649 000 zł,Szczecin,Brak danych,71 m² - 9140.85 zł/m²,3 pokoje,Brak danych
3238,Blisko Centrum idealne na Inwestycję lub jako pierwsze mieszkanie,410 000 złdo negocjacji,Kraków,Brak danych,23 m² - 17826.09 zł/m²,Brak danych,Brak danych
3239,"Kawalerka 38 m² za odstępne – Łódź Górna, okolice Placu Niepodległości",25 000 złdo negocjacji,Łódź,Brak danych,36 m² - 694.44 zł/m²,1 pokój,Brak danych
3240,M3 Mieszkanie 2 pokoje Sierakowskiego po remoncie Łódź,359 000 zł,Łódź,Brak danych,"38,30 m² - 9373.37 zł/m²",2 pokoje,Brak danych
3241,Mieszkanie z potencjałem w dzielnicy muzycznej,347 000 zł,Bydgoszcz - Dzisiaj O 14:10,Brak danych,"47,45 m² - 7312.96 zł/m²",Brak danych,Brak danych
3242,"Osiedle Leśne, 2 pokoje, I piętro",490 000 zł,Bydgoszcz - 16 Lipca 2025,Brak danych,"54,51 m² - 8989.18 zł/m²",2 pokoje,490 piętro
3243,BEZPOŚREDNIO 3-pokojowe mieszkanie z balkonem na os. Braniborskim,499 999 zł,Brak danych,Brak danych,"52,20 m² - 9578.52 zł/m²",Brak danych,Brak danych
3244,Mieszkanie 3-pokojowe gotowe do zamieszkania,399 000 zł,Starogard Gdański - 15 Lipca 2025,Brak danych,"48,90 m² - 8159.51 zł/m²",Brak danych,Brak danych
3245,2 pokoje z oddzielną kuchnią,550 000 zł,Warszawa,Brak danych,38 m² - 14473.68 zł/m²,2 pokoje,Brak danych
3246,2 Pokoje | Po remoncie | Dolina Trzech Stawów,439 000 zł,Katowice - Dzisiaj O 09:45,Brak danych,43 m² - 10209.3 zł/m²,2 pokoje,Brak danych
3247,"3 Pokoje, LSM, Po Generalnym Remoncie, ul. Pozytywistów, Widok n Wąwóz",529 000 zł,Lublin - Odświeżono Dzisiaj O 11:18,Brak danych,48 m² - 11020.83 zł/m²,3 pokoje,Brak danych
3248,"Lokal,na Dowolną Działalność i Mieszkać #ZDECYDOWANIE #sprzedam",1 443 990 złdo negocjacji,Szczecin,Brak danych,143 m² - 10097.83 zł/m²,Brak danych,Brak danych
3249,⭐Przytulne mieszkanie 2- pokojowe ⭐ możliwość zakupu GARAŻU ⭐,205 000 zł,Brak danych,Brak danych,"33,90 m² - 6047.2 zł/m²",Brak danych,Brak danych
3250,2 pok mieszkanie na Bemowie osiedle Young City,540 000 zł,Warszawa,Brak danych,30 m² - 18000 zł/m²,Brak danych,Brak danych
3251,Kawalerka 30 m² po remoncie | Możliwość 2 pokoi | Wysoki standard,299 000 zł,Brak danych,Brak danych,30 m² - 9966.67 zł/m²,2 pokoje,Brak danych
3252,Duża Kawalerka blisko Uniwersytetu Szczecińskiego,395 000 zł,Szczecin,Brak danych,"43,40 m² - 9101.38 zł/m²",1 pokój,Brak danych
3253,"Niebuszewo, Mieszkanie 51m2 piętro 1",299 000 zł,Szczecin,Brak danych,"51,22 m² - 5837.56 zł/m²",Brak danych,2 piętro
3254,Mieszkanie 3 pokojowe z balkonem i zielenią za oknem,376 000 zł,Brak danych,Brak danych,48 m² - 7833.33 zł/m²,3 pokoje,Brak danych
3255,"2 pokoje, klimatyczne mieszkanie na sprzedaż, winda! [REZERWACJA]",290 000 zł,Łódź,Brak danych,"38,30 m² - 7571.8 zł/m²",2 pokoje,Brak danych
3256,"Kawalerka 28,3m2 z balkonem, do remontu, metro",375 000 zł,Warszawa,Brak danych,"28,30 m² - 13250.88 zł/m²",1 pokój,Brak danych
3257,PRZESTRONNE Mieszkanie !! IDEALNE dla rodziny M3 ! Rzeszów Drabinianka,536 119 zł,Rzeszów - Odświeżono Dzisiaj O 09:34,Brak danych,"55,27 m² - 9700 zł/m²",Brak danych,Brak danych
3258,Piękne nowe mieszkanie w idealnej lokalizacji!,645 000 złdo negocjacji,Białystok,Brak danych,52 m² - 12403.85 zł/m²,Brak danych,Brak danych
3259,Okazja. Przestronne 3 pokoje + kuchnio-jadalnia + ... !,760 000 zł,Toruń - 14 Czerwca 2025,Brak danych,72 m² - 10555.56 zł/m²,3 pokoje,Brak danych
3260,Kawalerka z kuchnią | Górczyn | 32 m² | Widok z 8. piętra,260 000 zł,Gorzów Wielkopolski - Dzisiaj O 16:05,Brak danych,"32,40 m² - 8024.69 zł/m²",1 pokój,Brak danych
3261,"Mieszkanie 2-pokojowe, Zajezdnia Wrzeszcz, 47 m²",880 000 zł,Gdańsk,Brak danych,"47,22 m² - 18636.17 zł/m²",Brak danych,Brak danych
3262,Mieszkanie 3 pokojowe w starej kamienicy w Siemianowicach Śląskich,185 000 zł,Brak danych,Brak danych,87 m² - 2126.44 zł/m²,3 pokoje,Brak danych
3263,Pilnie#2-pokoje# Metro # okazja#,530 000 zł,Warszawa,Brak danych,"37,54 m² - 14118.27 zł/m²",Brak danych,Brak danych
3264,Kawalerka po generalnym remoncie z pięknymi zachodami!,499 000 zł,Warszawa,Brak danych,"30,40 m² - 16414.47 zł/m²",1 pokój,Brak danych
3265,Funkcjonalne 2 pokoje z oddzielną kuchnią blisko centrum,369 000 zł,Białystok,Brak danych,"48,40 m² - 7623.97 zł/m²",2 pokoje,Brak danych
3266,"Nowoczesna kawalerka, Wrocław ul. Bierutowska",359 000 zł,Wrocław,Brak danych,"26,50 m² - 13547.17 zł/m²",1 pokój,Brak danych
3267,"Nowe Wykończone 2 pokoje 43,4m2 + ogródek 55m2, brak PCC, Właściciel.",859 000 zł,Kraków,Brak danych,"43,40 m² - 19792.63 zł/m²",2 pokoje,Brak danych
3268,"Gotowiec inwestycyjny, urocza kawalerka 26,85 m2, ul. Bierutowska",359 000 zł,Wrocław,Brak danych,"26,85 m² - 13370.58 zł/m²",1 pokój,Brak danych
3269,⭐Odbierz duży Rabat- 2 pokoje + Hala Garażowa⭐ Umów się na dni Otwarte,618 900 zł,Warszawa - Dzisiaj O 14:14,Brak danych,"41,15 m² - 15040.1 zł/m²",2 pokoje,Brak danych
3270,Mieszkanie do wprowadzenia | Rybnik | Parter,214 000 zł,Rybnik - 15 Lipca 2025,Brak danych,"39,79 m² - 5378.24 zł/m²",Brak danych,Parter
3271,Bezczynszowe mieszkanie-6 km od Koszalina!,259 000 zł,Koszalin,Brak danych,"47,50 m² - 5452.63 zł/m²",Brak danych,Brak danych
3272,"Mieszkanie (54,8 mkw.) Opalenica, os. Centrum",367 160 zł,Brak danych,Brak danych,"54,80 m² - 6700 zł/m²",Brak danych,Brak danych
3273,Gdańsk Mieszkanie 2 pokoje wykończone PRYWATNIE,545 000 zł,Gdańsk - 16 Lipca 2025,Brak danych,39 m² - 13974.36 zł/m²,2 pokoje,Brak danych
3274,3 pokojowe mieszkanie za Sterem ul. Gen. Maczka,649 000 zł,Szczecin,Brak danych,71 m² - 9140.85 zł/m²,3 pokoje,Brak danych
3275,Blisko Centrum idealne na Inwestycję lub jako pierwsze mieszkanie,410 000 złdo negocjacji,Kraków,Brak danych,23 m² - 17826.09 zł/m²,Brak danych,Brak danych
3276,"Kawalerka 38 m² za odstępne – Łódź Górna, okolice Placu Niepodległości",25 000 złdo negocjacji,Łódź,Brak danych,36 m² - 694.44 zł/m²,1 pokój,Brak danych
3277,M3 Mieszkanie 2 pokoje Sierakowskiego po remoncie Łódź,359 000 zł,Łódź,Brak danych,"38,30 m² - 9373.37 zł/m²",2 pokoje,Brak danych
3278,Mieszkanie z potencjałem w dzielnicy muzycznej,347 000 zł,Bydgoszcz - Dzisiaj O 14:10,Brak danych,"47,45 m² - 7312.96 zł/m²",Brak danych,Brak danych
3279,"Osiedle Leśne, 2 pokoje, I piętro",490 000 zł,Bydgoszcz - 16 Lipca 2025,Brak danych,"54,51 m² - 8989.18 zł/m²",2 pokoje,490 piętro
3280,BEZPOŚREDNIO 3-pokojowe mieszkanie z balkonem na os. Braniborskim,499 999 zł,Brak danych,Brak danych,"52,20 m² - 9578.52 zł/m²",Brak danych,Brak danych
3281,Mieszkanie 3-pokojowe gotowe do zamieszkania,399 000 zł,Starogard Gdański - 15 Lipca 2025,Brak danych,"48,90 m² - 8159.51 zł/m²",Brak danych,Brak danych
3282,2 pokoje z oddzielną kuchnią,550 000 zł,Warszawa,Brak danych,38 m² - 14473.68 zł/m²,2 pokoje,Brak danych
3283,2 Pokoje | Po remoncie | Dolina Trzech Stawów,439 000 zł,Katowice - Dzisiaj O 09:45,Brak danych,43 m² - 10209.3 zł/m²,2 pokoje,Brak danych
3284,"3 Pokoje, LSM, Po Generalnym Remoncie, ul. Pozytywistów, Widok n Wąwóz",529 000 zł,Lublin - Odświeżono Dzisiaj O 11:18,Brak danych,48 m² - 11020.83 zł/m²,3 pokoje,Brak danych
3285,"Lokal,na Dowolną Działalność i Mieszkać #ZDECYDOWANIE #sprzedam",1 443 990 złdo negocjacji,Szczecin,Brak danych,143 m² - 10097.83 zł/m²,Brak danych,Brak danych
3286,⭐Przytulne mieszkanie 2- pokojowe ⭐ możliwość zakupu GARAŻU ⭐,205 000 zł,Brak danych,Brak danych,"33,90 m² - 6047.2 zł/m²",Brak danych,Brak danych
3287,2 pok mieszkanie na Bemowie osiedle Young City,540 000 zł,Warszawa,Brak danych,30 m² - 18000 zł/m²,Brak danych,Brak danych
3288,Kawalerka 30 m² po remoncie | Możliwość 2 pokoi | Wysoki standard,299 000 zł,Brak danych,Brak danych,30 m² - 9966.67 zł/m²,2 pokoje,Brak danych
3289,Duża Kawalerka blisko Uniwersytetu Szczecińskiego,395 000 zł,Szczecin,Brak danych,"43,40 m² - 9101.38 zł/m²",1 pokój,Brak danych
3290,"Niebuszewo, Mieszkanie 51m2 piętro 1",299 000 zł,Szczecin,Brak danych,"51,22 m² - 5837.56 zł/m²",Brak danych,2 piętro
3291,Mieszkanie 3 pokojowe z balkonem i zielenią za oknem,376 000 zł,Brak danych,Brak danych,48 m² - 7833.33 zł/m²,3 pokoje,Brak danych
3292,"2 pokoje, klimatyczne mieszkanie na sprzedaż, winda! [REZERWACJA]",290 000 zł,Łódź,Brak danych,"38,30 m² - 7571.8 zł/m²",2 pokoje,Brak danych
3293,"Kawalerka 28,3m2 z balkonem, do remontu, metro",375 000 zł,Warszawa,Brak danych,"28,30 m² - 13250.88 zł/m²",1 pokój,Brak danych
3294,PRZESTRONNE Mieszkanie !! IDEALNE dla rodziny M3 ! Rzeszów Drabinianka,536 119 zł,Rzeszów - Odświeżono Dzisiaj O 09:34,Brak danych,"55,27 m² - 9700 zł/m²",Brak danych,Brak danych
3295,Piękne nowe mieszkanie w idealnej lokalizacji!,645 000 złdo negocjacji,Białystok,Brak danych,52 m² - 12403.85 zł/m²,Brak danych,Brak danych
3296,Okazja. Przestronne 3 pokoje + kuchnio-jadalnia + ... !,760 000 zł,Toruń - 14 Czerwca 2025,Brak danych,72 m² - 10555.56 zł/m²,3 pokoje,Brak danych
3297,Kawalerka z kuchnią | Górczyn | 32 m² | Widok z 8. piętra,260 000 zł,Gorzów Wielkopolski - Dzisiaj O 16:05,Brak danych,"32,40 m² - 8024.69 zł/m²",1 pokój,Brak danych
3298,"Mieszkanie 2-pokojowe, Zajezdnia Wrzeszcz, 47 m²",880 000 zł,Gdańsk,Brak danych,"47,22 m² - 18636.17 zł/m²",Brak danych,Brak danych
3299,Mieszkanie 3 pokojowe w starej kamienicy w Siemianowicach Śląskich,185 000 zł,Brak danych,Brak danych,87 m² - 2126.44 zł/m²,3 pokoje,Brak danych
3300,Pilnie#2-pokoje# Metro # okazja#,530 000 zł,Warszawa,Brak danych,"37,54 m² - 14118.27 zł/m²",Brak danych,Brak danych
3301,Kawalerka po generalnym remoncie z pięknymi zachodami!,499 000 zł,Warszawa,Brak danych,"30,40 m² - 16414.47 zł/m²",1 pokój,Brak danych
3302,Funkcjonalne 2 pokoje z oddzielną kuchnią blisko centrum,369 000 zł,Białystok,Brak danych,"48,40 m² - 7623.97 zł/m²",2 pokoje,Brak danych
3303,"Nowoczesna kawalerka, Wrocław ul. Bierutowska",359 000 zł,Wrocław,Brak danych,"26,50 m² - 13547.17 zł/m²",1 pokój,Brak danych
3304,"Nowe Wykończone 2 pokoje 43,4m2 + ogródek 55m2, brak PCC, Właściciel.",859 000 zł,Kraków,Brak danych,"43,40 m² - 19792.63 zł/m²",2 pokoje,Brak danych
3305,"Gotowiec inwestycyjny, urocza kawalerka 26,85 m2, ul. Bierutowska",359 000 zł,Wrocław,Brak danych,"26,85 m² - 13370.58 zł/m²",1 pokój,Brak danych
3306,⭐Odbierz duży Rabat- 2 pokoje + Hala Garażowa⭐ Umów się na dni Otwarte,618 900 zł,Warszawa - Dzisiaj O 14:14,Brak danych,"41,15 m² - 15040.1 zł/m²",2 pokoje,Brak danych
3307,Mieszkanie do wprowadzenia | Rybnik | Parter,214 000 zł,Rybnik - 15 Lipca 2025,Brak danych,"39,79 m² - 5378.24 zł/m²",Brak danych,Parter
3308,Bezczynszowe mieszkanie-6 km od Koszalina!,259 000 zł,Koszalin,Brak danych,"47,50 m² - 5452.63 zł/m²",Brak danych,Brak danych
3309,"Mieszkanie (54,8 mkw.) Opalenica, os. Centrum",367 160 zł,Brak danych,Brak danych,"54,80 m² - 6700 zł/m²",Brak danych,Brak danych
3310,Gdańsk Mieszkanie 2 pokoje wykończone PRYWATNIE,545 000 zł,Gdańsk - 16 Lipca 2025,Brak danych,39 m² - 13974.36 zł/m²,2 pokoje,Brak danych
3311,3 pokojowe mieszkanie za Sterem ul. Gen. Maczka,649 000 zł,Szczecin,Brak danych,71 m² - 9140.85 zł/m²,3 pokoje,Brak danych
3312,Blisko Centrum idealne na Inwestycję lub jako pierwsze mieszkanie,410 000 złdo negocjacji,Kraków,Brak danych,23 m² - 17826.09 zł/m²,Brak danych,Brak danych
3313,"Kawalerka 38 m² za odstępne – Łódź Górna, okolice Placu Niepodległości",25 000 złdo negocjacji,Łódź,Brak danych,36 m² - 694.44 zł/m²,1 pokój,Brak danych
3314,M3 Mieszkanie 2 pokoje Sierakowskiego po remoncie Łódź,359 000 zł,Łódź,Brak danych,"38,30 m² - 9373.37 zł/m²",2 pokoje,Brak danych
3315,Mieszkanie z potencjałem w dzielnicy muzycznej,347 000 zł,Bydgoszcz - Dzisiaj O 14:10,Brak danych,"47,45 m² - 7312.96 zł/m²",Brak danych,Brak danych
3316,"Osiedle Leśne, 2 pokoje, I piętro",490 000 zł,Bydgoszcz - 16 Lipca 2025,Brak danych,"54,51 m² - 8989.18 zł/m²",2 pokoje,490 piętro
3317,BEZPOŚREDNIO 3-pokojowe mieszkanie z balkonem na os. Braniborskim,499 999 zł,Brak danych,Brak danych,"52,20 m² - 9578.52 zł/m²",Brak danych,Brak danych
3318,Mieszkanie 3-pokojowe gotowe do zamieszkania,399 000 zł,Starogard Gdański - 15 Lipca 2025,Brak danych,"48,90 m² - 8159.51 zł/m²",Brak danych,Brak danych
3319,2 pokoje z oddzielną kuchnią,550 000 zł,Warszawa,Brak danych,38 m² - 14473.68 zł/m²,2 pokoje,Brak danych
3320,2 Pokoje | Po remoncie | Dolina Trzech Stawów,439 000 zł,Katowice - Dzisiaj O 09:45,Brak danych,43 m² - 10209.3 zł/m²,2 pokoje,Brak danych
3321,"3 Pokoje, LSM, Po Generalnym Remoncie, ul. Pozytywistów, Widok n Wąwóz",529 000 zł,Lublin - Odświeżono Dzisiaj O 11:18,Brak danych,48 m² - 11020.83 zł/m²,3 pokoje,Brak danych
3322,"Lokal,na Dowolną Działalność i Mieszkać #ZDECYDOWANIE #sprzedam",1 443 990 złdo negocjacji,Szczecin,Brak danych,143 m² - 10097.83 zł/m²,Brak danych,Brak danych
3323,⭐Przytulne mieszkanie 2- pokojowe ⭐ możliwość zakupu GARAŻU ⭐,205 000 zł,Brak danych,Brak danych,"33,90 m² - 6047.2 zł/m²",Brak danych,Brak danych
3324,2 pok mieszkanie na Bemowie osiedle Young City,540 000 zł,Warszawa,Brak danych,30 m² - 18000 zł/m²,Brak danych,Brak danych
3325,Kawalerka 30 m² po remoncie | Możliwość 2 pokoi | Wysoki standard,299 000 zł,Brak danych,Brak danych,30 m² - 9966.67 zł/m²,2 pokoje,Brak danych
3326,Duża Kawalerka blisko Uniwersytetu Szczecińskiego,395 000 zł,Szczecin,Brak danych,"43,40 m² - 9101.38 zł/m²",1 pokój,Brak danych
3327,"Niebuszewo, Mieszkanie 51m2 piętro 1",299 000 zł,Szczecin,Brak danych,"51,22 m² - 5837.56 zł/m²",Brak danych,2 piętro
3328,Mieszkanie 3 pokojowe z balkonem i zielenią za oknem,376 000 zł,Brak danych,Brak danych,48 m² - 7833.33 zł/m²,3 pokoje,Brak danych
3329,"2 pokoje, klimatyczne mieszkanie na sprzedaż, winda! [REZERWACJA]",290 000 zł,Łódź,Brak danych,"38,30 m² - 7571.8 zł/m²",2 pokoje,Brak danych
3330,"Kawalerka 28,3m2 z balkonem, do remontu, metro",375 000 zł,Warszawa,Brak danych,"28,30 m² - 13250.88 zł/m²",1 pokój,Brak danych
3331,Piękne nowe mieszkanie w idealnej lokalizacji!,645 000 złdo negocjacji,Białystok,Brak danych,52 m² - 12403.85 zł/m²,Brak danych,Brak danych
3332,Okazja. Przestronne 3 pokoje + kuchnio-jadalnia + ... !,760 000 zł,Toruń - 14 Czerwca 2025,Brak danych,72 m² - 10555.56 zł/m²,3 pokoje,Brak danych
3333,Kawalerka z kuchnią | Górczyn | 32 m² | Widok z 8. piętra,260 000 zł,Gorzów Wielkopolski - Dzisiaj O 16:05,Brak danych,"32,40 m² - 8024.69 zł/m²",1 pokój,Brak danych
3334,"Mieszkanie 2-pokojowe, Zajezdnia Wrzeszcz, 47 m²",880 000 zł,Gdańsk,Brak danych,"47,22 m² - 18636.17 zł/m²",Brak danych,Brak danych
3335,Mieszkanie 3 pokojowe w starej kamienicy w Siemianowicach Śląskich,185 000 zł,Brak danych,Brak danych,87 m² - 2126.44 zł/m²,3 pokoje,Brak danych
3336,Pilnie#2-pokoje# Metro # okazja#,530 000 zł,Warszawa,Brak danych,"37,54 m² - 14118.27 zł/m²",Brak danych,Brak danych
3337,Kawalerka po generalnym remoncie z pięknymi zachodami!,499 000 zł,Warszawa,Brak danych,"30,40 m² - 16414.47 zł/m²",1 pokój,Brak danych
3338,Funkcjonalne 2 pokoje z oddzielną kuchnią blisko centrum,369 000 zł,Białystok,Brak danych,"48,40 m² - 7623.97 zł/m²",2 pokoje,Brak danych
3339,"Nowoczesna kawalerka, Wrocław ul. Bierutowska",359 000 zł,Wrocław,Brak danych,"26,50 m² - 13547.17 zł/m²",1 pokój,Brak danych
3340,"Nowe Wykończone 2 pokoje 43,4m2 + ogródek 55m2, brak PCC, Właściciel.",859 000 zł,Kraków,Brak danych,"43,40 m² - 19792.63 zł/m²",2 pokoje,Brak danych
3341,"Gotowiec inwestycyjny, urocza kawalerka 26,85 m2, ul. Bierutowska",359 000 zł,Wrocław,Brak danych,"26,85 m² - 13370.58 zł/m²",1 pokój,Brak danych
3342,Sprzedam mieszkanie 3-pokojowe,650 000 zł,Opole - 16 Lipca 2025,Brak danych,"61,68 m² - 10538.26 zł/m²",Brak danych,Brak danych
3343,Mieszkanie do wprowadzenia | Rybnik | Parter,214 000 zł,Rybnik - 15 Lipca 2025,Brak danych,"39,79 m² - 5378.24 zł/m²",Brak danych,Parter
3344,Bezczynszowe mieszkanie-6 km od Koszalina!,259 000 zł,Koszalin,Brak danych,"47,50 m² - 5452.63 zł/m²",Brak danych,Brak danych
3345,"Mieszkanie (54,8 mkw.) Opalenica, os. Centrum",367 160 zł,Brak danych,Brak danych,"54,80 m² - 6700 zł/m²",Brak danych,Brak danych
3346,Gdańsk Mieszkanie 2 pokoje wykończone PRYWATNIE,545 000 zł,Gdańsk - 16 Lipca 2025,Brak danych,39 m² - 13974.36 zł/m²,2 pokoje,Brak danych
3347,3 pokojowe mieszkanie za Sterem ul. Gen. Maczka,649 000 zł,Szczecin,Brak danych,71 m² - 9140.85 zł/m²,3 pokoje,Brak danych
3348,Blisko Centrum idealne na Inwestycję lub jako pierwsze mieszkanie,410 000 złdo negocjacji,Kraków,Brak danych,23 m² - 17826.09 zł/m²,Brak danych,Brak danych
3349,"Kawalerka 38 m² za odstępne – Łódź Górna, okolice Placu Niepodległości",25 000 złdo negocjacji,Łódź,Brak danych,36 m² - 694.44 zł/m²,1 pokój,Brak danych
3350,M3 Mieszkanie 2 pokoje Sierakowskiego po remoncie Łódź,359 000 zł,Łódź,Brak danych,"38,30 m² - 9373.37 zł/m²",2 pokoje,Brak danych
3351,Mieszkanie z potencjałem w dzielnicy muzycznej,347 000 zł,Bydgoszcz - Dzisiaj O 14:10,Brak danych,"47,45 m² - 7312.96 zł/m²",Brak danych,Brak danych
3352,"Osiedle Leśne, 2 pokoje, I piętro",490 000 zł,Bydgoszcz - 16 Lipca 2025,Brak danych,"54,51 m² - 8989.18 zł/m²",2 pokoje,490 piętro
3353,BEZPOŚREDNIO 3-pokojowe mieszkanie z balkonem na os. Braniborskim,499 999 zł,Brak danych,Brak danych,"52,20 m² - 9578.52 zł/m²",Brak danych,Brak danych
3354,Mieszkanie 3-pokojowe gotowe do zamieszkania,399 000 zł,Starogard Gdański - 15 Lipca 2025,Brak danych,"48,90 m² - 8159.51 zł/m²",Brak danych,Brak danych
3355,2 pokoje z oddzielną kuchnią,550 000 zł,Warszawa,Brak danych,38 m² - 14473.68 zł/m²,2 pokoje,Brak danych
3356,2 Pokoje | Po remoncie | Dolina Trzech Stawów,439 000 zł,Katowice - Dzisiaj O 09:45,Brak danych,43 m² - 10209.3 zł/m²,2 pokoje,Brak danych
3357,⭐Przytulne mieszkanie 2- pokojowe ⭐ możliwość zakupu GARAŻU ⭐,205 000 zł,Brak danych,Brak danych,"33,90 m² - 6047.2 zł/m²",Brak danych,Brak danych
3358,"3 Pokoje, LSM, Po Generalnym Remoncie, ul. Pozytywistów, Widok n Wąwóz",529 000 zł,Lublin - Odświeżono Dzisiaj O 11:18,Brak danych,48 m² - 11020.83 zł/m²,3 pokoje,Brak danych
3359,"Lokal,na Dowolną Działalność i Mieszkać #ZDECYDOWANIE #sprzedam",1 443 990 złdo negocjacji,Szczecin,Brak danych,143 m² - 10097.83 zł/m²,Brak danych,Brak danych
3360,2 pok mieszkanie na Bemowie osiedle Young City,540 000 zł,Warszawa,Brak danych,30 m² - 18000 zł/m²,Brak danych,Brak danych
3361,Kawalerka 30 m² po remoncie | Możliwość 2 pokoi | Wysoki standard,299 000 zł,Brak danych,Brak danych,30 m² - 9966.67 zł/m²,2 pokoje,Brak danych
3362,Duża Kawalerka blisko Uniwersytetu Szczecińskiego,395 000 zł,Szczecin,Brak danych,"43,40 m² - 9101.38 zł/m²",1 pokój,Brak danych
3363,"Niebuszewo, Mieszkanie 51m2 piętro 1",299 000 zł,Szczecin,Brak danych,"51,22 m² - 5837.56 zł/m²",Brak danych,2 piętro
3364,Mieszkanie 3 pokojowe z balkonem i zielenią za oknem,376 000 zł,Brak danych,Brak danych,48 m² - 7833.33 zł/m²,3 pokoje,Brak danych
3365,"2 pokoje, klimatyczne mieszkanie na sprzedaż, winda! [REZERWACJA]",290 000 zł,Łódź,Brak danych,"38,30 m² - 7571.8 zł/m²",2 pokoje,Brak danych
3366,"Kawalerka 28,3m2 z balkonem, do remontu, metro",375 000 zł,Warszawa,Brak danych,"28,30 m² - 13250.88 zł/m²",1 pokój,Brak danych
3367,Kawalerka z kuchnią | Górczyn | 32 m² | Widok z 8. piętra,260 000 zł,Gorzów Wielkopolski - Dzisiaj O 16:05,Brak danych,"32,40 m² - 8024.69 zł/m²",1 pokój,Brak danych
3368,Piękne nowe mieszkanie w idealnej lokalizacji!,645 000 złdo negocjacji,Białystok,Brak danych,52 m² - 12403.85 zł/m²,Brak danych,Brak danych
3369,Okazja. Przestronne 3 pokoje + kuchnio-jadalnia + ... !,760 000 zł,Toruń - 14 Czerwca 2025,Brak danych,72 m² - 10555.56 zł/m²,3 pokoje,Brak danych
3370,"Mieszkanie 2-pokojowe, Zajezdnia Wrzeszcz, 47 m²",880 000 zł,Gdańsk,Brak danych,"47,22 m² - 18636.17 zł/m²",Brak danych,Brak danych
3371,Mieszkanie 3 pokojowe w starej kamienicy w Siemianowicach Śląskich,185 000 zł,Brak danych,Brak danych,87 m² - 2126.44 zł/m²,3 pokoje,Brak danych
3372,Pilnie#2-pokoje# Metro # okazja#,530 000 zł,Warszawa,Brak danych,"37,54 m² - 14118.27 zł/m²",Brak danych,Brak danych
3373,Kawalerka po generalnym remoncie z pięknymi zachodami!,499 000 zł,Warszawa,Brak danych,"30,40 m² - 16414.47 zł/m²",1 pokój,Brak danych
3374,Funkcjonalne 2 pokoje z oddzielną kuchnią blisko centrum,369 000 zł,Białystok,Brak danych,"48,40 m² - 7623.97 zł/m²",2 pokoje,Brak danych
3375,"Nowoczesna kawalerka, Wrocław ul. Bierutowska",359 000 zł,Wrocław,Brak danych,"26,50 m² - 13547.17 zł/m²",1 pokój,Brak danych
3376,"Nowe Wykończone 2 pokoje 43,4m2 + ogródek 55m2, brak PCC, Właściciel.",859 000 zł,Kraków,Brak danych,"43,40 m² - 19792.63 zł/m²",2 pokoje,Brak danych
3377,"Gotowiec inwestycyjny, urocza kawalerka 26,85 m2, ul. Bierutowska",359 000 zł,Wrocław,Brak danych,"26,85 m² - 13370.58 zł/m²",1 pokój,Brak danych
3378,Sprzedam mieszkanie 3-pokojowe,650 000 zł,Opole - 16 Lipca 2025,Brak danych,"61,68 m² - 10538.26 zł/m²",Brak danych,Brak danych
3379,Mieszkanie do wprowadzenia | Rybnik | Parter,214 000 zł,Rybnik - 15 Lipca 2025,Brak danych,"39,79 m² - 5378.24 zł/m²",Brak danych,Parter
3380,Bezczynszowe mieszkanie-6 km od Koszalina!,259 000 zł,Koszalin,Brak danych,"47,50 m² - 5452.63 zł/m²",Brak danych,Brak danych
3381,"Mieszkanie (54,8 mkw.) Opalenica, os. Centrum",367 160 zł,Brak danych,Brak danych,"54,80 m² - 6700 zł/m²",Brak danych,Brak danych
3382,Gdańsk Mieszkanie 2 pokoje wykończone PRYWATNIE,545 000 zł,Gdańsk - 16 Lipca 2025,Brak danych,39 m² - 13974.36 zł/m²,2 pokoje,Brak danych
3383,3 pokojowe mieszkanie za Sterem ul. Gen. Maczka,649 000 zł,Szczecin,Brak danych,71 m² - 9140.85 zł/m²,3 pokoje,Brak danych
3384,Blisko Centrum idealne na Inwestycję lub jako pierwsze mieszkanie,410 000 złdo negocjacji,Kraków,Brak danych,23 m² - 17826.09 zł/m²,Brak danych,Brak danych
3385,Mieszkanie 2 pokoje. Blisko centrum,265 000 zł,Brak danych,Brak danych,46 m² - 5760.87 zł/m²,2 pokoje,Brak danych
3386,"Kawalerka 38 m² za odstępne – Łódź Górna, okolice Placu Niepodległości",25 000 złdo negocjacji,Łódź,Brak danych,36 m² - 694.44 zł/m²,1 pokój,Brak danych
3387,M3 Mieszkanie 2 pokoje Sierakowskiego po remoncie Łódź,359 000 zł,Łódź,Brak danych,"38,30 m² - 9373.37 zł/m²",2 pokoje,Brak danych
3388,Mieszkanie z potencjałem w dzielnicy muzycznej,347 000 zł,Bydgoszcz - Dzisiaj O 14:10,Brak danych,"47,45 m² - 7312.96 zł/m²",Brak danych,Brak danych
3389,"Osiedle Leśne, 2 pokoje, I piętro",490 000 zł,Bydgoszcz - 16 Lipca 2025,Brak danych,"54,51 m² - 8989.18 zł/m²",2 pokoje,490 piętro
3390,BEZPOŚREDNIO 3-pokojowe mieszkanie z balkonem na os. Braniborskim,499 999 zł,Brak danych,Brak danych,"52,20 m² - 9578.52 zł/m²",Brak danych,Brak danych
3391,Mieszkanie 3-pokojowe gotowe do zamieszkania,399 000 zł,Starogard Gdański - 15 Lipca 2025,Brak danych,"48,90 m² - 8159.51 zł/m²",Brak danych,Brak danych
3392,2 pokoje z oddzielną kuchnią,550 000 zł,Warszawa,Brak danych,38 m² - 14473.68 zł/m²,2 pokoje,Brak danych
3393,2 Pokoje | Po remoncie | Dolina Trzech Stawów,439 000 zł,Katowice - Dzisiaj O 09:45,Brak danych,43 m² - 10209.3 zł/m²,2 pokoje,Brak danych
3394,⭐Przytulne mieszkanie 2- pokojowe ⭐ możliwość zakupu GARAŻU ⭐,205 000 zł,Brak danych,Brak danych,"33,90 m² - 6047.2 zł/m²",Brak danych,Brak danych
3395,"3 Pokoje, LSM, Po Generalnym Remoncie, ul. Pozytywistów, Widok n Wąwóz",529 000 zł,Lublin - Odświeżono Dzisiaj O 11:18,Brak danych,48 m² - 11020.83 zł/m²,3 pokoje,Brak danych
3396,"Lokal,na Dowolną Działalność i Mieszkać #ZDECYDOWANIE #sprzedam",1 443 990 złdo negocjacji,Szczecin,Brak danych,143 m² - 10097.83 zł/m²,Brak danych,Brak danych
3397,2 pok mieszkanie na Bemowie osiedle Young City,540 000 zł,Warszawa,Brak danych,30 m² - 18000 zł/m²,Brak danych,Brak danych
3398,Kawalerka 30 m² po remoncie | Możliwość 2 pokoi | Wysoki standard,299 000 zł,Brak danych,Brak danych,30 m² - 9966.67 zł/m²,2 pokoje,Brak danych
3399,Duża Kawalerka blisko Uniwersytetu Szczecińskiego,395 000 zł,Szczecin,Brak danych,"43,40 m² - 9101.38 zł/m²",1 pokój,Brak danych
3400,"Niebuszewo, Mieszkanie 51m2 piętro 1",299 000 zł,Szczecin,Brak danych,"51,22 m² - 5837.56 zł/m²",Brak danych,2 piętro
3401,Mieszkanie 3 pokojowe z balkonem i zielenią za oknem,376 000 zł,Brak danych,Brak danych,48 m² - 7833.33 zł/m²,3 pokoje,Brak danych
3402,"2 pokoje, klimatyczne mieszkanie na sprzedaż, winda! [REZERWACJA]",290 000 zł,Łódź,Brak danych,"38,30 m² - 7571.8 zł/m²",2 pokoje,Brak danych
3403,"Kawalerka 28,3m2 z balkonem, do remontu, metro",375 000 zł,Warszawa,Brak danych,"28,30 m² - 13250.88 zł/m²",1 pokój,Brak danych
3404,Kawalerka z kuchnią | Górczyn | 32 m² | Widok z 8. piętra,260 000 zł,Gorzów Wielkopolski - Dzisiaj O 16:05,Brak danych,"32,40 m² - 8024.69 zł/m²",1 pokój,Brak danych
3405,Piękne nowe mieszkanie w idealnej lokalizacji!,645 000 złdo negocjacji,Białystok,Brak danych,52 m² - 12403.85 zł/m²,Brak danych,Brak danych
3406,Okazja. Przestronne 3 pokoje + kuchnio-jadalnia + ... !,760 000 zł,Toruń - 14 Czerwca 2025,Brak danych,72 m² - 10555.56 zł/m²,3 pokoje,Brak danych
3407,"Mieszkanie 2-pokojowe, Zajezdnia Wrzeszcz, 47 m²",880 000 zł,Gdańsk,Brak danych,"47,22 m² - 18636.17 zł/m²",Brak danych,Brak danych
3408,Mieszkanie 3 pokojowe w starej kamienicy w Siemianowicach Śląskich,185 000 zł,Brak danych,Brak danych,87 m² - 2126.44 zł/m²,3 pokoje,Brak danych
3409,Pilnie#2-pokoje# Metro # okazja#,530 000 zł,Warszawa,Brak danych,"37,54 m² - 14118.27 zł/m²",Brak danych,Brak danych
3410,Kawalerka po generalnym remoncie z pięknymi zachodami!,499 000 zł,Warszawa,Brak danych,"30,40 m² - 16414.47 zł/m²",1 pokój,Brak danych
3411,Funkcjonalne 2 pokoje z oddzielną kuchnią blisko centrum,369 000 zł,Białystok,Brak danych,"48,40 m² - 7623.97 zł/m²",2 pokoje,Brak danych
3412,"Nowoczesna kawalerka, Wrocław ul. Bierutowska",359 000 zł,Wrocław,Brak danych,"26,50 m² - 13547.17 zł/m²",1 pokój,Brak danych
3413,"Nowe Wykończone 2 pokoje 43,4m2 + ogródek 55m2, brak PCC, Właściciel.",859 000 zł,Kraków,Brak danych,"43,40 m² - 19792.63 zł/m²",2 pokoje,Brak danych
3414,"Gotowiec inwestycyjny, urocza kawalerka 26,85 m2, ul. Bierutowska",359 000 zł,Wrocław,Brak danych,"26,85 m² - 13370.58 zł/m²",1 pokój,Brak danych
3415,Sprzedam mieszkanie 3-pokojowe,650 000 zł,Opole - 16 Lipca 2025,Brak danych,"61,68 m² - 10538.26 zł/m²",Brak danych,Brak danych
3416,Mieszkanie do wprowadzenia | Rybnik | Parter,214 000 zł,Rybnik - 15 Lipca 2025,Brak danych,"39,79 m² - 5378.24 zł/m²",Brak danych,Parter
3417,Bezczynszowe mieszkanie-6 km od Koszalina!,259 000 zł,Koszalin,Brak danych,"47,50 m² - 5452.63 zł/m²",Brak danych,Brak danych
3418,"Mieszkanie (54,8 mkw.) Opalenica, os. Centrum",367 160 zł,Brak danych,Brak danych,"54,80 m² - 6700 zł/m²",Brak danych,Brak danych
3419,Gdańsk Mieszkanie 2 pokoje wykończone PRYWATNIE,545 000 zł,Gdańsk - 16 Lipca 2025,Brak danych,39 m² - 13974.36 zł/m²,2 pokoje,Brak danych
3420,3 pokojowe mieszkanie za Sterem ul. Gen. Maczka,649 000 zł,Szczecin,Brak danych,71 m² - 9140.85 zł/m²,3 pokoje,Brak danych
3421,Blisko Centrum idealne na Inwestycję lub jako pierwsze mieszkanie,410 000 złdo negocjacji,Kraków,Brak danych,23 m² - 17826.09 zł/m²,Brak danych,Brak danych
3422,Mieszkanie 2 pokoje. Blisko centrum,265 000 zł,Brak danych,Brak danych,46 m² - 5760.87 zł/m²,2 pokoje,Brak danych
3423,"Kawalerka 38 m² za odstępne – Łódź Górna, okolice Placu Niepodległości",25 000 złdo negocjacji,Łódź,Brak danych,36 m² - 694.44 zł/m²,1 pokój,Brak danych
3424,M3 Mieszkanie 2 pokoje Sierakowskiego po remoncie Łódź,359 000 zł,Łódź,Brak danych,"38,30 m² - 9373.37 zł/m²",2 pokoje,Brak danych
3425,Mieszkanie z potencjałem w dzielnicy muzycznej,347 000 zł,Bydgoszcz - Dzisiaj O 14:10,Brak danych,"47,45 m² - 7312.96 zł/m²",Brak danych,Brak danych
3426,"Osiedle Leśne, 2 pokoje, I piętro",490 000 zł,Bydgoszcz - 16 Lipca 2025,Brak danych,"54,51 m² - 8989.18 zł/m²",2 pokoje,490 piętro
3427,BEZPOŚREDNIO 3-pokojowe mieszkanie z balkonem na os. Braniborskim,499 999 zł,Brak danych,Brak danych,"52,20 m² - 9578.52 zł/m²",Brak danych,Brak danych
3428,Mieszkanie 3-pokojowe gotowe do zamieszkania,399 000 zł,Starogard Gdański - 15 Lipca 2025,Brak danych,"48,90 m² - 8159.51 zł/m²",Brak danych,Brak danych
3429,2 pokoje z oddzielną kuchnią,550 000 zł,Warszawa,Brak danych,38 m² - 14473.68 zł/m²,2 pokoje,Brak danych
3430,2 Pokoje | Po remoncie | Dolina Trzech Stawów,439 000 zł,Katowice - Dzisiaj O 09:45,Brak danych,43 m² - 10209.3 zł/m²,2 pokoje,Brak danych
3431,⭐Przytulne mieszkanie 2- pokojowe ⭐ możliwość zakupu GARAŻU ⭐,205 000 zł,Brak danych,Brak danych,"33,90 m² - 6047.2 zł/m²",Brak danych,Brak danych
3432,"3 Pokoje, LSM, Po Generalnym Remoncie, ul. Pozytywistów, Widok n Wąwóz",529 000 zł,Lublin - Odświeżono Dzisiaj O 11:18,Brak danych,48 m² - 11020.83 zł/m²,3 pokoje,Brak danych
3433,"Lokal,na Dowolną Działalność i Mieszkać #ZDECYDOWANIE #sprzedam",1 443 990 złdo negocjacji,Szczecin,Brak danych,143 m² - 10097.83 zł/m²,Brak danych,Brak danych
3434,2 pok mieszkanie na Bemowie osiedle Young City,540 000 zł,Warszawa,Brak danych,30 m² - 18000 zł/m²,Brak danych,Brak danych
3435,Kawalerka 30 m² po remoncie | Możliwość 2 pokoi | Wysoki standard,299 000 zł,Brak danych,Brak danych,30 m² - 9966.67 zł/m²,2 pokoje,Brak danych
3436,Duża Kawalerka blisko Uniwersytetu Szczecińskiego,395 000 zł,Szczecin,Brak danych,"43,40 m² - 9101.38 zł/m²",1 pokój,Brak danych
3437,"Niebuszewo, Mieszkanie 51m2 piętro 1",299 000 zł,Szczecin,Brak danych,"51,22 m² - 5837.56 zł/m²",Brak danych,2 piętro
3438,Mieszkanie 3 pokojowe z balkonem i zielenią za oknem,376 000 zł,Brak danych,Brak danych,48 m² - 7833.33 zł/m²,3 pokoje,Brak danych
3439,"2 pokoje, klimatyczne mieszkanie na sprzedaż, winda! [REZERWACJA]",290 000 zł,Łódź,Brak danych,"38,30 m² - 7571.8 zł/m²",2 pokoje,Brak danych
3440,"Kawalerka 28,3m2 z balkonem, do remontu, metro",375 000 zł,Warszawa,Brak danych,"28,30 m² - 13250.88 zł/m²",1 pokój,Brak danych
3441,Kawalerka z kuchnią | Górczyn | 32 m² | Widok z 8. piętra,260 000 zł,Gorzów Wielkopolski - Dzisiaj O 16:05,Brak danych,"32,40 m² - 8024.69 zł/m²",1 pokój,Brak danych
3442,Piękne nowe mieszkanie w idealnej lokalizacji!,645 000 złdo negocjacji,Białystok,Brak danych,52 m² - 12403.85 zł/m²,Brak danych,Brak danych
3443,Okazja. Przestronne 3 pokoje + kuchnio-jadalnia + ... !,760 000 zł,Toruń - 14 Czerwca 2025,Brak danych,72 m² - 10555.56 zł/m²,3 pokoje,Brak danych
3444,"Mieszkanie 2-pokojowe, Zajezdnia Wrzeszcz, 47 m²",880 000 zł,Gdańsk,Brak danych,"47,22 m² - 18636.17 zł/m²",Brak danych,Brak danych
3445,Mieszkanie 3 pokojowe w starej kamienicy w Siemianowicach Śląskich,185 000 zł,Brak danych,Brak danych,87 m² - 2126.44 zł/m²,3 pokoje,Brak danych
3446,Pilnie#2-pokoje# Metro # okazja#,530 000 zł,Warszawa,Brak danych,"37,54 m² - 14118.27 zł/m²",Brak danych,Brak danych
3447,Kawalerka po generalnym remoncie z pięknymi zachodami!,499 000 zł,Warszawa,Brak danych,"30,40 m² - 16414.47 zł/m²",1 pokój,Brak danych
3448,Funkcjonalne 2 pokoje z oddzielną kuchnią blisko centrum,369 000 zł,Białystok,Brak danych,"48,40 m² - 7623.97 zł/m²",2 pokoje,Brak danych
3449,"Nowoczesna kawalerka, Wrocław ul. Bierutowska",359 000 zł,Wrocław,Brak danych,"26,50 m² - 13547.17 zł/m²",1 pokój,Brak danych
3450,"Nowe Wykończone 2 pokoje 43,4m2 + ogródek 55m2, brak PCC, Właściciel.",859 000 zł,Kraków,Brak danych,"43,40 m² - 19792.63 zł/m²",2 pokoje,Brak danych
3451,"Gotowiec inwestycyjny, urocza kawalerka 26,85 m2, ul. Bierutowska",359 000 zł,Wrocław,Brak danych,"26,85 m² - 13370.58 zł/m²",1 pokój,Brak danych
3452,Sprzedam mieszkanie 3-pokojowe,650 000 zł,Opole - 16 Lipca 2025,Brak danych,"61,68 m² - 10538.26 zł/m²",Brak danych,Brak danych
3453,Mieszkanie do wprowadzenia | Rybnik | Parter,214 000 zł,Rybnik - 15 Lipca 2025,Brak danych,"39,79 m² - 5378.24 zł/m²",Brak danych,Parter
3454,Bezczynszowe mieszkanie-6 km od Koszalina!,259 000 zł,Koszalin,Brak danych,"47,50 m² - 5452.63 zł/m²",Brak danych,Brak danych
3455,"Mieszkanie (54,8 mkw.) Opalenica, os. Centrum",367 160 zł,Brak danych,Brak danych,"54,80 m² - 6700 zł/m²",Brak danych,Brak danych
3456,Gdańsk Mieszkanie 2 pokoje wykończone PRYWATNIE,545 000 zł,Gdańsk - 16 Lipca 2025,Brak danych,39 m² - 13974.36 zł/m²,2 pokoje,Brak danych
3457,3 pokojowe mieszkanie za Sterem ul. Gen. Maczka,649 000 zł,Szczecin,Brak danych,71 m² - 9140.85 zł/m²,3 pokoje,Brak danych
3458,Blisko Centrum idealne na Inwestycję lub jako pierwsze mieszkanie,410 000 złdo negocjacji,Kraków,Brak danych,23 m² - 17826.09 zł/m²,Brak danych,Brak danych
3459,Mieszkanie 2 pokoje. Blisko centrum,265 000 zł,Brak danych,Brak danych,46 m² - 5760.87 zł/m²,2 pokoje,Brak danych
3460,"Kawalerka 38 m² za odstępne – Łódź Górna, okolice Placu Niepodległości",25 000 złdo negocjacji,Łódź,Brak danych,36 m² - 694.44 zł/m²,1 pokój,Brak danych
3461,M3 Mieszkanie 2 pokoje Sierakowskiego po remoncie Łódź,359 000 zł,Łódź,Brak danych,"38,30 m² - 9373.37 zł/m²",2 pokoje,Brak danych
3462,Mieszkanie z potencjałem w dzielnicy muzycznej,347 000 zł,Bydgoszcz - Dzisiaj O 14:10,Brak danych,"47,45 m² - 7312.96 zł/m²",Brak danych,Brak danych
3463,"Osiedle Leśne, 2 pokoje, I piętro",490 000 zł,Bydgoszcz - 16 Lipca 2025,Brak danych,"54,51 m² - 8989.18 zł/m²",2 pokoje,490 piętro
3464,BEZPOŚREDNIO 3-pokojowe mieszkanie z balkonem na os. Braniborskim,499 999 zł,Brak danych,Brak danych,"52,20 m² - 9578.52 zł/m²",Brak danych,Brak danych
3465,Mieszkanie 3-pokojowe gotowe do zamieszkania,399 000 zł,Starogard Gdański - 15 Lipca 2025,Brak danych,"48,90 m² - 8159.51 zł/m²",Brak danych,Brak danych
3466,2 pokoje z oddzielną kuchnią,550 000 zł,Warszawa,Brak danych,38 m² - 14473.68 zł/m²,2 pokoje,Brak danych
3467,2 Pokoje | Po remoncie | Dolina Trzech Stawów,439 000 zł,Katowice - Dzisiaj O 09:45,Brak danych,43 m² - 10209.3 zł/m²,2 pokoje,Brak danych
3468,*Nowe mieszkanie bez-czynszowe 74m2 Budynek 9*,520 000 zł,Brak danych,Brak danych,"74,24 m² - 7004.31 zł/m²",Brak danych,Brak danych
3469,"3 Pokoje, LSM, Po Generalnym Remoncie, ul. Pozytywistów, Widok n Wąwóz",529 000 zł,Lublin - Odświeżono Dzisiaj O 11:18,Brak danych,48 m² - 11020.83 zł/m²,3 pokoje,Brak danych
3470,"Lokal,na Dowolną Działalność i Mieszkać #ZDECYDOWANIE #sprzedam",1 443 990 złdo negocjacji,Szczecin,Brak danych,143 m² - 10097.83 zł/m²,Brak danych,Brak danych
3471,⭐Przytulne mieszkanie 2- pokojowe ⭐ możliwość zakupu GARAŻU ⭐,205 000 zł,Brak danych,Brak danych,"33,90 m² - 6047.2 zł/m²",Brak danych,Brak danych
3472,2 pok mieszkanie na Bemowie osiedle Young City,540 000 zł,Warszawa,Brak danych,30 m² - 18000 zł/m²,Brak danych,Brak danych
3473,Kawalerka 30 m² po remoncie | Możliwość 2 pokoi | Wysoki standard,299 000 zł,Brak danych,Brak danych,30 m² - 9966.67 zł/m²,2 pokoje,Brak danych
3474,Duża Kawalerka blisko Uniwersytetu Szczecińskiego,395 000 zł,Szczecin,Brak danych,"43,40 m² - 9101.38 zł/m²",1 pokój,Brak danych
3475,"Niebuszewo, Mieszkanie 51m2 piętro 1",299 000 zł,Szczecin,Brak danych,"51,22 m² - 5837.56 zł/m²",Brak danych,2 piętro
3476,Mieszkanie 3 pokojowe z balkonem i zielenią za oknem,376 000 zł,Brak danych,Brak danych,48 m² - 7833.33 zł/m²,3 pokoje,Brak danych
3477,"2 pokoje, klimatyczne mieszkanie na sprzedaż, winda! [REZERWACJA]",290 000 zł,Łódź,Brak danych,"38,30 m² - 7571.8 zł/m²",2 pokoje,Brak danych
3478,Piękne nowe mieszkanie w idealnej lokalizacji!,645 000 złdo negocjacji,Białystok,Brak danych,52 m² - 12403.85 zł/m²,Brak danych,Brak danych
3479,"Nowe Wykończone 2 pokoje 43,4m2 + ogródek 55m2, brak PCC, Właściciel.",859 000 zł,Kraków,Brak danych,"43,40 m² - 19792.63 zł/m²",2 pokoje,Brak danych
3480,"Kawalerka 28,3m2 z balkonem, do remontu, metro",375 000 zł,Warszawa,Brak danych,"28,30 m² - 13250.88 zł/m²",1 pokój,Brak danych
3481,Kawalerka z kuchnią | Górczyn | 32 m² | Widok z 8. piętra,260 000 zł,Gorzów Wielkopolski - Dzisiaj O 16:05,Brak danych,"32,40 m² - 8024.69 zł/m²",1 pokój,Brak danych
3482,"Mieszkanie 2-pokojowe, Zajezdnia Wrzeszcz, 47 m²",880 000 zł,Gdańsk,Brak danych,"47,22 m² - 18636.17 zł/m²",Brak danych,Brak danych
3483,Mieszkanie 3 pokojowe w starej kamienicy w Siemianowicach Śląskich,185 000 zł,Brak danych,Brak danych,87 m² - 2126.44 zł/m²,3 pokoje,Brak danych
3484,Pilnie#2-pokoje# Metro # okazja#,530 000 zł,Warszawa,Brak danych,"37,54 m² - 14118.27 zł/m²",Brak danych,Brak danych
3485,Kawalerka po generalnym remoncie z pięknymi zachodami!,499 000 zł,Warszawa,Brak danych,"30,40 m² - 16414.47 zł/m²",1 pokój,Brak danych
3486,Funkcjonalne 2 pokoje z oddzielną kuchnią blisko centrum,369 000 zł,Białystok,Brak danych,"48,40 m² - 7623.97 zł/m²",2 pokoje,Brak danych
3487,"Nowoczesna kawalerka, Wrocław ul. Bierutowska",359 000 zł,Wrocław,Brak danych,"26,50 m² - 13547.17 zł/m²",1 pokój,Brak danych
3488,"Gotowiec inwestycyjny, urocza kawalerka 26,85 m2, ul. Bierutowska",359 000 zł,Wrocław,Brak danych,"26,85 m² - 13370.58 zł/m²",1 pokój,Brak danych
3489,Sprzedam mieszkanie 3-pokojowe,650 000 zł,Opole - 16 Lipca 2025,Brak danych,"61,68 m² - 10538.26 zł/m²",Brak danych,Brak danych
3490,Mieszkanie do wprowadzenia | Rybnik | Parter,214 000 zł,Rybnik - 15 Lipca 2025,Brak danych,"39,79 m² - 5378.24 zł/m²",Brak danych,Parter
3491,Bezczynszowe mieszkanie-6 km od Koszalina!,259 000 zł,Koszalin,Brak danych,"47,50 m² - 5452.63 zł/m²",Brak danych,Brak danych
3492,"Mieszkanie (54,8 mkw.) Opalenica, os. Centrum",367 160 zł,Brak danych,Brak danych,"54,80 m² - 6700 zł/m²",Brak danych,Brak danych
3493,Gdańsk Mieszkanie 2 pokoje wykończone PRYWATNIE,545 000 zł,Gdańsk - 16 Lipca 2025,Brak danych,39 m² - 13974.36 zł/m²,2 pokoje,Brak danych
3494,3 pokojowe mieszkanie za Sterem ul. Gen. Maczka,649 000 zł,Szczecin,Brak danych,71 m² - 9140.85 zł/m²,3 pokoje,Brak danych
3495,Blisko Centrum idealne na Inwestycję lub jako pierwsze mieszkanie,410 000 złdo negocjacji,Kraków,Brak danych,23 m² - 17826.09 zł/m²,Brak danych,Brak danych
3496,"Kawalerka 38 m² za odstępne – Łódź Górna, okolice Placu Niepodległości",25 000 złdo negocjacji,Łódź,Brak danych,36 m² - 694.44 zł/m²,1 pokój,Brak danych
3497,M3 Mieszkanie 2 pokoje Sierakowskiego po remoncie Łódź,359 000 zł,Łódź,Brak danych,"38,30 m² - 9373.37 zł/m²",2 pokoje,Brak danych
3498,Mieszkanie z potencjałem w dzielnicy muzycznej,347 000 zł,Bydgoszcz - Dzisiaj O 14:10,Brak danych,"47,45 m² - 7312.96 zł/m²",Brak danych,Brak danych
3499,"Osiedle Leśne, 2 pokoje, I piętro",490 000 zł,Bydgoszcz - 16 Lipca 2025,Brak danych,"54,51 m² - 8989.18 zł/m²",2 pokoje,490 piętro
3500,BEZPOŚREDNIO 3-pokojowe mieszkanie z balkonem na os. Braniborskim,499 999 zł,Brak danych,Brak danych,"52,20 m² - 9578.52 zł/m²",Brak danych,Brak danych
3501,Mieszkanie 3-pokojowe gotowe do zamieszkania,399 000 zł,Starogard Gdański - 15 Lipca 2025,Brak danych,"48,90 m² - 8159.51 zł/m²",Brak danych,Brak danych
3502,2 pokoje z oddzielną kuchnią,550 000 zł,Warszawa,Brak danych,38 m² - 14473.68 zł/m²,2 pokoje,Brak danych
3503,2 Pokoje | Po remoncie | Dolina Trzech Stawów,439 000 zł,Katowice - Dzisiaj O 09:45,Brak danych,43 m² - 10209.3 zł/m²,2 pokoje,Brak danych
3504,⭐Przytulne mieszkanie 2- pokojowe ⭐ możliwość zakupu GARAŻU ⭐,205 000 zł,Brak danych,Brak danych,"33,90 m² - 6047.2 zł/m²",Brak danych,Brak danych
3505,"3 Pokoje, LSM, Po Generalnym Remoncie, ul. Pozytywistów, Widok n Wąwóz",529 000 zł,Lublin - Odświeżono Dzisiaj O 11:18,Brak danych,48 m² - 11020.83 zł/m²,3 pokoje,Brak danych
3506,"Lokal,na Dowolną Działalność i Mieszkać #ZDECYDOWANIE #sprzedam",1 443 990 złdo negocjacji,Szczecin,Brak danych,143 m² - 10097.83 zł/m²,Brak danych,Brak danych
3507,2 pok mieszkanie na Bemowie osiedle Young City,540 000 zł,Warszawa,Brak danych,30 m² - 18000 zł/m²,Brak danych,Brak danych
3508,Kawalerka 30 m² po remoncie | Możliwość 2 pokoi | Wysoki standard,299 000 zł,Brak danych,Brak danych,30 m² - 9966.67 zł/m²,2 pokoje,Brak danych
3509,Duża Kawalerka blisko Uniwersytetu Szczecińskiego,395 000 zł,Szczecin,Brak danych,"43,40 m² - 9101.38 zł/m²",1 pokój,Brak danych
3510,"Niebuszewo, Mieszkanie 51m2 piętro 1",299 000 zł,Szczecin,Brak danych,"51,22 m² - 5837.56 zł/m²",Brak danych,2 piętro
3511,Mieszkanie 3 pokojowe z balkonem i zielenią za oknem,376 000 zł,Brak danych,Brak danych,48 m² - 7833.33 zł/m²,3 pokoje,Brak danych
3512,"2 pokoje, klimatyczne mieszkanie na sprzedaż, winda! [REZERWACJA]",290 000 zł,Łódź,Brak danych,"38,30 m² - 7571.8 zł/m²",2 pokoje,Brak danych
3513,"Kawalerka 28,3m2 z balkonem, do remontu, metro",375 000 zł,Warszawa,Brak danych,"28,30 m² - 13250.88 zł/m²",1 pokój,Brak danych
3514,Kawalerka z kuchnią | Górczyn | 32 m² | Widok z 8. piętra,260 000 zł,Gorzów Wielkopolski - Dzisiaj O 16:05,Brak danych,"32,40 m² - 8024.69 zł/m²",1 pokój,Brak danych
3515,Piękne nowe mieszkanie w idealnej lokalizacji!,645 000 złdo negocjacji,Białystok,Brak danych,52 m² - 12403.85 zł/m²,Brak danych,Brak danych
3516,Okazja. Przestronne 3 pokoje + kuchnio-jadalnia + ... !,760 000 zł,Toruń - 14 Czerwca 2025,Brak danych,72 m² - 10555.56 zł/m²,3 pokoje,Brak danych
3517,"Mieszkanie 2-pokojowe, Zajezdnia Wrzeszcz, 47 m²",880 000 zł,Gdańsk,Brak danych,"47,22 m² - 18636.17 zł/m²",Brak danych,Brak danych
3518,Mieszkanie 3 pokojowe w starej kamienicy w Siemianowicach Śląskich,185 000 zł,Brak danych,Brak danych,87 m² - 2126.44 zł/m²,3 pokoje,Brak danych
3519,Pilnie#2-pokoje# Metro # okazja#,530 000 zł,Warszawa,Brak danych,"37,54 m² - 14118.27 zł/m²",Brak danych,Brak danych
3520,Kawalerka po generalnym remoncie z pięknymi zachodami!,499 000 zł,Warszawa,Brak danych,"30,40 m² - 16414.47 zł/m²",1 pokój,Brak danych
3521,Funkcjonalne 2 pokoje z oddzielną kuchnią blisko centrum,369 000 zł,Białystok,Brak danych,"48,40 m² - 7623.97 zł/m²",2 pokoje,Brak danych
3522,"Nowoczesna kawalerka, Wrocław ul. Bierutowska",359 000 zł,Wrocław,Brak danych,"26,50 m² - 13547.17 zł/m²",1 pokój,Brak danych
3523,"Nowe Wykończone 2 pokoje 43,4m2 + ogródek 55m2, brak PCC, Właściciel.",859 000 zł,Kraków,Brak danych,"43,40 m² - 19792.63 zł/m²",2 pokoje,Brak danych
3524,"Gotowiec inwestycyjny, urocza kawalerka 26,85 m2, ul. Bierutowska",359 000 zł,Wrocław,Brak danych,"26,85 m² - 13370.58 zł/m²",1 pokój,Brak danych
3525,Sprzedam mieszkanie 3-pokojowe,650 000 zł,Opole - 16 Lipca 2025,Brak danych,"61,68 m² - 10538.26 zł/m²",Brak danych,Brak danych
3526,Mieszkanie do wprowadzenia | Rybnik | Parter,214 000 zł,Rybnik - 15 Lipca 2025,Brak danych,"39,79 m² - 5378.24 zł/m²",Brak danych,Parter
3527,Bezczynszowe mieszkanie-6 km od Koszalina!,259 000 zł,Koszalin,Brak danych,"47,50 m² - 5452.63 zł/m²",Brak danych,Brak danych
3528,"Mieszkanie (54,8 mkw.) Opalenica, os. Centrum",367 160 zł,Brak danych,Brak danych,"54,80 m² - 6700 zł/m²",Brak danych,Brak danych
3529,Gdańsk Mieszkanie 2 pokoje wykończone PRYWATNIE,545 000 zł,Gdańsk - 16 Lipca 2025,Brak danych,39 m² - 13974.36 zł/m²,2 pokoje,Brak danych
3530,3 pokojowe mieszkanie za Sterem ul. Gen. Maczka,649 000 zł,Szczecin,Brak danych,71 m² - 9140.85 zł/m²,3 pokoje,Brak danych
3531,Blisko Centrum idealne na Inwestycję lub jako pierwsze mieszkanie,410 000 złdo negocjacji,Kraków,Brak danych,23 m² - 17826.09 zł/m²,Brak danych,Brak danych
3532,Mieszkanie 2 pokoje. Blisko centrum,265 000 zł,Brak danych,Brak danych,46 m² - 5760.87 zł/m²,2 pokoje,Brak danych
3533,"Kawalerka 38 m² za odstępne – Łódź Górna, okolice Placu Niepodległości",25 000 złdo negocjacji,Łódź,Brak danych,36 m² - 694.44 zł/m²,1 pokój,Brak danych
3534,M3 Mieszkanie 2 pokoje Sierakowskiego po remoncie Łódź,359 000 zł,Łódź,Brak danych,"38,30 m² - 9373.37 zł/m²",2 pokoje,Brak danych
3535,Mieszkanie z potencjałem w dzielnicy muzycznej,347 000 zł,Bydgoszcz - Dzisiaj O 14:10,Brak danych,"47,45 m² - 7312.96 zł/m²",Brak danych,Brak danych
3536,"Osiedle Leśne, 2 pokoje, I piętro",490 000 zł,Bydgoszcz - 16 Lipca 2025,Brak danych,"54,51 m² - 8989.18 zł/m²",2 pokoje,490 piętro
3537,BEZPOŚREDNIO 3-pokojowe mieszkanie z balkonem na os. Braniborskim,499 999 zł,Brak danych,Brak danych,"52,20 m² - 9578.52 zł/m²",Brak danych,Brak danych
3538,Mieszkanie 3-pokojowe gotowe do zamieszkania,399 000 zł,Starogard Gdański - 15 Lipca 2025,Brak danych,"48,90 m² - 8159.51 zł/m²",Brak danych,Brak danych
3539,2 pokoje z oddzielną kuchnią,550 000 zł,Warszawa,Brak danych,38 m² - 14473.68 zł/m²,2 pokoje,Brak danych
3540,2 Pokoje | Po remoncie | Dolina Trzech Stawów,439 000 zł,Katowice - Dzisiaj O 09:45,Brak danych,43 m² - 10209.3 zł/m²,2 pokoje,Brak danych
3541,"3 Pokoje, LSM, Po Generalnym Remoncie, ul. Pozytywistów, Widok n Wąwóz",529 000 zł,Lublin - Odświeżono Dzisiaj O 11:18,Brak danych,48 m² - 11020.83 zł/m²,3 pokoje,Brak danych
3542,"Lokal,na Dowolną Działalność i Mieszkać #ZDECYDOWANIE #sprzedam",1 443 990 złdo negocjacji,Szczecin,Brak danych,143 m² - 10097.83 zł/m²,Brak danych,Brak danych
3543,⭐Przytulne mieszkanie 2- pokojowe ⭐ możliwość zakupu GARAŻU ⭐,205 000 zł,Brak danych,Brak danych,"33,90 m² - 6047.2 zł/m²",Brak danych,Brak danych
3544,2 pok mieszkanie na Bemowie osiedle Young City,540 000 zł,Warszawa,Brak danych,30 m² - 18000 zł/m²,Brak danych,Brak danych
3545,Kawalerka 30 m² po remoncie | Możliwość 2 pokoi | Wysoki standard,299 000 zł,Brak danych,Brak danych,30 m² - 9966.67 zł/m²,2 pokoje,Brak danych
3546,Duża Kawalerka blisko Uniwersytetu Szczecińskiego,395 000 zł,Szczecin,Brak danych,"43,40 m² - 9101.38 zł/m²",1 pokój,Brak danych
3547,"Niebuszewo, Mieszkanie 51m2 piętro 1",299 000 zł,Szczecin,Brak danych,"51,22 m² - 5837.56 zł/m²",Brak danych,2 piętro
3548,Mieszkanie 3 pokojowe z balkonem i zielenią za oknem,376 000 zł,Brak danych,Brak danych,48 m² - 7833.33 zł/m²,3 pokoje,Brak danych
3549,"2 pokoje, klimatyczne mieszkanie na sprzedaż, winda! [REZERWACJA]",290 000 zł,Łódź,Brak danych,"38,30 m² - 7571.8 zł/m²",2 pokoje,Brak danych
3550,Piękne nowe mieszkanie w idealnej lokalizacji!,645 000 złdo negocjacji,Białystok,Brak danych,52 m² - 12403.85 zł/m²,Brak danych,Brak danych
3551,"Kawalerka 28,3m2 z balkonem, do remontu, metro",375 000 zł,Warszawa,Brak danych,"28,30 m² - 13250.88 zł/m²",1 pokój,Brak danych
3552,Kawalerka z kuchnią | Górczyn | 32 m² | Widok z 8. piętra,260 000 zł,Gorzów Wielkopolski - Dzisiaj O 16:05,Brak danych,"32,40 m² - 8024.69 zł/m²",1 pokój,Brak danych
3553,"Mieszkanie 2-pokojowe, Zajezdnia Wrzeszcz, 47 m²",880 000 zł,Gdańsk,Brak danych,"47,22 m² - 18636.17 zł/m²",Brak danych,Brak danych
3554,Mieszkanie 3 pokojowe w starej kamienicy w Siemianowicach Śląskich,185 000 zł,Brak danych,Brak danych,87 m² - 2126.44 zł/m²,3 pokoje,Brak danych
3555,Pilnie#2-pokoje# Metro # okazja#,530 000 zł,Warszawa,Brak danych,"37,54 m² - 14118.27 zł/m²",Brak danych,Brak danych
3556,Kawalerka po generalnym remoncie z pięknymi zachodami!,499 000 zł,Warszawa,Brak danych,"30,40 m² - 16414.47 zł/m²",1 pokój,Brak danych
3557,Funkcjonalne 2 pokoje z oddzielną kuchnią blisko centrum,369 000 zł,Białystok,Brak danych,"48,40 m² - 7623.97 zł/m²",2 pokoje,Brak danych
3558,"Nowoczesna kawalerka, Wrocław ul. Bierutowska",359 000 zł,Wrocław,Brak danych,"26,50 m² - 13547.17 zł/m²",1 pokój,Brak danych
3559,Okazja. Przestronne 3 pokoje + kuchnio-jadalnia + ... !,760 000 zł,Toruń - 14 Czerwca 2025,Brak danych,72 m² - 10555.56 zł/m²,3 pokoje,Brak danych
3560,"Gotowiec inwestycyjny, urocza kawalerka 26,85 m2, ul. Bierutowska",359 000 zł,Wrocław,Brak danych,"26,85 m² - 13370.58 zł/m²",1 pokój,Brak danych
3561,Mieszkanie 3-pokojowe - Katowice,440 000 zł,Katowice,Brak danych,"50,80 m² - 8661.42 zł/m²",Brak danych,Brak danych
3562,Mieszkanie do wprowadzenia | Rybnik | Parter,214 000 zł,Rybnik - 15 Lipca 2025,Brak danych,"39,79 m² - 5378.24 zł/m²",Brak danych,Parter
3563,Bezczynszowe mieszkanie-6 km od Koszalina!,259 000 zł,Koszalin,Brak danych,"47,50 m² - 5452.63 zł/m²",Brak danych,Brak danych
3564,"Mieszkanie (54,8 mkw.) Opalenica, os. Centrum",367 160 zł,Brak danych,Brak danych,"54,80 m² - 6700 zł/m²",Brak danych,Brak danych
3565,Gdańsk Mieszkanie 2 pokoje wykończone PRYWATNIE,545 000 zł,Gdańsk - 16 Lipca 2025,Brak danych,39 m² - 13974.36 zł/m²,2 pokoje,Brak danych
3566,3 pokojowe mieszkanie za Sterem ul. Gen. Maczka,649 000 zł,Szczecin,Brak danych,71 m² - 9140.85 zł/m²,3 pokoje,Brak danych
3567,Blisko Centrum idealne na Inwestycję lub jako pierwsze mieszkanie,410 000 złdo negocjacji,Kraków,Brak danych,23 m² - 17826.09 zł/m²,Brak danych,Brak danych
3568,"Kawalerka 38 m² za odstępne – Łódź Górna, okolice Placu Niepodległości",25 000 złdo negocjacji,Łódź,Brak danych,36 m² - 694.44 zł/m²,1 pokój,Brak danych
3569,M3 Mieszkanie 2 pokoje Sierakowskiego po remoncie Łódź,359 000 zł,Łódź,Brak danych,"38,30 m² - 9373.37 zł/m²",2 pokoje,Brak danych
3570,Mieszkanie z potencjałem w dzielnicy muzycznej,347 000 zł,Bydgoszcz - Dzisiaj O 14:10,Brak danych,"47,45 m² - 7312.96 zł/m²",Brak danych,Brak danych
3571,"Osiedle Leśne, 2 pokoje, I piętro",490 000 zł,Bydgoszcz - 16 Lipca 2025,Brak danych,"54,51 m² - 8989.18 zł/m²",2 pokoje,490 piętro
3572,BEZPOŚREDNIO 3-pokojowe mieszkanie z balkonem na os. Braniborskim,499 999 zł,Brak danych,Brak danych,"52,20 m² - 9578.52 zł/m²",Brak danych,Brak danych
3573,Mieszkanie 3-pokojowe gotowe do zamieszkania,399 000 zł,Starogard Gdański - 15 Lipca 2025,Brak danych,"48,90 m² - 8159.51 zł/m²",Brak danych,Brak danych
3574,2 pokoje z oddzielną kuchnią,550 000 zł,Warszawa,Brak danych,38 m² - 14473.68 zł/m²,2 pokoje,Brak danych
3575,2 Pokoje | Po remoncie | Dolina Trzech Stawów,439 000 zł,Katowice - Dzisiaj O 09:45,Brak danych,43 m² - 10209.3 zł/m²,2 pokoje,Brak danych
3576,⭐Przytulne mieszkanie 2- pokojowe ⭐ możliwość zakupu GARAŻU ⭐,205 000 zł,Brak danych,Brak danych,"33,90 m² - 6047.2 zł/m²",Brak danych,Brak danych
3577,"3 Pokoje, LSM, Po Generalnym Remoncie, ul. Pozytywistów, Widok n Wąwóz",529 000 zł,Lublin - Odświeżono Dzisiaj O 11:18,Brak danych,48 m² - 11020.83 zł/m²,3 pokoje,Brak danych
3578,"Lokal,na Dowolną Działalność i Mieszkać #ZDECYDOWANIE #sprzedam",1 443 990 złdo negocjacji,Szczecin,Brak danych,143 m² - 10097.83 zł/m²,Brak danych,Brak danych
3579,2 pok mieszkanie na Bemowie osiedle Young City,540 000 zł,Warszawa,Brak danych,30 m² - 18000 zł/m²,Brak danych,Brak danych
3580,Kawalerka 30 m² po remoncie | Możliwość 2 pokoi | Wysoki standard,299 000 zł,Brak danych,Brak danych,30 m² - 9966.67 zł/m²,2 pokoje,Brak danych
3581,Duża Kawalerka blisko Uniwersytetu Szczecińskiego,395 000 zł,Szczecin,Brak danych,"43,40 m² - 9101.38 zł/m²",1 pokój,Brak danych
3582,"Niebuszewo, Mieszkanie 51m2 piętro 1",299 000 zł,Szczecin,Brak danych,"51,22 m² - 5837.56 zł/m²",Brak danych,2 piętro
3583,Mieszkanie 3 pokojowe z balkonem i zielenią za oknem,376 000 zł,Brak danych,Brak danych,48 m² - 7833.33 zł/m²,3 pokoje,Brak danych
3584,"2 pokoje, klimatyczne mieszkanie na sprzedaż, winda! [REZERWACJA]",290 000 zł,Łódź,Brak danych,"38,30 m² - 7571.8 zł/m²",2 pokoje,Brak danych
3585,"Kawalerka 28,3m2 z balkonem, do remontu, metro",375 000 zł,Warszawa,Brak danych,"28,30 m² - 13250.88 zł/m²",1 pokój,Brak danych
3586,Kawalerka z kuchnią | Górczyn | 32 m² | Widok z 8. piętra,260 000 zł,Gorzów Wielkopolski - Dzisiaj O 16:05,Brak danych,"32,40 m² - 8024.69 zł/m²",1 pokój,Brak danych
3587,Piękne nowe mieszkanie w idealnej lokalizacji!,645 000 złdo negocjacji,Białystok,Brak danych,52 m² - 12403.85 zł/m²,Brak danych,Brak danych
3588,"Mieszkanie 2-pokojowe, Zajezdnia Wrzeszcz, 47 m²",880 000 zł,Gdańsk,Brak danych,"47,22 m² - 18636.17 zł/m²",Brak danych,Brak danych
3589,Mieszkanie 3 pokojowe w starej kamienicy w Siemianowicach Śląskich,185 000 zł,Brak danych,Brak danych,87 m² - 2126.44 zł/m²,3 pokoje,Brak danych
3590,Pilnie#2-pokoje# Metro # okazja#,530 000 zł,Warszawa,Brak danych,"37,54 m² - 14118.27 zł/m²",Brak danych,Brak danych
3591,Kawalerka po generalnym remoncie z pięknymi zachodami!,499 000 zł,Warszawa,Brak danych,"30,40 m² - 16414.47 zł/m²",1 pokój,Brak danych
3592,Funkcjonalne 2 pokoje z oddzielną kuchnią blisko centrum,369 000 zł,Białystok,Brak danych,"48,40 m² - 7623.97 zł/m²",2 pokoje,Brak danych
3593,"Nowoczesna kawalerka, Wrocław ul. Bierutowska",359 000 zł,Wrocław,Brak danych,"26,50 m² - 13547.17 zł/m²",1 pokój,Brak danych
3594,Okazja. Przestronne 3 pokoje + kuchnio-jadalnia + ... !,760 000 zł,Toruń - 14 Czerwca 2025,Brak danych,72 m² - 10555.56 zł/m²,3 pokoje,Brak danych
3595,"Gotowiec inwestycyjny, urocza kawalerka 26,85 m2, ul. Bierutowska",359 000 zł,Wrocław,Brak danych,"26,85 m² - 13370.58 zł/m²",1 pokój,Brak danych
3596,Mieszkanie 3-pokojowe - Katowice,440 000 zł,Katowice,Brak danych,"50,80 m² - 8661.42 zł/m²",Brak danych,Brak danych
3597,Mieszkanie do wprowadzenia | Rybnik | Parter,214 000 zł,Rybnik - 15 Lipca 2025,Brak danych,"39,79 m² - 5378.24 zł/m²",Brak danych,Parter
3598,Bezczynszowe mieszkanie-6 km od Koszalina!,259 000 zł,Koszalin,Brak danych,"47,50 m² - 5452.63 zł/m²",Brak danych,Brak danych
3599,"Mieszkanie (54,8 mkw.) Opalenica, os. Centrum",367 160 zł,Brak danych,Brak danych,"54,80 m² - 6700 zł/m²",Brak danych,Brak danych
3600,Gdańsk Mieszkanie 2 pokoje wykończone PRYWATNIE,545 000 zł,Gdańsk - 16 Lipca 2025,Brak danych,39 m² - 13974.36 zł/m²,2 pokoje,Brak danych
3601,3 pokojowe mieszkanie za Sterem ul. Gen. Maczka,649 000 zł,Szczecin,Brak danych,71 m² - 9140.85 zł/m²,3 pokoje,Brak danych
3602,Blisko Centrum idealne na Inwestycję lub jako pierwsze mieszkanie,410 000 złdo negocjacji,Kraków,Brak danych,23 m² - 17826.09 zł/m²,Brak danych,Brak danych
3603,Mieszkanie 2 pokoje. Blisko centrum,265 000 zł,Brak danych,Brak danych,46 m² - 5760.87 zł/m²,2 pokoje,Brak danych
3604,"Kawalerka 38 m² za odstępne – Łódź Górna, okolice Placu Niepodległości",25 000 złdo negocjacji,Łódź,Brak danych,36 m² - 694.44 zł/m²,1 pokój,Brak danych
3605,M3 Mieszkanie 2 pokoje Sierakowskiego po remoncie Łódź,359 000 zł,Łódź,Brak danych,"38,30 m² - 9373.37 zł/m²",2 pokoje,Brak danych
3606,Mieszkanie z potencjałem w dzielnicy muzycznej,347 000 zł,Bydgoszcz - Dzisiaj O 14:10,Brak danych,"47,45 m² - 7312.96 zł/m²",Brak danych,Brak danych
3607,"Osiedle Leśne, 2 pokoje, I piętro",490 000 zł,Bydgoszcz - 16 Lipca 2025,Brak danych,"54,51 m² - 8989.18 zł/m²",2 pokoje,490 piętro
3608,BEZPOŚREDNIO 3-pokojowe mieszkanie z balkonem na os. Braniborskim,499 999 zł,Brak danych,Brak danych,"52,20 m² - 9578.52 zł/m²",Brak danych,Brak danych
3609,Mieszkanie 3-pokojowe gotowe do zamieszkania,399 000 zł,Starogard Gdański - 15 Lipca 2025,Brak danych,"48,90 m² - 8159.51 zł/m²",Brak danych,Brak danych
3610,2 pokoje z oddzielną kuchnią,550 000 zł,Warszawa,Brak danych,38 m² - 14473.68 zł/m²,2 pokoje,Brak danych
3611,2 Pokoje | Po remoncie | Dolina Trzech Stawów,439 000 zł,Katowice - Dzisiaj O 09:45,Brak danych,43 m² - 10209.3 zł/m²,2 pokoje,Brak danych
3612,⭐Przytulne mieszkanie 2- pokojowe ⭐ możliwość zakupu GARAŻU ⭐,205 000 zł,Brak danych,Brak danych,"33,90 m² - 6047.2 zł/m²",Brak danych,Brak danych
3613,"3 Pokoje, LSM, Po Generalnym Remoncie, ul. Pozytywistów, Widok n Wąwóz",529 000 zł,Lublin - Odświeżono Dzisiaj O 11:18,Brak danych,48 m² - 11020.83 zł/m²,3 pokoje,Brak danych
3614,"Lokal,na Dowolną Działalność i Mieszkać #ZDECYDOWANIE #sprzedam",1 443 990 złdo negocjacji,Szczecin,Brak danych,143 m² - 10097.83 zł/m²,Brak danych,Brak danych
3615,2 pok mieszkanie na Bemowie osiedle Young City,540 000 zł,Warszawa,Brak danych,30 m² - 18000 zł/m²,Brak danych,Brak danych
3616,Kawalerka 30 m² po remoncie | Możliwość 2 pokoi | Wysoki standard,299 000 zł,Brak danych,Brak danych,30 m² - 9966.67 zł/m²,2 pokoje,Brak danych
3617,Duża Kawalerka blisko Uniwersytetu Szczecińskiego,395 000 zł,Szczecin,Brak danych,"43,40 m² - 9101.38 zł/m²",1 pokój,Brak danych
3618,"Niebuszewo, Mieszkanie 51m2 piętro 1",299 000 zł,Szczecin,Brak danych,"51,22 m² - 5837.56 zł/m²",Brak danych,2 piętro
3619,Mieszkanie 3 pokojowe z balkonem i zielenią za oknem,376 000 zł,Brak danych,Brak danych,48 m² - 7833.33 zł/m²,3 pokoje,Brak danych
3620,"2 pokoje, klimatyczne mieszkanie na sprzedaż, winda! [REZERWACJA]",290 000 zł,Łódź,Brak danych,"38,30 m² - 7571.8 zł/m²",2 pokoje,Brak danych
3621,"Kawalerka 28,3m2 z balkonem, do remontu, metro",375 000 zł,Warszawa,Brak danych,"28,30 m² - 13250.88 zł/m²",1 pokój,Brak danych
3622,Kawalerka z kuchnią | Górczyn | 32 m² | Widok z 8. piętra,260 000 zł,Gorzów Wielkopolski - Dzisiaj O 16:05,Brak danych,"32,40 m² - 8024.69 zł/m²",1 pokój,Brak danych
3623,Piękne nowe mieszkanie w idealnej lokalizacji!,645 000 złdo negocjacji,Białystok,Brak danych,52 m² - 12403.85 zł/m²,Brak danych,Brak danych
3624,Okazja. Przestronne 3 pokoje + kuchnio-jadalnia + ... !,760 000 zł,Toruń - 14 Czerwca 2025,Brak danych,72 m² - 10555.56 zł/m²,3 pokoje,Brak danych
3625,"Mieszkanie 2-pokojowe, Zajezdnia Wrzeszcz, 47 m²",880 000 zł,Gdańsk,Brak danych,"47,22 m² - 18636.17 zł/m²",Brak danych,Brak danych
3626,Mieszkanie 3 pokojowe w starej kamienicy w Siemianowicach Śląskich,185 000 zł,Brak danych,Brak danych,87 m² - 2126.44 zł/m²,3 pokoje,Brak danych
3627,Pilnie#2-pokoje# Metro # okazja#,530 000 zł,Warszawa,Brak danych,"37,54 m² - 14118.27 zł/m²",Brak danych,Brak danych
3628,Kawalerka po generalnym remoncie z pięknymi zachodami!,499 000 zł,Warszawa,Brak danych,"30,40 m² - 16414.47 zł/m²",1 pokój,Brak danych
3629,Funkcjonalne 2 pokoje z oddzielną kuchnią blisko centrum,369 000 zł,Białystok,Brak danych,"48,40 m² - 7623.97 zł/m²",2 pokoje,Brak danych
3630,"Nowoczesna kawalerka, Wrocław ul. Bierutowska",359 000 zł,Wrocław,Brak danych,"26,50 m² - 13547.17 zł/m²",1 pokój,Brak danych
3631,"Nowe Wykończone 2 pokoje 43,4m2 + ogródek 55m2, brak PCC, Właściciel.",859 000 zł,Kraków,Brak danych,"43,40 m² - 19792.63 zł/m²",2 pokoje,Brak danych
3632,"Gotowiec inwestycyjny, urocza kawalerka 26,85 m2, ul. Bierutowska",359 000 zł,Wrocław,Brak danych,"26,85 m² - 13370.58 zł/m²",1 pokój,Brak danych
3633,Sprzedam mieszkanie 3-pokojowe,650 000 zł,Opole - 16 Lipca 2025,Brak danych,"61,68 m² - 10538.26 zł/m²",Brak danych,Brak danych
3634,Mieszkanie do wprowadzenia | Rybnik | Parter,214 000 zł,Rybnik - 15 Lipca 2025,Brak danych,"39,79 m² - 5378.24 zł/m²",Brak danych,Parter
3635,Bezczynszowe mieszkanie-6 km od Koszalina!,259 000 zł,Koszalin,Brak danych,"47,50 m² - 5452.63 zł/m²",Brak danych,Brak danych
3636,"Mieszkanie (54,8 mkw.) Opalenica, os. Centrum",367 160 zł,Brak danych,Brak danych,"54,80 m² - 6700 zł/m²",Brak danych,Brak danych
3637,Gdańsk Mieszkanie 2 pokoje wykończone PRYWATNIE,545 000 zł,Gdańsk - 16 Lipca 2025,Brak danych,39 m² - 13974.36 zł/m²,2 pokoje,Brak danych
3638,3 pokojowe mieszkanie za Sterem ul. Gen. Maczka,649 000 zł,Szczecin,Brak danych,71 m² - 9140.85 zł/m²,3 pokoje,Brak danych
3639,Blisko Centrum idealne na Inwestycję lub jako pierwsze mieszkanie,410 000 złdo negocjacji,Kraków,Brak danych,23 m² - 17826.09 zł/m²,Brak danych,Brak danych
3640,Mieszkanie 2 pokoje. Blisko centrum,265 000 zł,Brak danych,Brak danych,46 m² - 5760.87 zł/m²,2 pokoje,Brak danych
