id,tytuł,cena,miasto,dzielnica,metry_kwadratowe,liczba_pokoi,piętro
1,❗️PROMOCJA❗️PONIŻEJ 10k/m2✅Dwustr. M4✅Łaź+WC✅Aneks z oknem✅INNE PIETRA,692 419 zł,Poznań,Miasto,70.6 m²,4 pokoje,1 piętro
2,"Przestronne i funkcjonalne mieszkanie na Gocławiu, 71,2m2, 3 pokoje",211 375 000 zł,Warszawa,Południe,71.2 m²,3 pokoje,4 piętro
3,3 pokoje z widokiem na Centrum Gocław,815 000 zł,Warszawa,Południe,62.02 m²,3 pokoje,9 piętro
4,"Mieszkanie 3-pokoje,wyposażone , ul. Laurowa 8 / Dożynkowa / Ponikwoda",599 900 zł,Lublin,Ponikwoda,53 m²,3 pokoje,3 piętro
5,Gocław Fieldorfa 3 pokoje oddzielna kuchnia moż. zakupu garaż podziem.,91 405 000 zł,Warszawa,Południe,74.4 m²,3 pokoje,6 piętro
6,"Mieszkanie 4 pok. z balkonem, ogródek, MP w cenie! Park! Wroclaw",760 000 zł,Wrocław,Krzyki,86 m²,4 pokoje,1 piętro
7,Okazja! Przestronna kawalerka z widną kuchnią,649 000 zł,Warszawa,Południe,37 m²,1 pokoje,2 piętro
8,"Odolany | Komfortowe 3 pokoje z klimatyzacją, garażem i komórką",211 099 000 zł,Warszawa,Wola,54.8 m²,3 pokoje,2 piętro
9,Mieszkanie do zamieszkania,449 000 zł,Białystok,Miasto,41.45 m²,2 pokoje,2 piętro
10,Jasne / Rozkładowe - z dużym Balkonem,304 700 zł,Chorzów,Brak danych,43 m²,2 pokoje,3 piętro
11,Craft Zabłocie,1 058 631 zł,Kraków,Podgórze,78 m²,4 pokoje,Brak danych
12,Chmielna Duo | zapytaj o cenę promocyjną,28 307 zł,Warszawa,Wola,89 m²,3 pokoje,Brak danych
13,REZERWCJA Kawalerka 40m2 Doskonała Lokalizacja Wirek Centrum A4/DTŚ,198 000 zł,Ruda,Bykowina,41 m²,1 pokoje,2 piętro
14,NOWA CENA Słoneczne 2 Pokojowe Mieszkanie z Dużym Balkonem 39m2 Godula,205 000 zł,Ruda,Godula,39.7 m²,2 pokoje,5 piętro
15,"Metro St. Bielany, kamienica, balkon, parking",630 000 zł,Warszawa,Bielany,32 m²,2 pokoje,1 piętro
16,Rozkładowe M-3 z balkonem i windą blisko przystanki MPK,265 000 zł,Łódź,Bałuty,36.87 m²,2 pokoje,5 piętro
17,Mieszkanie 2 pok 51m2,585 000 zł,Gdańsk,Brak danych,51 m²,2 pokoje,3 piętro
18,Idealne ! Ponikwoda - Duże Rabaty ! Okazja,318 000 zł,Lublin,Kalinowszczyzna,27.72 m²,2 pokoje,2 piętro
19,5 pokoi 72m2 os.Nałkowskich ul.Romera pietro 4z4 bez windy,569 000 zł,Lublin,Wrotków,72.5 m²,5 pokoje,4 piętro
20,Apartament Nowa Zamiejska,750 000 zł,Słupsk,Zamiejska,68 m²,3 pokoje,parter
21,Medyków 32 | mieszkanie 4-pok. | 31,822 600 zł,Katowice,Panewniki,82.26 m²,4 pokoje,1 piętro
22,2 pokojowe Mieszkanie w otulinie Parku Moczydło tonące w zieleni,779 000 zł,Warszawa,Wola,48.36 m²,2 pokoje,parter
23,2 pokoje 45m2 z ogródkiem 30m2 w Zamieniu koło Ursynowa,599 000 zł,Warszawa,Ursynów,44.68 m²,2 pokoje,parter
24,Mieszkanie ul. Elizy Orzeszkowej (Nowe Skiereszewo) BEZ POŚREDNIKÓW,495 000 zł,Brak danych,Brak danych,52.13 m²,3 pokoje,parter
25,Trzy pokoje z możliwością czterech. Super oferta.,349 000 zł,Brak danych,Brak danych,78.24 m²,3 pokoje,2 piętro
26,Jasna/wysoki sufit/duże okna/ścisłe centrum PZŃ,489 000 zł,Poznań,Miasto,25.8 m²,1 pokoje,2 piętro
27,Mieszkanie inwestycyjne Architektów! 3 pokoje,620 000 zł,Rzeszów,Czarnego,54.69 m²,3 pokoje,6 piętro
28,Bardzo dobrze skomunikowane mieszkanie w zielonej okolicy!,639 000 zł,Warszawa,Bielany,56 m²,3 pokoje,4 piętro
29,Okazja! Ładne mieszkanie na Kapuściskach,320 000 zł,Bydgoszcz,Kapuściska,50.64 m²,2 pokoje,1 piętro
30,"Żoliborz. 2 pokoje z widną kuchnią, parking. Park.",799 000 zł,Warszawa,Żoliborz,48 m²,2 pokoje,1 piętro
31,Przytulne mieszkanie,209 500 zł,Brak danych,Brak danych,32.7 m²,2 pokoje,2 piętro
32,Mieszkanie na sprzedaż | Kraków | Libertów,912 500 zł,Kraków,Brak danych,173 m²,4 pokoje,parter
33,Bez pośredników! Wyremontowane jasne M3!,300 000 zł,Bydgoszcz,Śródmieście,35.4 m²,2 pokoje,3 piętro
34,Apartamenty Nova Sośnica,995 zł,Gliwice,Sośnica,75 m²,4 pokoje,Brak danych
35,Takt Lirników,14 189 zł,Kraków,Duchackie,82 m²,4 pokoje,Brak danych
36,3-pokojowe mieszkanie 65m2 + 2 balkony,892 926 zł,Kraków,Biały,65.85 m²,3 pokoje,5 piętro
37,2-pokojowe mieszkanie 40m2 + loggia,31 008 zł,Warszawa,Wola,108 m²,4 pokoje,Brak danych
38,3-pokojowe mieszkanie 59m2 + balkon,784 267 zł,Warszawa,Białołęka,59.19 m²,3 pokoje,4 piętro
39,Przytulne mieszkanie w bardzo dobrej lokalizacji,549 000 zł,Gdynia,Grabówek,46 m²,2 pokoje,1 piętro
40,"Stylowa kawalerka z balkonem, garażem i komórką",637 000 zł,Warszawa,Wola,29 m²,1 pokoje,4 piętro
41,"Dwustronne, bardzo funkcjonalne mieszkanie..",650 000 zł,Gdynia,Leśniczówka,49.1 m²,3 pokoje,1 piętro
42,❗️ Ostatnie taki układ_narożny 4pok_Bezpośrednio❗️,610 000 zł,Gliwice,Brak danych,70 m²,4 pokoje,1 piętro
43,Duże dwupiętrowe mieszkanie ul.Kozacka Marki,171 050 000 zł,Brak danych,Brak danych,108 m²,4 pokoje,1 piętro
44,Medyków 32 | mieszkanie 4-pok. | 31,822 600 zł,Katowice,Panewniki,82.26 m²,4 pokoje,1 piętro
45,"Mieszkanie 3 pokojowe; 55,7 m2; po remoncie",320 000 zł,Radom,Pionki,55.7 m²,3 pokoje,parter
46,Julianów - piękne mieszkanie w świetnej lokalizacji,529 000 zł,Łódź,Bałuty,69 m²,3 pokoje,8 piętro
47,Przytulne 3 pokoje z tarasem na Saskiej Kępie,141 067 500 zł,Warszawa,Południe,61 m²,3 pokoje,5 piętro
48,"St.Mokotów, 4 pokoje + taras, Rezydencja Tagore",102 780 000 zł,Warszawa,Mokotów,106 m²,4 pokoje,3 piętro
49,"5-pokoi, ogródek, taras, Metro Wierzbno",193 120 000 zł,Warszawa,Mokotów,130 m²,5 pokoje,parter
50,"Biskupin, ul. Gersona/2 pok. balkon, rozkład",460 000 zł,Wrocław,Śródmieście,36.26 m²,2 pokoje,4 piętro
51,Kawalerka z ogródkiem na Sadach Żoliborskich,450 000 zł,Warszawa,Żoliborz,26.5 m²,1 pokoje,10 piętro
52,Mieszkanie 3 pokoje Jakubskie BEZ POŚREDNIKÓW Piwnica,690 000 zł,Toruń,Przedmieście,61 m²,3 pokoje,3 piętro
53,Sprzedam 36m2 Kraków Nowa Huta,530 000 zł,Kraków,Brak danych,36 m²,1 pokoje,3 piętro
54,Mieszkanie bezczynszowe | duży ogród | Koszalin,429 000 zł,Koszalin,Brak danych,51.26 m²,3 pokoje,parter
55,Mieszkanie Powiśle 39m2 3 piętro z balkonem Inwest,702 000 zł,Warszawa,Śródmieście,39 m²,2 pokoje,3 piętro
56,Kawalerka z widokiem na Pałac Kultury i Nauki,789 000 zł,Warszawa,Śródmieście,21 m²,1 pokoje,10 piętro
57,4-pokojowe mieszkanie 104m2 + balkon Bezpośrednio,200 zł,Katowice,Ochojec,113 m²,5 pokoje,Brak danych
58,Atal Apollina,134 zł,Gdańsk,Kolbudy,95 m²,4 pokoje,Brak danych
59,3-pokojowe mieszkanie 64m2 + loggia,873 450 zł,Kraków,Podgórze,64.7 m²,3 pokoje,4 piętro
60,Apartament 50m2 Wilanów Ogród 40m2/garaż,936 700 zł,Warszawa,Wilanów,49.3 m²,2 pokoje,parter
61,Gocławek 80m2 3 pokoje z garażem,915 000 zł,Warszawa,Wawer,79.95 m²,3 pokoje,3 piętro
62,✅MEGA RABAT✅2 pokoje 39m2✔️OGRÓDEK✅ TOP lokalizacja✅BLISKO tramwaj,439 225 zł,Poznań,Miasto,38.9 m²,2 pokoje,parter
63,❗OKAZJA❗2 pok. 43m2✅BALKON✅TANIE MP❗Tramwaj 3 min❗ Politechnika 15min,468 867 zł,Poznań,Miasto,43.04 m²,2 pokoje,2 piętro
64,"St.Mokotów, 4 pokoje + taras, Rezydencja Tagore",2 780 000 zł,Warszawa,Mokotów,106 m²,4 pokoje,3 piętro
65,3 pokoje/ balkon/ miejsce postojowe/ 62 m2,829 000 zł,Wrocław,Fabryczna,62.1 m²,3 pokoje,1 piętro
66,Dwupoziomowe mieszkanie z ogrodem i garażem na sprzedaż,699 000 zł,Brak danych,Brak danych,108.27 m²,4 pokoje,parter
67,Sprzedam mieszkanie 2 pokojowe ul. Strachocińska,489 000 zł,Wrocław,Pole,43.27 m²,2 pokoje,2 piętro
68,OKAZJA❗M2 42m2✅BALKON✅BLISKO tramwaj✅TANIE MP❗Politechnika 15 min,463 868 zł,Poznań,Miasto,42.29 m²,2 pokoje,5 piętro
69,❗PROMOCJA❗2 pok. 39m2✅TRAMWAJ✅❗TANIE MP w hali❗Tramwaj 200m✅OKAZJA,496 944 zł,Poznań,Miasto,39.44 m²,2 pokoje,1 piętro
70,OKAZJA❗Ostatnie M4 57m2✅2 BALKONY✔️Łaz+WC❗Tanie MP w hali❗OSTATNIE,581 146 zł,Poznań,Miasto,57.08 m²,4 pokoje,4 piętro
71,❗GOTOWE❗M2 39m2★BALKON✅GRATIS PODDASZE ✅klucze od ręki❗,491 947 zł,Poznań,Miasto,39.16 m²,2 pokoje,4 piętro
72,❗GOTOWE❗M3 54m2★BALKON✅GRATIS PODDASZE ❗TANIE MP w hali❗Zobacz na żywo,618 960 zł,Poznań,Miasto,54.26 m²,3 pokoje,4 piętro
73,❗OKAZJA❗3 pok.57m2✅2 balkony✔️GARDEROBA❗BLISKO tramwaj❗Tanie MP w hali,580 094 zł,Poznań,Miasto,56.6 m²,3 pokoje,3 piętro
74,★GOTOWE★4 pok 67m2 dwustronne ❗GRATIS PODDASZE❗TANIE MP w hali❗ Jasne,744 506 zł,Poznań,Miasto,67.34 m²,4 pokoje,4 piętro
75,✅HiT❗OKAZJA✅WIELKI balkon★GARDEROBA❗Tanie MP w hali❗PROMOCJA,631 810 zł,Poznań,Miasto,61.5 m²,4 pokoje,1 piętro
76,❗GOTOWE❗M4 59m2★BALKON✅GRATIS PODDASZE ❗TANIE MP ❗Umów się i zobacz,649 294 zł,Poznań,Miasto,59.5 m²,4 pokoje,4 piętro
77,WIELKI SALON❗M4 87m2★BALKON✅GRATIS wielkie PODDASZE ❗TANIE MP w hali,968 443 zł,Poznań,Miasto,87.57 m²,4 pokoje,4 piętro
78,Każdy chce ten Apartament 61m2 3 pokoje Garaż,211 400 000 zł,Warszawa,Bielany,61 m²,3 pokoje,1 piętro
79,Atrakcyjna kawalerka z wyposażeniem na Retkini!,285 000 zł,Łódź,Polesie,31 m²,1 pokoje,3 piętro
80,Bardzo Niski Czynsz Super lokalizacja 10 min do Katowic 2 pokoje Blok,339 000 zł,Brak danych,Brak danych,48 m²,2 pokoje,3 piętro
81,3-Pokoje - rozkładowe - ul. Przy Kaszowniku,415 000 zł,Toruń,Mokre,45.8 m²,3 pokoje,4 piętro
82,"Nowoczesna kawalerka ul. Wolska 165, budynek 2019",419 999 zł,Warszawa,Wola,21.52 m²,1 pokoje,2 piętro
83,Mieszkanie w centrum miasta,340 000 zł,Tychy,Dorota,41.2 m²,2 pokoje,4 piętro
84,"Nowe , gotowe , CENTRUM bez PCC os.SIENKIEWICZA",699 000 zł,Białystok,Sienkiewicza,46.5 m²,3 pokoje,7 piętro
85,Tylko u Nas ! Rozkładowe 3 pokoje z loggią.,465 000 zł,Łódź,Polesie,62 m²,3 pokoje,6 piętro
86,"2 pokoje, jasna kuchnia, balkon, Grzegórzki Nullo!",770 000 zł,Brak danych,Brak danych,49.5 m²,2 pokoje,4 piętro
87,"2 pok., do zamieszkania",556 000 zł,Wrocław,Krzyki,47 m²,3 pokoje,1 piętro
88,3 pokoje po remoncie -Grunwald,599 000 zł,Poznań,Grunwald,48 m²,3 pokoje,6 piętro
89,2 pokoje w prestiżowej kamienicy na Jeżycach,810 000 zł,Poznań,Jeżyce,47 m²,2 pokoje,3 piętro
90,Przestronne 2-pokojowe mieszkanie z balkonem,375 000 zł,Brak danych,Brak danych,51 m²,2 pokoje,4 piętro
91,"Mieszkanie w centrum z balkonem, 3 stronne! Łazienka z oknami",564 995 zł,Białystok,Przydworcowe,60 m²,4 pokoje,parter
92,Dla rodziny-Zielone osiedle-metro,895 000 zł,Warszawa,Bemowo,66.16 m²,3 pokoje,2 piętro
93,✅ 3pokoje | DUŻY BALKONY | Harmonogram 20/80 |Zielono❗️ GOTOWE 2025 ❗️,939 200 zł,Warszawa,Włochy,55.58 m²,3 pokoje,2 piętro
94,"Gdańsk, Osiedle Koncept – 4 pokoje, balkon, garaż,",201 399 000 zł,Gdańsk,Brak danych,90.2 m²,4 pokoje,4 piętro
95,Wykończone M2 w nowym bloku z 2025r!,559 000 zł,Wrocław,Fabryczna,35 m²,2 pokoje,1 piętro
96,"Górzyskowo, 2012r, gotowe do zamieszkania, balkon,",437 000 zł,Bydgoszcz,Górzyskowo,44.85 m²,2 pokoje,parter
97,Mieszkanie Kamieniec ul.klonowa 55.8 2 pokoje,580 000 zł,Wrocław,Brak danych,55.8 m²,2 pokoje,1 piętro
98,Do zamieszkania 59.5m2 - ul. Paderewskiego,480 000 zł,Łódź,Górna,59.5 m²,3 pokoje,parter
99,"Nowe > 27,29 m2 > Białołęka > ul.Mańkowska",376 088 zł,Warszawa,Białołęka,27.29 m²,1 pokoje,parter
100,Mieszkanie 48m2 3p 2 pokoje,439 200 zł,Brak danych,Brak danych,48 m²,2 pokoje,3 piętro
101,2-pokojowe mieszkanie -Antoniuk,365 000 zł,Białystok,Antoniuk,36.29 m²,2 pokoje,7 piętro
102,3pok do remontu piwnica Bemowo inwestycja loggia,750 000 zł,Warszawa,Bemowo,61.7 m²,3 pokoje,2 piętro
103,OKAZJA❗M2 42m2✅BALKON✅BLISKO tramwaj✅TANIE MP❗Politechnika 15 min,463 868 zł,Poznań,Miasto,42.29 m²,2 pokoje,5 piętro
104,Rezydencja Centrum | apartament 1-pok. | 7,273 745 zł,Gliwice,Śródmieście,25.23 m²,1 pokoje,1 piętro
105,Cena do negocjacji! Przestronne 3-pokojowe mieszkanie z balkonem,295 000 zł,Jastrzębie,Turystyczna,57.91 m²,3 pokoje,2 piętro
106,Sobieskiego / 3 pokoje + kuchnia / loggia / piwnica - PEŁNA WŁASNOŚĆ,770 000 zł,Warszawa,Wilanów,56.2 m²,3 pokoje,parter
107,Najlepszy widok-Do wprowadzenia-Metro Stadion 4',970 000 zł,Warszawa,Południe,68.79 m²,3 pokoje,7 piętro
108,"BEZPOŚREDNIO | Słoneczne, przestronne M3 | Cisza na najwyższym piętrze",446 000 zł,Poznań,Swarzędz,63.8 m²,3 pokoje,4 piętro
109,2 pokoje| Idealne dla STUDENTA | Zielny widok z okna,340 000 zł,Poznań,Miasto,28.41 m²,2 pokoje,2 piętro
110,kawalerka na start | ogródek | zielona okolica,409 000 zł,Kraków,Biały,24.49 m²,1 pokoje,1 piętro
111,2-pokojowe mieszkanie 38m2 + ogródek Bezpośrednio,300 zł,Łódź,Górna,57 m²,3 pokoje,Brak danych
112,BEZPOŚREDNIO | 2 Pokoje + Jasna kuchnia | BALKON | 400m od UAM!,147 000 zł,Brak danych,Brak danych,36.94 m²,2 pokoje,2 piętro
113,Widne mieszkanie 3-pokojowe w kameralnym bloku z monitoringiem Bielany,201 040 000 zł,Warszawa,Bielany,57.01 m²,3 pokoje,4 piętro
114,Piękne 3 pokoje z ogródkiem,980 000 zł,Gdańsk,Brak danych,74.7 m²,3 pokoje,parter
115,"Ładna kawalerka, M2 Bytom, Rozbark, I piętro,",155 000 zł,Bytom,Brak danych,36 m²,1 pokoje,Brak danych
116,Nowe 2 pokojowe pod lasem - kupujący 0% prowizji,412 000 zł,Szczecin,Północ,45.26 m²,2 pokoje,1 piętro
117,Przestronne 3-pokojowe mieszkanie,349 000 zł,Brak danych,Brak danych,49.63 m²,3 pokoje,parter
118,Apartamenty z ogródkiem ul. Śląska Nowa Inwestycja,690 000 zł,Brak danych,Brak danych,85 m²,4 pokoje,parter
119,"Pruszków centrum 63 m2, 3 pok, 2015 rok, garaż",696 000 zł,Brak danych,Brak danych,63.28 m²,3 pokoje,2 piętro
120,"Pruszków blisko WKD 30 m2, pierwsze piętro !!!",399 000 zł,Brak danych,Brak danych,30 m²,1 pokoje,1 piętro
121,"Wrocław, Fabryczna, Żerniki, Strachowicka",520 000 zł,Wrocław,Brak danych,43.1 m²,2 pokoje,2 piętro
122,Mieszkanie blisko 40 mkw z przestronną kuchnią,227 000 zł,Brak danych,Brak danych,39.49 m²,1 pokoje,2 piętro
123,Nowe apartamenty w Mikołowie z własnymi ogródkami,599 000 zł,Brak danych,Brak danych,69.15 m²,3 pokoje,parter
124,"Kawalerka po remoncie, 5 minut od plaży | Kaczyńskiego 2, Gdańsk",498 000 zł,Gdańsk,Brak danych,27 m²,1 pokoje,4 piętro
125,Sprzedam mieszkanie w Ostrowie Wielkopolski,289 000 zł,Brak danych,Brak danych,38 m²,2 pokoje,3 piętro
126,Gotowe do wprowadzenia mieszkanie Strażacka,695 000 zł,Rzeszów,Drabinianka,63.05 m²,3 pokoje,3 piętro
127,Sobieskiego / 3 pokoje + kuchnia / loggia / piwnica - PEŁNA WŁASNOŚĆ,770 000 zł,Warszawa,Wilanów,56.2 m²,3 pokoje,parter
128,"Mieszkanie na sprzedaż Mokotów, Siekierki, 28,92 m2",647 000 zł,Warszawa,Mokotów,28.92 m²,1 pokoje,3 piętro
129,"Znakomita lokalizacja, przytulne, gotowe do wprowadzenia, Bokserska",770 000 zł,Warszawa,Ursynów,36.8 m²,2 pokoje,7 piętro
130,"Przestań czekać! Nowoczesne M3, Po remoncie, Niski czynsz – zamieszkaj",375 000 zł,Brak danych,Brak danych,47 m²,3 pokoje,parter
131,Zacisze 2-pokojowe do wprowadzenia.,400 000 zł,Brak danych,Brak danych,52.9 m²,2 pokoje,4 piętro
132,"Przytulne 2 pokoje, balkon, możliwość 3 pokoi",615 000 zł,Wrocław,Krzyki,58.6 m²,2 pokoje,2 piętro
133,Mieszkanie z garażem - jedyna taka oferta w Śremie,450 000 zł,Brak danych,Brak danych,48 m²,3 pokoje,3 piętro
134,Okazja - 2 pokoje z wyposażeniem - Gaj,619 000 zł,Wrocław,Krzyki,54.2 m²,2 pokoje,parter
135,"Bezpośrednio, super lokalizacja, garaż i kom lok. w cenie",212 090 000 zł,Warszawa,Wilanów,124.5 m²,4 pokoje,4 piętro
136,"Mieszkanie, ul. Arbuzowa Wrocław, bez pośredników",585 000 zł,Wrocław,Brak danych,43.56 m²,2 pokoje,1 piętro
137,"Mieszkanie na parterze, Siedlce, Poznańska",449 000 zł,Poznań,Siedlce,50.1 m²,2 pokoje,parter
138,3 pokoje/ balkon/ miejsce postojowe/ 62 m2,829 000 zł,Wrocław,Fabryczna,62.1 m²,3 pokoje,1 piętro
139,Mieszkanie w Rudzie Śląskiej ul. Wolności,199 000 zł,Ruda,Wolności,59.8 m²,2 pokoje,2 piętro
140,"Mieszkanie 35,20 mkw, spokojna okolica, centrum",399 000 zł,Wrocław,Fabryczna,35.2 m²,2 pokoje,3 piętro
141,Lokum Porto,12 788 zł,Wrocław,Miasto,151 m²,5 pokoje,Brak danych
142,Osiedle Józefowska,10 400 zł,Katowice,Józefowiec,116 m²,5 pokoje,Brak danych
143,Teatralna 3,900 zł,Sosnowiec,Śródmieście,80 m²,4 pokoje,Brak danych
144,✅DOŚWIETLONY UKŁAD✅ 8 piętro | Duży SALON❗️PROMOCJA❗️Tanie M.Postojowe,469 469 zł,Poznań,Miasto,42.51 m²,2 pokoje,8 piętro
145,❗️OKAZJA❗️Ostatnie takie M4 w NOWEJ INWESTYCJI✅Piętro 4/8✅Smart Home✅,581 145 zł,Poznań,Miasto,57 m²,4 pokoje,4 piętro
146,Zacisze 2-pokojowe do wprowadzenia.,400 000 zł,Brak danych,Brak danych,52.9 m²,2 pokoje,4 piętro
147,3-pokojowe mieszkanie 58m2 + balkon Bez Prowizji,519 000 zł,Brak danych,Brak danych,58.82 m²,3 pokoje,1 piętro
148,⭐️Piękna Kawalerka na Bemowie ⭐️Duży Taras⭐️Garaż⭐,559 000 zł,Warszawa,Bemowo,31 m²,1 pokoje,1 piętro
149,"Mieszkanie Kraków , Grzegórzki al.Pokoju ,63,3m",839 999 zł,Kraków,Brak danych,63.3 m²,3 pokoje,5 piętro
150,❗️PROMOCJA❗️PONIŻEJ 10k/m2✅Dwustr. M4✅Łaź+WC✅Aneks z oknem✅INNE PIETRA,692 419 zł,Poznań,Miasto,70.6 m²,4 pokoje,1 piętro
151,PROMOCJA❗️Dwustronne M3 z Garderobą❗️Tanie M.Post w HALI❗️OKAZJA,580 093 zł,Poznań,Miasto,56.6 m²,3 pokoje,4 piętro
152,✅Świetne pod WYNAJEM→Tramwaj 3 min→Politechnika 12 min→SKLEPY,437 666 zł,Poznań,Miasto,38.9 m²,2 pokoje,parter
153,Dwupoziomowe mieszkanie z widokiem 81 m2 | Blisko centrum |,810 000 zł,Brak danych,Brak danych,81.1 m²,5 pokoje,1 piętro
154,❗️OSTATNI TAKI UKŁAD❗️Dwie str. świata | 2 BALKONY✅TANIE M.Post w HALI,581 145 zł,Poznań,Miasto,57.08 m²,4 pokoje,4 piętro
155,❗️PROMOCJA❗️Dwustronne M4 z POTENCJAŁEM✅Tanie M.Post✅INNE PIĘTRA✅0%PCC,634 431 zł,Poznań,Miasto,63 m²,4 pokoje,1 piętro
156,❗️PROMOCJA❗️M3 z GARDEROBĄ❗️Dwustronne❗️2x Balkon✅Świetny układ✅ZOBACZ,580 093 zł,Poznań,Miasto,56.6 m²,3 pokoje,4 piętro
157,❗️OKAZJA❗️Przytulne M2 z TARASEM i OGRÓDKIEM❗️Rabat na M.Post❗️ZADZWOŃ,444 990 zł,Poznań,Miasto,38.59 m²,2 pokoje,parter
158,Komfortowe mieszkanie na zadbanym osiedlu w Radzyminie pod Warszawą,479 000 zł,Brak danych,Brak danych,52.66 m²,3 pokoje,3 piętro
159,Sprzedam prywatnie mieszkanie ul. Fredry,235 000 zł,Elbląg,Fredry,40.8 m²,3 pokoje,parter
160,Gotowe Apartamenty - widok na morze-taras na dachu,549 000 zł,Brak danych,Brak danych,57.14 m²,3 pokoje,1 piętro
161,✅NAJWIĘKSZE M2 w NOWEJ Inwestycji❗️RABATY❗️Dostępne inne piętra❗️0%PCC,468 867 zł,Poznań,Miasto,43 m²,2 pokoje,2 piętro
162,❗️OKAZJA❗️Najwyższe piętro | Największe mieszkanie| NAJWIĘKSZY RABAT❗️,705 658 zł,Poznań,Miasto,70.61 m²,4 pokoje,8 piętro
163,✅Nowoczesne 3-pok. mieszkanie z balkonem i garderobą✅ZOBACZ TEN UKŁAD,580 093 zł,Poznań,Miasto,56.56 m²,3 pokoje,3 piętro
164,✅WRÓCIŁ ŚWIETNY UKŁAD❗️Dwustr. M4❗️2 Balkony❗️Łaź+WC❗️OKAZJA❗️Tanie MP,581 145 zł,Poznań,Miasto,57.08 m²,4 pokoje,4 piętro
165,✅SUPER CENA✅Optymalne M2 w Świetnej Lokalizacji❗️Rabat na M.Postojowe,460 393 zł,Poznań,Miasto,39.5 m²,2 pokoje,5 piętro
166,DODATKOWY RABAT❗️Dwustronne M4 - 63m2 z OGRÓDKIEM✅Smart Home✅PROMOCJA,632 069 zł,Poznań,Miasto,63.01 m²,4 pokoje,Brak danych
167,Nowość - gotowe apartamenty z widokiem na morze,579 000 zł,Brak danych,Brak danych,59.73 m²,3 pokoje,1 piętro
168,"4 pokoje z balkonem, Aleksandrów Ł. 80m2",600 000 zł,Brak danych,Brak danych,80 m²,4 pokoje,3 piętro
169,"2p. w Apartamentowcu! 31,19 m2! Gotowe do odbioru!",379 000 zł,Białystok,Bojary,31.19 m²,2 pokoje,1 piętro
170,3 pokojowe mieszkanie na zielonym osiedlu,625 800 zł,Lublin,Południowy,59.3 m²,3 pokoje,7 piętro
171,Mieszkanie dwupokojowe w samym Centrum Malborka !!!,289 000 zł,Brak danych,Brak danych,51 m²,2 pokoje,1 piętro
172,Dni Otwarte | 3 Pokoje | nad Jeziorem | Parking,211 800 000 zł,Brak danych,Brak danych,80.84 m²,3 pokoje,1 piętro
173,2 pokoje I parter I Do remontu I Sośnica I co miejskie I odrowążów,225 000 zł,Gliwice,Sośnica,44 m²,2 pokoje,parter
174,Dwupokojowe po remoncie! Miejsce postojowe!,599 000 zł,Warszawa,Białołęka,56 m²,2 pokoje,3 piętro
175,Mieszkanie z potencjałem! 3pok! Parter! 1996r,490 000 zł,Białystok,Brak danych,62.7 m²,3 pokoje,parter
176,Mieszkanie Rataje | 3POK | OGRÓD | 0% PROWIZJI,749 000 zł,Poznań,Miasto,68.88 m²,3 pokoje,parter
177,Idealna inwestycja! Mieszkanie 2-pokojowe na Ogrodach!,449 000 zł,Poznań,Jeżyce,38.9 m²,2 pokoje,Brak danych
178,Okazja | Mieszkanie 3pok | Poznań | Brak prowizji,599 017 zł,Poznań,Brak danych,59.29 m²,3 pokoje,parter
179,☀️Słoneczne M3 w Nowej inwestycji > KLUCZE JUŻ > Zielona okolica > 0%,603 569 zł,Poznań,Miasto,53.4 m²,3 pokoje,4 piętro
180,MEGA PROMOCJA❗️Klucze JUŻ❗️Zielona Okolica✅M.Post w HALI G.✅Zadzwoń,599 659 zł,Poznań,Miasto,52 m²,3 pokoje,4 piętro
181,❗️OSTATNIE Południowe 2pok. | Ustawna sypialnia | DUŻY RABAT | Klucze,537 675 zł,Poznań,Miasto,42.8 m²,2 pokoje,4 piętro
182,❗️Świetne M2 z dużą ŁAZIENKĄ❗️Zielona okol.❗️PROMOCJA❗️GOTOWE do ODB.,433 667 zł,Poznań,Miasto,34.32 m²,2 pokoje,4 piętro
183,❗️PROMOCJA❗️PONIŻEJ 10k/m2✅Dwustr. M4✅Łaź+WC✅Aneks z oknem✅INNE PIETRA,692 419 zł,Poznań,Miasto,70.6 m²,4 pokoje,1 piętro
184,"Wykończone lux, ciche, słoneczne z ogrodem tuż przy lesie.",213 364 000 zł,Warszawa,Bielany,116 m²,4 pokoje,parter
185,Apartament Nowa Zamiejska,750 000 zł,Słupsk,Zamiejska,68 m²,3 pokoje,parter
186,3-pokojowe mieszkanie 74m2 + taras Bezpośrednio,858 973 zł,Gliwice,Śródmieście,74.37 m²,3 pokoje,5 piętro
187,2-pokojowe mieszkanie 52m2 + balkon Bez Prowizji,895 393 zł,Kraków,Bronowice,52.24 m²,2 pokoje,3 piętro
188,Nowe Południe,298 zł,Gdańsk,Brak danych,78 m²,4 pokoje,Brak danych
189,"Przestronne i funkcjonalne mieszkanie na Gocławiu, 71,2m2, 3 pokoje",211 375 000 zł,Warszawa,Południe,71.2 m²,3 pokoje,4 piętro
190,Sprzedam mieszkanie na osiedlu Marysin okolice ul. Wycieczkowej,782 000 zł,Łódź,Bałuty,68 m²,3 pokoje,Brak danych
191,Apartament Premium w Centrum | Negocjuj I M17,721 000 zł,Gliwice,Śródmieście,66.27 m²,3 pokoje,2 piętro
192,Przytulna i przestronna kawalerka na Mokotowie (metro Wilanowska),514 000 zł,Warszawa,Mokotów,25.71 m²,1 pokoje,5 piętro
193,Mieszkanie trzypokojowe - Pierwsze Piętro,269 000 zł,Brak danych,Brak danych,53.47 m²,3 pokoje,1 piętro
194,"Mieszkanie trzypokojowe 48,20 m2, Waszyngtona 12",399 000 zł,Białystok,Piaski,48.2 m²,3 pokoje,8 piętro
195,Fordon / 1 piętro / balkon / 2006 rok,329 000 zł,Bydgoszcz,Tatrzańskie,37.61 m²,1 pokoje,1 piętro
196,Kawalerka z balkonem - Metro Pole Mokotowskie,525 000 zł,Warszawa,Mokotów,18.8 m²,1 pokoje,10 piętro
197,Mieszkanie dwupokojowe - Parter !!!,234 000 zł,Brak danych,Brak danych,36.97 m²,2 pokoje,parter
198,Na sprzedaż 2 pokojowe mieszkanie Osiedle Leśne,398 000 zł,Bydgoszcz,Leśne,48.85 m²,2 pokoje,3 piętro
199,"3-pok z balkonem, idealne pod wynajem",619 000 zł,Wrocław,Śródmieście,64.52 m²,3 pokoje,2 piętro
200,"Nowe 3 pokojowe mieszkanie do wprowadzenia, Wawer",874 000 zł,Warszawa,Wawer,51.26 m²,3 pokoje,1 piętro
201,REZERWACJA Przestronne mieszkanie idealne dla rodziny lub inwestora,490 000 zł,Gliwice,Zatorze,75 m²,4 pokoje,parter
202,Nowoczesne 4 pokojowe mieszkanie,885 000 zł,Brak danych,Brak danych,81.44 m²,4 pokoje,2 piętro
203,Gdańsk Morena Nowoczesne Mieszkanie 3 pokoje,141 050 000 zł,Gdańsk,Brak danych,65.3 m²,3 pokoje,Brak danych
204,42 m2 - Parter z ogródkiem - Wilanów,870 000 zł,Warszawa,Wilanów,41.49 m²,2 pokoje,parter
205,"Mieszkanie wysoki standard, nowe budownictwo Olsztyn Barcza",649 000 zł,Olsztyn,Brak danych,59.33 m²,3 pokoje,4 piętro
206,Widokowe mieszkanie 36 m2| 600 metrów od rynku|,410 000 zł,Brak danych,Brak danych,35.8 m²,2 pokoje,parter
207,DZIEŃ OTWRTY 21 lipca godzina 17 do 19. ZAPRASZAMY.,900 000 zł,Bielsko-Biała,Południe,71 m²,3 pokoje,2 piętro
208,"Przestronne trzypokojowe w ogródkiem, pod klucz!",479 000 zł,Poznań,Kostrzyn,44.67 m²,3 pokoje,1 piętro
209,Centrum Południe 2-pok CO Miejskie 1-piętro Blok + Klatka po remoncie,225 000 zł,Zabrze,Południe,47 m²,2 pokoje,1 piętro
210,Apartament dwupoziomowy z widokiem na Beskidy,649 000 zł,Bielsko-Biała,Krakowskie,78.76 m²,5 pokoje,1 piętro
211,"Dla rodziny i pod inwestycję, Zana, 3 pokoje",572 880 zł,Lublin,Rury,61.6 m²,3 pokoje,10 piętro
212,Kawalerka nad Balatonem - ul. Rogalskiego,425 000 zł,Warszawa,Południe,28 m²,1 pokoje,10 piętro
213,❗️PROMOCJA❗️NAROŻNE M4 w Zielonej Okolicy❗️MEGA RABATY❗️Tanie M.Post❗️,625 474 zł,Poznań,Miasto,58.73 m²,4 pokoje,1 piętro
214,Mieszkanie przestronne 3 pokojowe Górczyn,520 000 zł,Gorzów,Górczyn,63 m²,3 pokoje,4 piętro
215,"Cztery pokoje, balkon, piwnica Kalinowszczyzna",599 000 zł,Lublin,Kalinowszczyzna,68.5 m²,4 pokoje,1 piętro
216,2-pokojowe mieszkanie 52m2 + balkon Bez Prowizji,895 393 zł,Kraków,Bronowice,52.24 m²,2 pokoje,3 piętro
217,NOWA urządzona kawalerka | ogródek | Bonarka,299 000 zł,Kraków,Fałęcki,22 m²,1 pokoje,parter
218,BEZ PROWIZJI! Ostatnie apartamenty w Ogrodach Grabiszyńskich!,859 850 zł,Wrocław,Fabryczna,59.3 m²,3 pokoje,5 piętro
219,Wyjątkowe | 3 pokoje | 65m2 | Kwartał Uniwersytecki | Gdańsk Przymorze,201 490 000 zł,Gdańsk,Brak danych,65 m²,3 pokoje,3 piętro
220,2 pokoje przy ul. Wojciechowskiej,615 000 zł,Lublin,Konstantynów,46.07 m²,2 pokoje,3 piętro
221,Mieszkanie – 3 pokoje – Osiedle Zachód,320 000 zł,Szczecin,Budowlanych,64.8 m²,3 pokoje,4 piętro
222,"Rondo Solidarności, Szpital CKD, Wydział Prawa⭐2xgaraż⭐komórka",685 900 zł,Łódź,Śródmieście,80 m²,4 pokoje,4 piętro
223,"Osiedle Panorama – 3 pokoje, taras, miejsce postojowe i komórka!",790 000 zł,Tychy,Olga,62.5 m²,3 pokoje,1 piętro
224,Ustawne rodzinne mieszkanie z balkonem! Miechowice,378 500 zł,Bytom,Miechowice,63.1 m²,3 pokoje,10 piętro
225,3 pokoje/Metro/Szeligi/Bemowo,161 029 500 zł,Warszawa,Bemowo,71 m²,3 pokoje,4 piętro
226,AZOT CONCEPT: Nowe mieszkanie z windą i balkonem w super cenie!,229 500 zł,Jaworzno,Azot,25.14 m²,1 pokoje,3 piętro
227,Wygodne 2 pokoje Centrum! Obok Parku Miejskiego!,280 000 zł,Brak danych,Brak danych,51 m²,2 pokoje,2 piętro
228,"2 pokoje, 45,24 mkw. , ul. Maratońska 49",583 000 zł,Łódź,Polesie,45.24 m²,2 pokoje,4 piętro
229,3 pokoje -64m- koło Promenady Niemena !,163 190 000 zł,Częstochowa,Tysiąclecie,64 m²,3 pokoje,8 piętro
230,❗️UNIKATOWY UKŁAD❗️Ogromny SALON→Osobny Korytarz→Tramwaj 3 min✅ OKAZJA,505 345 zł,Poznań,Miasto,40.59 m²,2 pokoje,1 piętro
231,Motława Garden,13 471 zł,Gdańsk,Olszynka,138 m²,5 pokoje,Brak danych
232,3-pokojowe mieszkanie 71m2 + loggia Bezpośrednio,91 148 160 zł,Kraków,Dębniki,71.76 m²,3 pokoje,5 piętro
233,Dwupoziomowe mieszkanie z widokiem 81 m2 | Blisko centrum |,799 000 zł,Brak danych,Brak danych,81.1 m²,5 pokoje,1 piętro
234,M3/ Tysiąclecie / ok. Promenady,260 000 zł,Częstochowa,Tysiąclecie,46 m²,2 pokoje,3 piętro
235,"Rodzinne 4 pokoje, duży metraż! Os. Zamkowe!",470 000 zł,Brak danych,Brak danych,83.67 m²,4 pokoje,3 piętro
236,2 pok.|balkon i taras|eleganckie i wyposażone,769 000 zł,Kraków,Prokocim,52.25 m²,2 pokoje,parter
237,2-stronne ✨ metro 6 min ✨ osiedle pośród zieleni,949 000 zł,Warszawa,Ursynów,59.6 m²,3 pokoje,1 piętro
238,"Wyjątkowe, przestronne 2 pokoje Centrum",549 900 zł,Katowice,Śródmieście,76 m²,2 pokoje,1 piętro
239,Gotowe do zamieszkania 2 pokoje po remoncie,214 900 zł,Brak danych,Brak danych,36.25 m²,2 pokoje,1 piętro
240,"Nowoczesne 3 pokoje, stan deweloperski!",429 900 zł,Sosnowiec,Góra,61.36 m²,3 pokoje,2 piętro
241,Dwie kawalerki w Centrum! Idealne pod inwestycje!,274 900 zł,Brak danych,Brak danych,48.5 m²,2 pokoje,parter
242,"Rezydencja Villa Park, przy Parku Siemiradzkiego",530 000 zł,Gorzów,Górczyn,46.47 m²,3 pokoje,3 piętro
243,"Słoneczne 4 pokoje Kuchnia , Łazienka i WC",279 000 zł,Brak danych,Brak danych,74 m²,4 pokoje,4 piętro
244,"Wysoki standard, 3 pokoje! Park Moniuszki!",668 900 zł,Brak danych,Brak danych,59.11 m²,3 pokoje,1 piętro
245,przestronny apartament|Bronowice|ogródek,91 999 000 zł,Kraków,Bronowice,189.91 m²,5 pokoje,Brak danych
246,"Komfortowe, wykończone 2 pokoje z dużym tarasem!",356 900 zł,Sosnowiec,Środula,51.75 m²,2 pokoje,2 piętro
247,2 pokoje przy ul. Wojciechowskiej,615 000 zł,Lublin,Konstantynów,46.07 m²,2 pokoje,3 piętro
248,Mieszkanie 70 m2,399 000 zł,Brak danych,Brak danych,68.4 m²,4 pokoje,Brak danych
249,Sprzedam przechodnie mieszkanie do remontu.,160 000 zł,Wrocław,Brak danych,54 m²,2 pokoje,1 piętro
250,Wygodne i ustwne 2 pokoje! Niski blok. Centrum,269 900 zł,Brak danych,Brak danych,53.21 m²,2 pokoje,2 piętro
251,Gotowe do zamieszkania 3 pokoje po remoncie,279 900 zł,Brak danych,Brak danych,56.15 m²,3 pokoje,1 piętro
252,Słoneczne dwupokojowe mieszkanie z balkonem na Pradze-Południe,570 000 zł,Warszawa,Południe,33 m²,2 pokoje,2 piętro
253,Mieszkanie Bezczynszowe po remoncie z ogródkiem !,359 000 zł,Rybnik,Brak danych,105 m²,4 pokoje,parter
254,Gotowa nieruchomość pod klucz! Top lokalizacja!,369 000 zł,Sosnowiec,Południe,58.08 m²,3 pokoje,3 piętro
255,"Mieszkanie 75 m2 nad Bałtykiem w Mrzeżynie, ścisłe centrum przy porcie",339 000 zł,Brak danych,Brak danych,75 m²,3 pokoje,1 piętro
256,R E Z E R W A C J A MIESZKANIE Z GARAŻEM blisko centrum,435 000 zł,Brak danych,Brak danych,62 m²,4 pokoje,parter
257,Dwa Balkony | Rodzinne | Świetnie Skomunikowane,999 000 zł,Warszawa,Bemowo,74.5 m²,4 pokoje,3 piętro
258,Luksusowy apartament z widokiem na góry - Zakopane,101 600 000 zł,Brak danych,Brak danych,46.18 m²,2 pokoje,parter
259,"Mieszkanie po remoncie, 4 pokoje, zielony Ursynów, blisko metro",161 075 000 zł,Warszawa,Ursynów,63.3 m²,4 pokoje,2 piętro
260,Designerski Apartament na Marcina Kasprzaka 29 w Warszawie,161 250 000 zł,Warszawa,Wola,50.38 m²,2 pokoje,6 piętro
261,2 pokoje | Małe Błonia | wysoki standard | bez pośredników,995 000 zł,Kraków,Krowodrza,48.75 m²,2 pokoje,3 piętro
262,Przytulne mieszkanko z niewielkim balkonem do własnej aranżacji,459 000 zł,Warszawa,Wawer,36.75 m²,2 pokoje,3 piętro
263,"2POKOJE+balkon 5,27m2⭐1000m od Manufaktury⭐ZOBACZ NA ŻYWO",318 285 zł,Łódź,Polesie,32.15 m²,2 pokoje,2 piętro
264,Dwupoziomowe mieszkanie z ogrodem i garażem na sprzedaż,699 000 zł,Brak danych,Brak danych,108.27 m²,4 pokoje,parter
265,"Piękna spokojna okolica, stawy, lasy, tereny zielone Malty, Antoninek",845 000 zł,Poznań,Miasto,87 m²,4 pokoje,1 piętro
266,Kawalerka | Pod mały lokal usługowy /Planty,322 000 zł,Kraków,Miasto,16.95 m²,1 pokoje,parter
267,2 Pokoje W Spokojnej Okolicy!,699 000 zł,Kraków,Swoszowice,42 m²,2 pokoje,parter
268,Atrakcyjne Mieszkanie Na Kurdwanowie,815 000 zł,Kraków,Duchackie,62.9 m²,3 pokoje,10 piętro
269,Ładne (3-pokoje ) 69m2 os.Eldorado - Park Lotników,191 480 000 zł,Kraków,Czyżyny,69 m²,3 pokoje,1 piętro
270,Przestronne Mieszkanie Na Kurdwanowie,750 000 zł,Kraków,Duchackie,61 m²,3 pokoje,3 piętro
271,2 Pokoje Z Osobną Kuchnią Do Własnej Aranżacji!,590 000 zł,Kraków,Biały,43 m²,2 pokoje,2 piętro
272,"Mieszkanie z wyposażeniem, wysoki standard!",675 000 zł,Brak danych,Brak danych,56.95 m²,3 pokoje,3 piętro
273,Dwupoziomowe Mieszkanie na wsi !,165 000 zł,Brak danych,Brak danych,60 m²,3 pokoje,1 piętro
274,Atal Strachowicka,11 365 zł,Wrocław,Fabryczna,89 m²,4 pokoje,Brak danych
275,NU2 Warszawa Wola,20 256 zł,Warszawa,Brak danych,95 m²,5 pokoje,Brak danych
276,3-pokojowe mieszkanie 60m2 + balkon,480 870 zł,Poznań,Kleszczewo,60.16 m²,3 pokoje,3 piętro
277,Wygodne i ustwne 2 pokoje! Niski blok. Centrum,269 900 zł,Brak danych,Brak danych,53.21 m²,2 pokoje,2 piętro
278,✅WRÓCIŁ ŚWIETNY UKŁAD❗️Dwustr. M4❗️2 Balkony❗️Łaź+WC❗️OKAZJA❗️Tanie MP,581 145 zł,Poznań,Miasto,57.08 m²,4 pokoje,4 piętro
279,Sprzedam kawalerkę na nowym osiedlu w Gliwicach w Ligocie Zabrskiej,325 000 zł,Gliwice,Zabrska,27.83 m²,1 pokoje,parter
280,Mieszkanie Świecie 54m2 parter 2-pokojowe-do remontu,285 000 zł,Brak danych,Brak danych,54 m²,2 pokoje,parter
281,3-pokojowe mieszkanie 64m2 + loggia Bez Prowizji,91 471 000 zł,Warszawa,Wola,64.71 m²,3 pokoje,3 piętro
282,2-pokojowe mieszkanie 53m2 + balkon,429 468 zł,Poznań,Kleszczewo,53.36 m²,2 pokoje,3 piętro
283,Przystań Sobieszewo,15 086 zł,Gdańsk,Sobieszewska,74 m²,2 pokoje,Brak danych
284,Aleja Wiśniowa Pogórze,000 zł,Gdynia,Brak danych,95 m²,4 pokoje,Brak danych
285,"2 pokoje przy Drewnowskiej, Centrum- Manufaktura",630 000 zł,Łódź,Bałuty,47 m²,2 pokoje,1 piętro
286,Mieszkanie 55m,849 000 zł,Warszawa,Śródmieście,55 m²,3 pokoje,2 piętro
287,"Oferta sprzedaży mieszkania – Szczecin, ul. Parkowa",582 029 zł,Szczecin,Brak danych,48.91 m²,2 pokoje,2 piętro
288,Słoneczne / Dwustronne / Dwa balkony,211 990 000 zł,Warszawa,Wilanów,129.5 m²,4 pokoje,3 piętro
289,✅OGRÓDEK aż 60m2✅DUŻY SALON❗️Aneks z oknem❗️Świetny układ❗️MEGA OKAZJA,602 220 zł,Poznań,Miasto,53.89 m²,3 pokoje,parter
290,2-pokojowe z wyjsciem do dużego ogródka,650 000 zł,Kraków,Biały,46.4 m²,2 pokoje,parter
291,Sprzedam kawalerkę na nowym osiedlu w Gliwicach w Ligocie Zabrskiej,325 000 zł,Gliwice,Zabrska,27.83 m²,1 pokoje,parter
292,PIĘKNE KOMFORTOWE mieszkanie blisko centrum 2 sypialnie wielki balkon!,201 350 000 zł,Warszawa,Południe,74.18 m²,3 pokoje,3 piętro
293,Dobry Poranek,10 250 zł,Brak danych,Brak danych,68 m²,3 pokoje,Brak danych
294,2-pokojowe mieszkanie 40m2 + ogródek Bezpośrednio,598 235 zł,Kraków,Duchackie,40.15 m²,2 pokoje,parter
295,MIESZKANIE Z POTENCJAŁEM - PIĄTKOWO,815 000 zł,Poznań,Miasto,88.77 m²,5 pokoje,parter
296,Wyposażone i umeblowane dwa pokoje od zaraz,303 129 zł,Zabrze,Helenka,52 m²,2 pokoje,2 piętro
297,"Jasne, ciche 2 pokojowe na Ursynowie, metro",720 000 zł,Warszawa,Ursynów,48.6 m²,2 pokoje,1 piętro
298,Na sprzedaz mieszkanie 3 pokojowe z balkonem,159 900 zł,Grudziądz,Brak danych,46 m²,3 pokoje,4 piętro
299,"2 pokoje - 54,69 m2 - ul. Koralowa. 2014 r.",600 000 zł,Lublin,Południowy,54.69 m²,2 pokoje,2 piętro
300,2 pok_oddzielna kuchnia_41m2_Wola_5min metro Młynów,799 000 zł,Warszawa,Wola,41.04 m²,2 pokoje,2 piętro
301,Mieszkanie na sprzedaz 2 pokojowe osiedle Kopernik,163 000 zł,Grudziądz,Brak danych,36.7 m²,2 pokoje,4 piętro
302,Wykończ Już w Sierpniu 25 Rok ! Okazja Medyczny !,795 000 zł,Lublin,Śródmieście,64.79 m²,4 pokoje,5 piętro
303,Śródmieście. Dwa pokoje. Po remoncie. Metro.,899 000 zł,Warszawa,Śródmieście,45.39 m²,2 pokoje,parter
304,Kawalerka na Bielanach 3 min od metra!,619 000 zł,Warszawa,Bielany,38.4 m²,1 pokoje,2 piętro
305,Mieszkanie 3 pokojowe na Zatorzu,449 000 zł,Olsztyn,Zatorze,61.8 m²,3 pokoje,2 piętro
306,Centrum. Dwa pokoje. Super lokalizacja.,111 699 000 zł,Warszawa,Śródmieście,64 m²,2 pokoje,3 piętro
307,Idealne dla rodziny – 3 pokoje na zielonym Bemowie!,91 016 000 zł,Warszawa,Bemowo,60 m²,3 pokoje,3 piętro
308,3-pokojowe mieszkanie 64m2 + loggia Bez Prowizji,1 471 000 zł,Warszawa,Wola,64.71 m²,3 pokoje,3 piętro
309,MEGA PROMOCJA❗️Klucze JUŻ❗️Zielona Okolica✅M.Post w HALI G.✅Zadzwoń,599 659 zł,Poznań,Miasto,52 m²,3 pokoje,4 piętro
310,Sprzedaż mieszkania na Lwa blisko Malty,517 000 zł,Poznań,Miasto,43.07 m²,2 pokoje,parter
311,Mieszkanie 1-pokojowe TOP Lokalizacja - własciciel,450 000 zł,Brak danych,Brak danych,30 m²,1 pokoje,1 piętro
312,Sprzedam mieszkanie 2 pokojowe.,241 000 zł,Brak danych,Brak danych,34.5 m²,2 pokoje,3 piętro
313,"Nowe, luksusowe 3 pok.klimatyzacja/widok na morze",212 288 000 zł,Gdynia,Orłowo,85.7 m²,3 pokoje,5 piętro
314,Mieszkanie Świecie 54m2 parter 2-pokojowe-do remontu,285 000 zł,Brak danych,Brak danych,54 m²,2 pokoje,parter
315,Komórka 10 m2 / 3 pokoje/ loggia/ dużo miejsca do przechowania,959 000 zł,Warszawa,Bemowo,58.72 m²,3 pokoje,3 piętro
316,"Mieszkanie wolne od zaraz, w cenie całe wyposażenie",499 000 zł,Brak danych,Brak danych,47 m²,2 pokoje,1 piętro
317,Aktualne Słoneczne 2 Pokoje 35M2 - Bez Pcc Ruczaj,529 000 zł,Kraków,Dębniki,34.5 m²,2 pokoje,1 piętro
318,2 pokoje/ osobna kuchnia/ kom.lokatorska,695 000 zł,Wrocław,Kobierzyce,65.95 m²,2 pokoje,3 piętro
319,2 pok/ osobna kuchnia/ kom.lokatorska,695 000 zł,Wrocław,Kobierzyce,65.95 m²,2 pokoje,3 piętro
320,Wiślane Tarasy 2.0. Słoneczny Apart do Negocjacji,192 275 000 zł,Kraków,Grzegórzki,88.5 m²,3 pokoje,7 piętro
321,Młyny Mogilska Wykończone Bez Pcc,151 175 000 zł,Kraków,Czerwony,47 m²,3 pokoje,3 piętro
322,3 pokoje Gotowe wysoki standard,885 000 zł,Kraków,Podgórze,49 m²,3 pokoje,2 piętro
323,"Apartament 2 piętro, winda, Idealna lokalizacja",620 000 zł,Brak danych,Brak danych,44.43 m²,2 pokoje,2 piętro
324,3 pokoje Południe idealny układ,769 000 zł,Kraków,Biały,57 m²,3 pokoje,2 piętro
325,2 Pokoje Płd/Zachód Jasna Kuchnia,629 000 zł,Kraków,Biały,44.5 m²,2 pokoje,2 piętro
326,Kawalerka 31m2 z widną kuchnią/Mokotów,449 000 zł,Warszawa,Mokotów,31 m²,1 pokoje,1 piętro
327,3 Pokoje O Z Bardzo Dobrym Układzie,729 000 zł,Kraków,Biały,54.3 m²,3 pokoje,3 piętro
328,1 p Nowa Kamienica - pod wynajem krótkoterminowy,619 000 zł,Kraków,Miasto,32.5 m²,1 pokoje,1 piętro
329,Mieszkanie gotowe do wprowadzenia. Wysoki standard,509 000 zł,Brak danych,Brak danych,64 m²,3 pokoje,3 piętro
330,Kawalerka z dużym 45m2 ogródkiem Ruczaj,445 000 zł,Kraków,Dębniki,26.5 m²,1 pokoje,3 piętro
331,3pok/ Jasna Kuchnia/ Płd-Zach,725 000 zł,Kraków,Dębniki,50 m²,3 pokoje,1 piętro
332,Polecam ładne mieszkanie przy ul. Łukaszewicza,445 000 zł,Poznań,Grunwald,46.6 m²,2 pokoje,4 piętro
333,Apartament 23 piętro Widok na Centrum Katowic,696 000 zł,Katowice,Śródmieście,43.5 m²,2 pokoje,23 piętro
334,❗️MEGA OKAZJA❗️M2 blisko TRAMWAJU✅RABAT na MP w HALI✅Smart HOME✅0% PCC,525 799 zł,Poznań,Miasto,42 m²,2 pokoje,1 piętro
335,"2/3 pokoje, dwustronne, loggia. Metro, szkoła",505 000 zł,Warszawa,Wola,42 m²,3 pokoje,8 piętro
336,Mieszkanie na spojnej wsi gmina Kruszwica,879 000 zł,Wrocław,Brak danych,48 m²,1 pokoje,parter
337,Nowe⚫️Węglinek⚫️2P+AK⚫️Wspólnota⚫️Bez pośrednika,519 000 zł,Lublin,Południowy,34.66 m²,2 pokoje,4 piętro
338,Apartament nad morzem Bulvar Apartments,949 000 zł,Gdańsk,Wielkie,44.65 m²,2 pokoje,1 piętro
339,Sprzedam kawalerkę na nowym osiedlu w Gliwicach w Ligocie Zabrskiej,350 000 zł,Gliwice,Zabrska,30.17 m²,2 pokoje,2 piętro
340,"2 pok. 43,3m2, balkon, 1. piętro, Świdnik - do rem",330 000 zł,Brak danych,Brak danych,43.31 m²,2 pokoje,1 piętro
341,Mieszkanie w Zamościu - 1 piętro - 52 m2,359 000 zł,Brak danych,Brak danych,52 m²,2 pokoje,1 piętro
342,Wysoki parter 72m2 4 pokoje Lsm,549 500 zł,Lublin,Rury,72.5 m²,4 pokoje,parter
343,3-pokojowe mieszkanie 57m2 + ogródek Bez Prowizji,603 500 zł,Brak danych,Brak danych,57.1 m²,3 pokoje,parter
344,Villa Rosenthal,894 488 zł,Wrocław,Pole,94 m²,4 pokoje,Brak danych
345,Mieszkanie 1-pokojowe TOP Lokalizacja - własciciel,450 000 zł,Brak danych,Brak danych,30 m²,1 pokoje,1 piętro
346,Widokowe mieszkanie 36 m2| 600 metrów od rynku|,393 800 zł,Brak danych,Brak danych,35.8 m²,2 pokoje,parter
347,I​V​Y by Blockhaus. | mieszkanie 2-pok. | A_15,431 067 zł,Brak danych,Brak danych,47.37 m²,2 pokoje,3 piętro
348,"Aquasfera 2-pok na ostatnim piętrze, ciche, 45.6m",535 000 zł,Brak danych,Brak danych,45.6 m²,2 pokoje,8 piętro
349,Mieszkanie 76m2 Katowice Piotrowice,600 000 zł,Katowice,Brak danych,76.3 m²,4 pokoje,7 piętro
350,2 pokoje wysoki standard - Gotowe,685 000 zł,Kraków,Podgórze,36 m²,2 pokoje,2 piętro
351,Top! M2 Podgórze / Blisko Parku / Ogródek,669 999 zł,Kraków,Podgórze,38.27 m²,2 pokoje,parter
352,ok.Kamieńskiego 3 pok /Oddzielna kuchnia/Balkon,799 000 zł,Wrocław,Pole,59 m²,3 pokoje,3 piętro
353,Mieszkanie Wrocław Osobowice do sprzedania bez pośredników,121 090 280 zł,Wrocław,Brak danych,65.76 m²,3 pokoje,2 piętro
354,Słoneczne 3 pokoje blisko morza | Hala gar,699 000 zł,Brak danych,Brak danych,51.4 m²,3 pokoje,2 piętro
355,"Kawalerka centrum Gdyni, idealna pod wynajem",499 000 zł,Gdynia,Maksymiliana,21.5 m²,1 pokoje,2 piętro
356,"Piękne mieszkanie, znakomita lokalizacja",790 000 zł,Tarnów,Ułańska,60 m²,3 pokoje,2 piętro
357,"2 pokoje + poddasze, ogród, centrum, Sienkiewicza",289 000 zł,Brak danych,Brak danych,64.4 m²,2 pokoje,1 piętro
358,Świetna lokalizacja * 2 pokoje *Park Szczęśliwicki,619 000 zł,Warszawa,Ochota,36 m²,2 pokoje,3 piętro
359,"Mieszkanie 35,38 m2 > Rembertów > od Dewelopera",453 000 zł,Warszawa,Rembertów,35.08 m²,2 pokoje,1 piętro
360,Mieszkanie w modnej dzielnicy,211 980 000 zł,Poznań,Jeżyce,98 m²,4 pokoje,6 piętro
361,3 pokojowe w doskonałej lokalizacji Winogrady,489 000 zł,Poznań,Miasto,46.8 m²,3 pokoje,5 piętro
362,Rezerwacja - Mieszkanie w Wieliczce ul. Długa 64m,799 000 zł,Brak danych,Brak danych,64 m²,3 pokoje,1 piętro
363,"Mieszkanie 53,42 m2 > Rembertów> od Dewelopera",607 000 zł,Warszawa,Rembertów,53.42 m²,3 pokoje,2 piętro
364,"82m2 + ogród, światłowód, strych - Zwycięska Jelcz",639 000 zł,Brak danych,Brak danych,82 m²,4 pokoje,Brak danych
365,"3 pokoje- rozkładowe, dostępne od września!",449 000 zł,Łódź,Polesie,52.97 m²,3 pokoje,3 piętro
366,Mieszkanie z ogrodem i garażem| Kameralne osiedle w Mosinie,629 900 zł,Poznań,Mosina,6484 m²,3 pokoje,1 piętro
367,"Nowoczesne 2 pokoje, do wejścia",590 000 zł,Lublin,Wrotków,55.6 m²,2 pokoje,3 piętro
368,Mieszkanie 2 pokojowe w idealnej lokalizacji - do wprowadzenia.,599 000 zł,Brak danych,Brak danych,48 m²,2 pokoje,2 piętro
369,"Mieszkanie 3 pokojowe; 55,7 m2; po remoncie",320 000 zł,Radom,Pionki,55.7 m²,3 pokoje,parter
370,DOM w zabudowie bliźniaczej z garażem - DUŻY OGRÓD,181 150 000 zł,Gdańsk,Brak danych,148.49 m²,5 pokoje,1 piętro
371,Nowa Pabianicka,14 992 zł,Wrocław,Krzyki,163 m²,6 pokoje,Brak danych
372,"Aquasfera 2-pok na ostatnim piętrze, ciche, 45.6m",535 000 zł,Brak danych,Brak danych,45.6 m²,2 pokoje,8 piętro
373,I​V​Y by Blockhaus. | mieszkanie 3-pok. | A_06,563 640 zł,Brak danych,Brak danych,64.05 m²,3 pokoje,2 piętro
374,Sprzedam przechodnie mieszkanie do remontu.,160 000 zł,Wrocław,Brak danych,54 m²,2 pokoje,1 piętro
375,Nowa Pabianicka,14 992 zł,Wrocław,Krzyki,163 m²,6 pokoje,Brak danych
376,3-pokojowe mieszkanie 63m2 + balkon,726 167 zł,Wrocław,Fabryczna,63.97 m²,3 pokoje,2 piętro
377,Sprzedam mieszkanie 2 pokojowe ul. Strachocińska,489 000 zł,Wrocław,Pole,43.27 m²,2 pokoje,2 piętro
378,"***Czuby, 3 pok, bez PCC 2%***",682 000 zł,Lublin,Południowy,56.89 m²,3 pokoje,1 piętro
379,M-3 z balkonem ul. Śląska ŚCISŁE CENTRUM,240 000 zł,Jastrzębie,Śląska,33.6 m²,2 pokoje,4 piętro
380,"Zadbane, w pełni umeblowane 3 pokojowe mieszkanie w okolicach Emki",445 000 zł,Koszalin,Wąwozowa,59 m²,3 pokoje,3 piętro
381,Apartament z tarasem na dachu - stan deweloperski,579 000 zł,Brak danych,Brak danych,59.26 m²,3 pokoje,1 piętro
382,Apartament z tarasem na dachu + widok na morze,649 000 zł,Brak danych,Brak danych,60.01 m²,3 pokoje,1 piętro
383,"Apartament ""Korona Bałtyku"" - wykończony pod klucz",479 000 zł,Brak danych,Brak danych,42.98 m²,2 pokoje,parter
384,"Apartament ""Korona Bałtyku"" - wykończony pod klucz",489 000 zł,Brak danych,Brak danych,45.43 m²,2 pokoje,parter
385,"Apartamenty ""Korona Bałtyku"" - widok na morze",599 000 zł,Brak danych,Brak danych,59.36 m²,3 pokoje,1 piętro
386,"Apartamenty ""Korona Bałtyku"" - stan deweloperski",399 000 zł,Brak danych,Brak danych,43.25 m²,2 pokoje,parter
387,"Mieszkanie (54,8 mkw.) Opalenica, os. Centrum",367 160 zł,Brak danych,Brak danych,54.8 m²,3 pokoje,2 piętro
388,2-pokojowe mieszkanie 43m2 + balkon Bezpośrednio,396 851 zł,Poznań,Luboń,43.61 m²,2 pokoje,2 piętro
389,3-pokojowe mieszkanie 61m2 + balkon Bez Prowizji,469 000 zł,Łódź,Górna,61.95 m²,3 pokoje,1 piętro
390,2-pokojowe mieszkanie 38m2 + balkon Bez Prowizji,515 632 zł,Warszawa,Rembertów,38.48 m²,2 pokoje,5 piętro
391,2-pokojowe mieszkanie 41m2 + ogródek,544 960 zł,Kraków,Podgórze,41.6 m²,2 pokoje,parter
392,Lokum la Vida,11 757 zł,Wrocław,Pole,80 m²,4 pokoje,Brak danych
393,Centralna II,11 000 zł,Kraków,Czyżyny,142 m²,4 pokoje,Brak danych
394,Krakowskie Tarasy V,12 050 zł,Wrocław,Krzyki,71 m²,4 pokoje,Brak danych
395,3-pokojowe mieszkanie 66m2 + ogródek,750 zł,Wrocław,Fabryczna,76 m²,4 pokoje,Brak danych
396,ogród 141 m2 | kameralna inwestycja,635 000 zł,Kraków,Krzesławickie,51.5 m²,3 pokoje,parter
397,3-pokojowe mieszkanie 67m2 + balkon Bezpośrednio,784 134 zł,Warszawa,Białołęka,67.02 m²,3 pokoje,1 piętro
398,✅DOŚWIETLONY UKŁAD✅ 8 piętro | Duży SALON❗️PROMOCJA❗️Tanie M.Postojowe,469 469 zł,Poznań,Miasto,42.51 m²,2 pokoje,8 piętro
399,1-pokojowe mieszkanie 28m2 + ogródek Bezpośrednio,520 405 zł,Warszawa,Północ,28.12 m²,1 pokoje,parter
400,OSTATNIA WOLNA POŁÓWKA BLIŹNIAKA- 121m2- tylko 550m do SKM,929 000 zł,Warszawa,Wesoła,121.95 m²,5 pokoje,Brak danych
401,✅4 pokoje-DWIE łazienki |Dobra komunikacja❗️| GOTOWE 2025| Zielono ❗️,61 100 000 zł,Warszawa,Mokotów,66.93 m²,4 pokoje,3 piętro
402,Mikrokawalerka z ogrodem - bez Pcc 0%prowizji,199 000 zł,Gliwice,Zabrska,17.73 m²,1 pokoje,parter
403,"3 pokojowe mieszkanie, Legnica ul. lotnicza",480 000 zł,Legnica,Brak danych,79.1 m²,3 pokoje,2 piętro
404,Klonova Park | 4 przestronne pokoje | ogród 98 m2,706 500 zł,Brak danych,Brak danych,78.5 m²,4 pokoje,parter
405,Piękne Mieszkanie - 2 piętro ✅,335 000 zł,Brak danych,Brak danych,48.1 m²,2 pokoje,2 piętro
406,Fantastyczna oferta M-2 dzielnica Zdrój!,177 000 zł,Jastrzębie,Brak danych,35.5 m²,1 pokoje,1 piętro
407,"M-4, 64m2, Widzew-Wschód, ul. Sacharowa, Umeblowane, Do Wprowadzenia",550 000 zł,Łódź,Widzew,64.55 m²,3 pokoje,5 piętro
408,MIESZKANIE Z OGRÓDKIEM MARKI 54 M2 – BEZPOŚREDNIO,820 000 zł,Brak danych,Brak danych,54.5 m²,3 pokoje,parter
409,2 Pokoje do zamieszkania,246 000 zł,Ruda,Bielszowice,43 m²,2 pokoje,4 piętro
410,Apartament 1piętro z widokiem na góry obok wyciągu,467 000 zł,Brak danych,Brak danych,36.05 m²,2 pokoje,1 piętro
411,3 pokoje na Wilanowie / duży balkon z przepięknym widokiem,799 000 zł,Warszawa,Wilanów,57.4 m²,3 pokoje,7 piętro
412,Przestronne mieszkanie 74 m2 Łódź Bałuty - sprzedam!,570 000 zł,Łódź,Brak danych,74 m²,3 pokoje,parter
413,NOWA urządzona kawalerka | ogródek | Bonarka,299 000 zł,Kraków,Fałęcki,22 m²,1 pokoje,parter
414,2-pokojowe mieszkanie po remoncie – Pomorska 6,275 000 zł,Jastrzębie,Pomorska,39.35 m²,2 pokoje,parter
415,Świetna inwestycja! Mieszkanie na Bemowie,849 000 zł,Warszawa,Bemowo,46 m²,2 pokoje,4 piętro
416,3 pokojowe mieszkanie z oddzielną kuchnia DO REMONTU! Bez prowizji,655 000 zł,Warszawa,Północ,53 m²,3 pokoje,4 piętro
417,APARTAMENT pod wyciągiem,485 000 zł,Brak danych,Brak danych,45.15 m²,2 pokoje,parter
418,2-pokojowe mieszkanie 34m2 + taras Bezpośrednio,354 629 zł,Gliwice,Śródmieście,34.43 m²,2 pokoje,1 piętro
419,Rezydencja Centrum | apartament 1-pok. | 7,273 745 zł,Gliwice,Śródmieście,25.23 m²,1 pokoje,1 piętro
420,Smart Apart Kawalerka A4/04 25.25m^2 Centrum Kielc,323 000 zł,Kielce,Śródmieście,25.25 m²,1 pokoje,3 piętro
421,Osiedle Imbramowskie,12 800 zł,Kraków,Biały,87 m²,4 pokoje,Brak danych
422,Forma Otwarta,831 268 zł,Kraków,Biały,129 m²,4 pokoje,Brak danych
423,3 pokojowe mieszkanie w świetnej lokalizacji,739 500 zł,Warszawa,Południe,49 m²,3 pokoje,5 piętro
424,"4 pokoje, wszystko Nowe, gotowe do wprowadzenia!",579 000 zł,Poznań,Luboń,56.3 m²,4 pokoje,3 piętro
425,"Nowe mieszkanie 30,05 m2 w kamienicy, Rynek",270 000 zł,Brak danych,Brak danych,34.81 m²,2 pokoje,2 piętro
426,"2pokoje | Jasne | przestronne | bus, skm, tramwaj",845 000 zł,Warszawa,Południe,51.62 m²,2 pokoje,5 piętro
427,✅4 pokoje-DWIE łazienki |Dobra komunikacja❗️| GOTOWE 2025| Zielono ❗️,1 100 000 zł,Warszawa,Mokotów,66.93 m²,4 pokoje,3 piętro
428,❗️OSTATNI TAKI UKŁAD❗️Dwie str. świata | 2 BALKONY✅TANIE M.Post w HALI,581 145 zł,Poznań,Miasto,57.08 m²,4 pokoje,4 piętro
429,"Nowy, komfortowy apartament z ogródkiem – Mielec Sielska/Traugutta",780 000 zł,Brak danych,Brak danych,90 m²,4 pokoje,parter
430,Sprzedam przechodnie mieszkanie do remontu.,160 000 zł,Wrocław,Brak danych,54 m²,2 pokoje,1 piętro
431,"Nowe mieszkanie 30,05 m2 w kamienicy, Rynek",270 000 zł,Brak danych,Brak danych,34.81 m²,2 pokoje,2 piętro
432,"2pokoje | Jasne | przestronne | bus, skm, tramwaj",845 000 zł,Warszawa,Południe,51.62 m²,2 pokoje,5 piętro
433,Nowe mieszkanie w apartamentowcu z własną plażą,599 000 zł,Brak danych,Brak danych,28.28 m²,1 pokoje,2 piętro
434,ŚWIETNY ROZKŁAD/ BALKON/ DO REMONTU/ ZA GOTÓWKĘ,399 000 zł,Warszawa,Targówek,38 m²,2 pokoje,9 piętro
435,mieszkanie na Mazurach - Węgorzewo,130 000 zł,Brak danych,Brak danych,37.25 m²,2 pokoje,1 piętro
436,PARTER -mieszkanie do remontu 3 pokoje !,559 000 zł,Szczecin,Śródmieście,57.53 m²,3 pokoje,parter
437,Julianów - piękne mieszkanie w świetnej lokalizacji,529 000 zł,Łódź,Bałuty,69 m²,3 pokoje,8 piętro
438,Mieszkanie 2-pokoje CENTRUM Krosno Odrzańskie,359 000 zł,Poznań,Brak danych,48 m²,2 pokoje,1 piętro
439,Kawalerka 30m2 Central Park Ursynów 290cm wysokość,570 000 zł,Warszawa,Ursynów,30 m²,1 pokoje,5 piętro
440,Skrajne Mieszkanie- Ogród 176 m2 - 3 Pokoje,445 000 zł,Rzeszów,Budziwój,52.72 m²,3 pokoje,parter
441,3 pokoje | parking 2x| balkon | okolica Zakopianki,201 120 000 zł,Kraków,Fałęcki,66.02 m²,3 pokoje,6 piętro
442,Apartament z ogrodem na sprzedaz 119m2+200m2 Ogrod,193 960 000 zł,Warszawa,Mokotów,120 m²,4 pokoje,parter
443,3 pokojowe mieszkanie z wyposażeniem Pogorzelec,330 000 zł,Brak danych,Brak danych,46.55 m²,3 pokoje,3 piętro
444,Bemowo – zielona oaza w Warszawie,91 425 000 zł,Warszawa,Bemowo,72 m²,4 pokoje,6 piętro
445,"Mieszkanie na sprzedaż, Mysłowice, 2 pokoje",405 000 zł,Brak danych,Brak danych,52.7 m²,2 pokoje,1 piętro
446,"Aleja Bielska Osiedle 4 Pory Roku, 2 pokoje, Klimatyzacja",478 000 zł,Tychy,Roku,38.21 m²,2 pokoje,2 piętro
447,Mieszkanie Olsztyn Jagiellończyka blisko Kortowa i starówki.,459 000 zł,Olsztyn,Brak danych,46 m²,2 pokoje,4 piętro
448,"Nowoczesny budynek z 2024 roku, duży balkon, garaż, blisko park",171 099 000 zł,Warszawa,Południe,62.92 m²,3 pokoje,1 piętro
449,"Wyjątkowe mieszkanie 86m2, w nowym budynku",211 250 000 zł,Brak danych,Brak danych,86 m²,3 pokoje,4 piętro
450,"Słoneczne mieszkanie na Wildzie, blisko centrum.",520 000 zł,Poznań,Wilda,51.08 m²,3 pokoje,1 piętro
451,Luksusowy przestronny apartament Bronowice gotowy,211 337 350 zł,Kraków,Biały,76.42 m²,4 pokoje,1 piętro
452,Heyki City Atal,12 255 zł,Szczecin,Śródmieście,110 m²,5 pokoje,Brak danych
453,3-pokojowe mieszkanie 65m2 + loggia Bezpośrednio,932 514 zł,Gdańsk,Migowo,65.67 m²,3 pokoje,8 piętro
454,3-pokojowe mieszkanie 66m2 + balkon Bez Prowizji,663 100 zł,Łódź,Polesie,66.31 m²,3 pokoje,5 piętro
455,"Nowe mieszkanie 30,05 m2 w kamienicy, Rynek",270 000 zł,Brak danych,Brak danych,34.81 m²,2 pokoje,2 piętro
456,Apartament Nowa Zamiejska,750 000 zł,Słupsk,Zamiejska,68 m²,3 pokoje,parter
457,Narożne 4pok na zachód_Balkon 9m2❗️Od Dewelopera,584 000 zł,Gliwice,Brak danych,65 m²,4 pokoje,5 piętro
458,Heyki City Atal,12 255 zł,Szczecin,Śródmieście,110 m²,5 pokoje,Brak danych
459,Kusocińskiego Budynek B,13 150 zł,Gdańsk,Migowo,103 m²,4 pokoje,Brak danych
460,2-pokojowe mieszkanie 48m2 + balkon Bezpośrednio,500 zł,Łódź,Polesie,89 m²,4 pokoje,Brak danych
461,Przestronne 3-pokojowe mieszkanie z klimatyzacją – świetna lokalizacja,349 000 zł,Brak danych,Brak danych,47 m²,3 pokoje,4 piętro
462,*Prawdziwe Zdjęcia* nowy apartament z garderobą!,212 299 000 zł,Gdańsk,Śródmieście,70 m²,3 pokoje,5 piętro
463,Nowogard- 3 pokojowe mieszkanie bezczynszowe,200 000 zł,Brak danych,Brak danych,54.9 m²,3 pokoje,1 piętro
464,2 pokojowe z klimatyzacją w idealnym stanie,599 000 zł,Rzeszów,Przybyszówka,47.52 m²,2 pokoje,6 piętro
465,Mieszkanie trzypokojowe Rzeszów ul. Lubelska 13a,799 000 zł,Rzeszów,Brak danych,67.62 m²,3 pokoje,4 piętro
466,"Apartament 4 pokoje, taras - ul. Paderewskiego",899 000 zł,Rzeszów,Słocina,76.24 m²,4 pokoje,1 piętro
467,"Mieszkanie 79,4 m2 Rzeszów ul. Monte Cassino",630 000 zł,Rzeszów,Brak danych,79.4 m²,4 pokoje,3 piętro
468,Gotowe do wprowadzenia w dobrej lokalizacji,599 000 zł,Rzeszów,Pobitno,74.6 m²,3 pokoje,4 piętro
469,Mieszkanie Rzeszów ul. Piłsudskiego 1,519 000 zł,Rzeszów,Brak danych,56.5 m²,3 pokoje,2 piętro
470,Mieszkanie 2-pokojowe Rzeszów ul. Broniewskiego,369 000 zł,Rzeszów,Brak danych,43.7 m²,2 pokoje,4 piętro
471,Nowoczesne 3 pokojowe - kameralne osiedle,749 000 zł,Rzeszów,Biała,65 m²,3 pokoje,2 piętro
472,Zadbane mieszkanie z antresolą – Staroniwa,660 000 zł,Rzeszów,Staroniwa,62.7 m²,4 pokoje,2 piętro
473,Nowe 2-pokojowe mieszkanie w centrum Nowa Sarzyna,385 847 zł,Rzeszów,Brak danych,50.11 m²,2 pokoje,1 piętro
474,3 pokoje z dużym balkonem i dostępem do Spa,488 642 zł,Rzeszów,Brak danych,63.46 m²,3 pokoje,2 piętro
475,"Nowy apartament przy lesie 48,53 m2 Nowa Sarzyna",373 681 zł,Rzeszów,Brak danych,48.53 m²,2 pokoje,1 piętro
476,Mieszkanie w Rzeszowie ul. Marcina Filipa,750 000 zł,Rzeszów,Wilkowyja,92.4 m²,4 pokoje,2 piętro
477,Nowe 3 pokojowe gotowe do zamieszkania,698 000 zł,Rzeszów,Staromieście,59 m²,3 pokoje,1 piętro
478,Nowy apartament w sąsiedztwie lasu Nowa Sarzyna,529 606 zł,Rzeszów,Brak danych,68.78 m²,3 pokoje,1 piętro
479,"Mieszkanie 84,7 m2 Rzeszów ul. Starzyńskiego 2",649 000 zł,Rzeszów,Brak danych,84.7 m²,5 pokoje,4 piętro
480,"4 pokojowe mieszkanie Nowe Miasto, Rzeszów",650 000 zł,Rzeszów,Miasto,77.14 m²,4 pokoje,4 piętro
481,"Mieszkanie 66,9 m2 Rzeszów ul. Pułaskiego 9",645 000 zł,Rzeszów,Brak danych,66.9 m²,4 pokoje,6 piętro
482,PROMOCJA❗️Dwustronne M3 z Garderobą❗️Tanie M.Post w HALI❗️OKAZJA,580 093 zł,Poznań,Miasto,56.6 m²,3 pokoje,4 piętro
483,2-pokojowe mieszkanie z loggią i klimatyzacją tuż przy Metrze Natolin,740 000 zł,Warszawa,Ursynów,38.34 m²,2 pokoje,7 piętro
484,‼️Najtańsze 3 pokoje + Hala Garażowa_ 5 min od G. Mokotów‼️,840 000 zł,Warszawa,Mokotów,54 m²,3 pokoje,3 piętro
485,Mieszkanie 68 m2 Rzeszów ul. Krośnieńska 24,749 000 zł,Rzeszów,Brak danych,68.25 m²,3 pokoje,1 piętro
486,Nowe 2-pokojowe mieszkanie oś. Projektant Rzeszów,508 725 zł,Rzeszów,Brak danych,48.45 m²,2 pokoje,1 piętro
487,Piętro domu w Krośnie z garażem i ogródkiem,465 000 zł,Rzeszów,Brak danych,89.75 m²,4 pokoje,2 piętro
488,3 pokojowe mieszkanie Rzeszów z ogródkiem,469 000 zł,Rzeszów,Brak danych,56.27 m²,3 pokoje,parter
489,3 pokojowe mieszanie Rzeszów ze strychem,459 000 zł,Rzeszów,Brak danych,57.72 m²,3 pokoje,1 piętro
490,Mieszkanie po kapitalnym remoncie,430 375 zł,Brak danych,Brak danych,34.43 m²,1 pokoje,1 piętro
491,"Mieszkanie 3-pokojowe 58,78m2|słoneczna ekspozycja Płn-Płd|Złotniki",469 000 zł,Poznań,Las,58.78 m²,3 pokoje,2 piętro
492,Mieszkanie po kapitalnym remoncie,701 625 zł,Brak danych,Brak danych,56.13 m²,2 pokoje,1 piętro
493,Mieszkanie z pięknym ogrodem i garażem w Czerwonaku,510 000 zł,Poznań,Czerwonak,120 m²,6 pokoje,parter
494,1-pokojowe mieszkanie 44m2 + balkon Bezpośrednio,646 860 zł,Szczecin,Śródmieście,44.77 m²,1 pokoje,3 piętro
495,3-pokojowe mieszkanie 60m2 + ogródek Bezpośrednio,819 000 zł,Wrocław,Pole,60.3 m²,3 pokoje,parter
496,mieszkanie na sprzedaż,730 000 zł,Brak danych,Brak danych,46 m²,2 pokoje,3 piętro
497,3 pokoje przy Bulwarach Wiślanych na Dąbiu/garaż,799 000 zł,Kraków,Grzegórzki,56.7 m²,3 pokoje,3 piętro
498,"3 pokojowe mieszkanie 52,6m2, Jaworzno",335 000 zł,Jaworzno,Brak danych,52.6 m²,3 pokoje,2 piętro
499,BEZPOŚREDNIO Kawalerka Ciche Osiedle 1 piętro Dużo zieleni,229 000 zł,Bydgoszcz,Fordon,25 m²,1 pokoje,1 piętro
500,"Mieszkanie na sprzedaż, Piekary Śląskie, 3 pokoje",436 160 zł,Brak danych,Brak danych,75.2 m²,3 pokoje,1 piętro
501,Dom Długołeka. 120m + 30poddasze-duże ogrody,969 000 zł,Wrocław,Długołęka,120 m²,5 pokoje,parter
502,Sprzedam niskoczynszowe mieszkanie - 2 pokoje z balkonem ul: Mieszka I,268 000 zł,Brak danych,Brak danych,42 m²,2 pokoje,3 piętro
503,dostępne z miejscem parkingowym,548 000 zł,Katowice,Koszutka,65.07 m²,3 pokoje,2 piętro
504,Przestronne 3 pok bez pośredników z opcją ogródka,885 000 zł,Wrocław,Pole,71.03 m²,3 pokoje,3 piętro
505,"3 pokoje, gotowe do zamieszkania, Aleja Mirabelkowa, Złotno",680 000 zł,Łódź,Polesie,58 m²,3 pokoje,1 piętro
506,Klimatyczne 3 pok. + balkon. Po termomodernizacji. Lokalizacja.,319 999 zł,Ruda,Halemba,55 m²,3 pokoje,parter
507,Mieszk. 3-pok|miejsce postojowe|balkon|kom. lokat.,539 900 zł,Poznań,Stęszew,54.66 m²,3 pokoje,1 piętro
508,Przytulne 3-pokojowe mieszkanie w dobrej lokalizacji,357 000 zł,Brak danych,Brak danych,49.77 m²,3 pokoje,3 piętro
509,Mieszkanie 68 m2 Rzeszów ul. Krośnieńska 24,749 000 zł,Rzeszów,Brak danych,68.25 m²,3 pokoje,1 piętro
510,❗️OKAZJA❗️Najwyższe piętro | Największe mieszkanie| NAJWIĘKSZY RABAT❗️,705 658 zł,Poznań,Miasto,70.61 m²,4 pokoje,8 piętro
511,Mieszkanie segment bliźniak dom Rączna gmina Liszki 80m2,750 000 zł,Brak danych,Brak danych,80 m²,4 pokoje,Brak danych
512,Piękne dwupoziomowe mieszkanie dla rodziny z dziećmi_81m,770 000 zł,Brak danych,Brak danych,81 m²,4 pokoje,3 piętro
513,Mieszk. 3-pok|miejsce postojowe|balkon|kom. lokat.,539 900 zł,Poznań,Stęszew,54.66 m²,3 pokoje,1 piętro
514,Przytulne 3-pokojowe mieszkanie w dobrej lokalizacji,357 000 zł,Brak danych,Brak danych,49.77 m²,3 pokoje,3 piętro
515,Słoneczna Arakowa,901 822 zł,Brak danych,Brak danych,104 m²,5 pokoje,Brak danych
516,Chmielna Duo | zapytaj o cenę promocyjną,28 307 zł,Warszawa,Wola,89 m²,3 pokoje,Brak danych
517,ul. Powstańców | mieszkanie 2-pok. | E 35,566 250 zł,Kraków,Mistrzejowice,37.5 m²,2 pokoje,9 piętro
518,"Pabianice- 3 pokoje, parter, balkon, do remontu",305 000 zł,Brak danych,Brak danych,48 m²,3 pokoje,parter
519,"Sprzedam mieszkanie 42,2m2 / 2 pok. /z widokiem na park/ os. Kopernika",419 000 zł,Poznań,Grunwald,42.2 m²,2 pokoje,3 piętro
520,Rodzinne mieszkanie na Jarotach,510 000 zł,Olsztyn,Jaroty,64.1 m²,3 pokoje,1 piętro
521,"dwustronne, w cegle, przy Powązkach",759 000 zł,Warszawa,Wola,46.7 m²,2 pokoje,3 piętro
522,Niedaleko Metra | Bemowo || 2016 r | 3 balkony || 2 x garaż + komórka,940 000 zł,Warszawa,Bemowo,52.36 m²,3 pokoje,3 piętro
523,"2,3 pokoje, 3m, z balkonem, widok na skwer",131 060 200 zł,Warszawa,Mokotów,55.8 m²,3 pokoje,parter
524,Wyspiańskiego | mieszkanie 2-pok. | 2,650 000 zł,Olsztyn,Polskiego,47.12 m²,2 pokoje,parter
525,"Na sprzedaż 2 pokoje, ul. Poznańska , Kraków",795 000 zł,Kraków,Poznańska,41.32 m²,2 pokoje,parter
526,Mieszkanie Pracujące W Najmie- Starówka,779 000 zł,Gdańsk,Śródmieście,45 m²,2 pokoje,3 piętro
527,w sercu Pragi Północ|do remontu| inwestycja,654 000 zł,Warszawa,Północ,52.38 m²,2 pokoje,4 piętro
528,3 pokoje po generalnym remoncie,529 000 zł,Kielce,Chęcińskie,54.35 m²,3 pokoje,1 piętro
529,9500zl za m2! SUPER CENA!,662 150 zł,Gliwice,Ostropa,69.7 m²,3 pokoje,2 piętro
530,W pełni wyposażone mieszkanie z parkingiem | 250m do plaży,590 000 zł,Brak danych,Brak danych,36 m²,2 pokoje,1 piętro
531,0%Prowziji 4pokoje/Garaż w cenie/Garderoba,765 000 zł,Wrocław,Pole,69.16 m²,4 pokoje,2 piętro
532,⭐️Balkon⭐️Niska zabudowa⭐️Piwnica⭐️Dla singla/pary,360 000 zł,Brak danych,Brak danych,47.9 m²,2 pokoje,4 piętro
533,Specjalny system płatności 20/80 z nową ceną,930 000 zł,Olsztyn,Polskiego,67.65 m²,3 pokoje,2 piętro
534,NG Development| 4 pokoje - dla rodziny - SPRAWDŹ,799 932 zł,Rzeszów,Słocina,74.76 m²,4 pokoje,6 piętro
535,Mieszkanie Gutkowo 37m,330 000 zł,Olsztyn,Gutkowo,37 m²,2 pokoje,2 piętro
536,Gotowe 3-pokojowe mieszkanie 49 m2 + loggia,699 000 zł,Wrocław,Pole,49.72 m²,3 pokoje,1 piętro
537,Gotowe 4-pokojowe mieszkanie 92m2 + 2 balkony,91 219 000 zł,Wrocław,Miasto,92.2 m²,4 pokoje,parter
538,M-2 ul. Broniewskiego Jastrzębie-Zdrój,170 000 zł,Jastrzębie,Brak danych,28 m²,1 pokoje,parter
539,"Nowa cena! Na sprzedaż M-5 ul.Polna, Pawłowice.",362 000 zł,Brak danych,Brak danych,72 m²,4 pokoje,3 piętro
540,Mieszk. 3-pok|miejsce postojowe|balkon|kom. lokat.,539 900 zł,Poznań,Stęszew,54.66 m²,3 pokoje,1 piętro
541,❗️ Ostatnie taki układ_narożny 4pok_Bezpośrednio❗️,610 000 zł,Gliwice,Brak danych,70 m²,4 pokoje,1 piętro
542,"4 pokoje, mieszkanie na sprzedaż z działką+garaż",980 000 zł,Gliwice,Polskiego,118.47 m²,4 pokoje,1 piętro
543,Mieszkanie 70 m2,399 000 zł,Brak danych,Brak danych,68.4 m²,4 pokoje,Brak danych
544,"PAKIET APARTAMENTÓW | INWESTYCJA Z PRZYCHODEM 48 000 ZŁ | ROI 7,8%",616 656 zł,Brak danych,Brak danych,70.88 m²,4 pokoje,1 piętro
545,*Nowe mieszkanie bez-czynszowe 74m2 Budynek 9*,520 000 zł,Brak danych,Brak danych,74.24 m²,4 pokoje,parter
546,Bemowo ul. Deyny - kawalerka z balkonem,562 500 zł,Warszawa,Bemowo,32.42 m²,1 pokoje,3 piętro
547,2-pokojowe mieszkanie 41m2 + loggia Bez Prowizji,31 008 zł,Warszawa,Wola,108 m²,4 pokoje,Brak danych
548,2-pokojowe mieszkanie 49m2 + loggia Bezpośrednio,950 zł,Łódź,Polesie,88 m²,4 pokoje,Brak danych
549,Pękowicka 94,13 200 zł,Kraków,Biały,66 m²,3 pokoje,Brak danych
550,Sprzedam 2- pokojowe mieszkanie w centrum Chrzanowa,399 000 zł,Brak danych,Brak danych,50.2 m²,2 pokoje,3 piętro
551,2-pokojowe mieszkanie 43m2 + balkon Bez Prowizji,599 909 zł,Poznań,Jeżyce,43.19 m²,2 pokoje,1 piętro
552,"Gotowe do zamieszkania, umeblowane w samym centrum",349 999 zł,Kielce,Sady,32.8 m²,2 pokoje,3 piętro
553,Kawalerka Gryfino Górny Taras,265 000 zł,Brak danych,Brak danych,31.19 m²,1 pokoje,3 piętro
554,Atrakcyjne mieszkanie - PARTER,415 000 zł,Brak danych,Brak danych,35 m²,2 pokoje,parter
555,3 pokoje|parter| ul.Mglista |blisko Zalewu Rybnik,350 000 zł,Rybnik,Brak danych,56 m²,3 pokoje,parter
556,Umeblowane mieszkanie 2 pokoje,250 000 zł,Rybnik,Niewiadom,38 m²,2 pokoje,1 piętro
557,"Przestronne M2 blisko centrum - 37m2, ul. Jośki",270 000 zł,Rybnik,Nowiny,37 m²,1 pokoje,1 piętro
558,Nowoczesne mieszkanie z ogródkiem i parkingiem,555 000 zł,Rybnik,Zamysłów,57.5 m²,2 pokoje,parter
559,"PAKIET APARTAMENTÓW | INWESTYCJA Z PRZYCHODEM 48 000 ZŁ | ROI 7,8%",616 656 zł,Brak danych,Brak danych,70.88 m²,4 pokoje,1 piętro
560,"3 pokoje, gotowe do zamieszkania, Aleja Mirabelkowa, Złotno",680 000 zł,Łódź,Polesie,58 m²,3 pokoje,1 piętro
561,Bezpośrednio | Wykończone | 3 pokoje | Widok na Odrę | Balkon,151 615 275 zł,Wrocław,Miasto,71.79 m²,3 pokoje,6 piętro
562,3-pokojowe mieszkanie 63m2 + balkon Bezpośrednio,693 131 zł,Katowice,Józefowiec,63.59 m²,3 pokoje,2 piętro
563,Trzy pokoje szczęścia z balkonem,280 000 zł,Rybnik,Chwałowice,56.49 m²,3 pokoje,2 piętro
564,"Mieszkanie 3 pokojowe z balkonem - 55,7 m2.",335 000 zł,Brak danych,Brak danych,55.7 m²,3 pokoje,1 piętro
565,Nowa Kawalerka ul. Domaniewska | Wysoki Standard,790 000 zł,Warszawa,Mokotów,25.53 m²,1 pokoje,6 piętro
566,Przestronne mieszkanie na Bemowie,91 461 000 zł,Warszawa,Bemowo,80 m²,4 pokoje,5 piętro
567,Otwock. Trzy pokoje. Balkon.,540 000 zł,Brak danych,Brak danych,46 m²,3 pokoje,4 piętro
568,"Kawalerka Czechów, wyposażona w AGD",373 000 zł,Lublin,Północny,26 m²,1 pokoje,8 piętro
569,Słoneczne 4 pokoje poniżej 14 tys/m2 - > Idealne dla Rodziny,1 210 000 zł,Warszawa,Mokotów,87 m²,4 pokoje,1 piętro
570,"Dwupokojowe mieszkanie z pełną własnością, wyremontowane, umeblowane",219 000 zł,Bytom,Łagiewniki,41.7 m²,2 pokoje,1 piętro
571,"2 pokoje po remoncie • Saska Kępa •37 m2 • budynek z cegły• 2,80 h",855 000 zł,Warszawa,Południe,37.2 m²,2 pokoje,parter
572,Ochota | 2-pokojowe mieszkanie | 47 m2 | garaż | balkon,950 000 zł,Warszawa,Ochota,47 m²,2 pokoje,3 piętro
573,Hit przy Alei Wilanowskiej! 2 pokoje + balkon + garaż w cenie,111 029 000 zł,Warszawa,Mokotów,55 m²,2 pokoje,3 piętro
574,2 pokojowe Mieszkanie Dzierżążno ul. Szpitalna,409 000 zł,Brak danych,Brak danych,50.51 m²,2 pokoje,1 piętro
575,"‼️Ustawne 2 pokoje, Wysoki Standard -> Mokotów‼️",650 000 zł,Warszawa,Mokotów,38 m²,2 pokoje,4 piętro
576,Sprzedam mieszkanie na osiedlu Toruńskim,240 000 zł,Wrocław,Brak danych,48.1 m²,3 pokoje,4 piętro
577,Mieszkanie na sprzedaż na Targówku,711 450 zł,Warszawa,Targówek,45.9 m²,2 pokoje,3 piętro
578,Nowe apartamenty pod klucz. Twój dochód pasywny.,100 zł,Rybnik,Niedobczyce,67 m²,3 pokoje,Brak danych
579,Mieszkanie na sprzedaż- nad Jeziorem Osiek,555 000 zł,Brak danych,Brak danych,83 m²,4 pokoje,parter
580,"Piękne mieszkanie , gotowe do zamieszkania .",398 000 zł,Brak danych,Brak danych,48 m²,2 pokoje,2 piętro
581,✅ Bez PCC |Nowe Wykończone 3 Pokoje | Bezpośrednio | Klimatyzacja,989 345 zł,Kraków,Podgórze,52.79 m²,3 pokoje,1 piętro
582,"Inwestycja, stopa zwrotu 7%, bez prowizji",600 000 zł,Katowice,Mała,95 m²,5 pokoje,2 piętro
583,"Mieszkanie na parterze, Siedlce, Poznańska",449 000 zł,Poznań,Siedlce,50.1 m²,2 pokoje,parter
584,Przytulne 3 pok. mieszkanie na Julianowie,794 000 zł,Łódź,Bałuty,89.47 m²,3 pokoje,2 piętro
585,Ostatnie mieszkanie z ogródkiem na Złotnie,654 000 zł,Łódź,Polesie,81.42 m²,4 pokoje,1 piętro
586,"Mieszkanie, Siedlce, ul. Pomorska, do wprowadzenia",549 000 zł,Brak danych,Brak danych,59.6 m²,3 pokoje,3 piętro
587,Mieszkanie do wprowadzenia blisko Manufaktury,390 000 zł,Łódź,Bałuty,53.89 m²,2 pokoje,4 piętro
588,3-pokojowe mieszkanie 53m2 + ogródek,11 550 zł,Wrocław,Krzyki,67 m²,4 pokoje,Brak danych
589,Trzy pokoje szczęścia z balkonem,280 000 zł,Rybnik,Chwałowice,56.49 m²,3 pokoje,2 piętro
590,✅SUPER CENA✅Optymalne M2 w Świetnej Lokalizacji❗️Rabat na M.Postojowe,460 393 zł,Poznań,Miasto,39.5 m²,2 pokoje,5 piętro
591,Przestronne 3-pokojowe mieszkanie z klimatyzacją – świetna lokalizacja,349 000 zł,Brak danych,Brak danych,47 m²,3 pokoje,4 piętro
592,Piękne mieszkanie z widokiem na jezioro Malta,449 000 zł,Poznań,Miasto,34.39 m²,2 pokoje,5 piętro
593,3-pokojowe mieszkanie 50m2 + loggia Bez Prowizji,589 000 zł,Warszawa,Białołęka,50.49 m²,3 pokoje,1 piętro
594,Pękowicka 96,12 800 zł,Kraków,Biały,84 m²,4 pokoje,Brak danych
595,⭐Wow Wielki Rabat na początek miesiąca⭐18minut od plaży⭐Parking/Hala,585 063 zł,Gdynia,Wiczlino,55.92 m²,4 pokoje,1 piętro
596,2pokojowe mieszkanie w sąsiedztwie Politechniki,469 000 zł,Rzeszów,Dąbrowskiego,47.3 m²,2 pokoje,3 piętro
597,3pok z Promocją na Garaż_18min od plaży_Umów się!,515 141 zł,Gdynia,Wiczlino,48.82 m²,3 pokoje,2 piętro
598,"Wykończone lux, ciche, słoneczne z ogrodem tuż przy lesie.",213 364 000 zł,Warszawa,Bielany,116 m²,4 pokoje,parter
599,Bezczynszowe mieszkanie 1 Maja,397 000 zł,Brak danych,Brak danych,61 m²,3 pokoje,1 piętro
600,Bezpośrednio: mieszkanie na Dąbiu z miejscem!,659 000 zł,Kraków,Grzegórzki,37 m²,2 pokoje,parter
601,⭐Wow Wielki Rabat na początek miesiąca⭐18minut od plaży⭐Parking/Hala,391 079 zł,Gdynia,Wiczlino,34.15 m²,2 pokoje,1 piętro
602,‼️Najtańsze 2 pokoje + M. Postojowe‼️ Dni Otwarte,379 607 zł,Gdynia,Wiczlino,33 m²,2 pokoje,1 piętro
603,"Dwupokojowe, drugie piętro, Osiedle Generałów",449 000 zł,Olsztyn,Generałów,46.5 m²,2 pokoje,2 piętro
604,⭐Zobacz na żywo + Odbierz Rabat w weekend⭐,459 854 zł,Łódź,Polesie,46.08 m²,3 pokoje,parter
605,‼️Zobacz na żywo - 2 pokoje obok Depatku‼️,363 431 zł,Łódź,Śródmieście,37.05 m²,2 pokoje,2 piętro
606,Gotowe do wejścia I 2 pokoje I Kowale,549 000 zł,Gdańsk,Kolbudy,46.32 m²,2 pokoje,2 piętro
607,⭐Gotowa kawalerka obok Umedu⭐ + Odbierz Rabat,269 821 zł,Łódź,Polesie,26 m²,1 pokoje,parter
608,"Zabobrze, idealne pod inwestycję, 3 pokoje","447 269,60 zł",Brak danych,Brak danych,41.84 m²,3 pokoje,1 piętro
609,Apartament 2 pokojowy - Blisko W. Spichrzów - Idealny pod Wynajem,392 400 zł,Gdańsk,Śródmieście,35 m²,2 pokoje,2 piętro
610,APARTAMENT w Centrum GDAŃSKA - obok W. Spichrzów -> zobacz na żywo,295 970 zł,Gdańsk,Brak danych,25.17 m²,1 pokoje,Brak danych
611,Bezczynszowe Mieszkanie z Ogródkiem,435 000 zł,Brak danych,Brak danych,50.74 m²,3 pokoje,parter
612,Takt Lirników,14 189 zł,Kraków,Duchackie,82 m²,4 pokoje,Brak danych
613,Nowy apartament na nowym osiedlu w centrum-3 pokoje-parter-do zamieszk,673 000 zł,Radom,Śródmieście,62.69 m²,3 pokoje,parter
614,Dwa balkony 11m2 + hala | 2 min do centrum,933 437 zł,Gdańsk,Siedlce,63 m²,4 pokoje,6 piętro
615,"Fordon Bajka 60,83 m2 | Parter | Ogródek 48,25 m2",519 000 zł,Bydgoszcz,Fordon,60.83 m²,3 pokoje,parter
616,NOWA urządzona kawalerka | ogródek | Bonarka,299 000 zł,Kraków,Fałęcki,22 m²,1 pokoje,parter
617,‼️Najtańsze 3 pokoje + Hala Garażowa_ 5 min od G. Mokotów‼️,840 000 zł,Warszawa,Mokotów,54 m²,3 pokoje,3 piętro
618,Murapol Osiedle Dynamiq,1 zł,Gdynia,Wiczlino,65 m²,4 pokoje,Brak danych
619,Skowronia 3,1 994 496 zł,Kraków,Duchackie,143 m²,6 pokoje,Brak danych
620,Nove Piaseczno 2,882 zł,Brak danych,Brak danych,63 m²,3 pokoje,Brak danych
621,2-pokojowe mieszkanie 42m2 + balkon Bezpośrednio,729 000 zł,Kraków,Fałęcki,42.62 m²,2 pokoje,2 piętro
622,‼️Najtańsze 3 pokoje + Hala Garażowa_ Zobacz osiedle‼️ Tramwaj,679 900 zł,Gdańsk,Siedlce,49.58 m²,3 pokoje,1 piętro
623,‼️2 pokoje Blisko Gumed oraz Stare Miasto + Hala Garażowa‼️,557 551 zł,Gdańsk,Siedlce,40 m²,2 pokoje,1 piętro
624,NAD ZEGRZEM 2 pok mieszkanie 2 Balkony! Garaż podziemny! 2019 r! PERŁA,545 000 zł,Brak danych,Brak danych,41 m²,2 pokoje,2 piętro
625,⭐Dni Otwarte-> 2 pokoje + Hala Garażowa⭐ Zobacz osiedle 5 min Starówka,517 802 zł,Gdańsk,Siedlce,36.25 m²,2 pokoje,1 piętro
626,M3 po generalnym remoncie W CENTRUM,504 000 zł,Białystok,Centrum,45.5 m²,3 pokoje,3 piętro
627,66 m2 | 3 pokoje | osobna kuchnia | Chomiczówka,899 000 zł,Warszawa,Bielany,66 m²,3 pokoje,3 piętro
628,Nowy apartament do zamieszkania-Os. Idea-2 pokoje,551 500 zł,Radom,Wacyn,47.96 m²,2 pokoje,1 piętro
629,Wow 3 pok za 460tys Tylko w Tym tygodniu+Zobacz !!,460 000 zł,Gdańsk,Łostowice,51.2 m²,3 pokoje,1 piętro
630,71 m2 | 3 pokoje | duży balkon | garaż | 2018 r.,201 049 000 zł,Warszawa,Białołęka,71 m²,3 pokoje,1 piętro
631,Gotowe 2 pokoje ⭐Parking⭐12min Centrum,396 900 zł,Gdańsk,Łostowice,37.17 m²,2 pokoje,1 piętro
632,"Mieszkanie na sprzedaż Mokotów, Siekierki, 28,92 m2",647 000 zł,Warszawa,Mokotów,28.92 m²,1 pokoje,3 piętro
633,Ustawne mieszkanie 2 pokojowe z garażem w Centrum Katowic!,335 000 zł,Katowice,Śródmieście,46.53 m²,2 pokoje,2 piętro
634,38 m2 | pokój z osobną kuchnią | kamienica,607 000 zł,Warszawa,Wola,38 m²,1 pokoje,2 piętro
635,Śliczne Wojska Polskiego-Trzy Pokoje-Umk,489 000 zł,Toruń,Mokre,45.6 m²,3 pokoje,5 piętro
636,Trzy pokoje • II piętro • centrum • przy deptaku,297 000 zł,Szczecin,Mariacka,56.8 m²,3 pokoje,2 piętro
637,Umów się na oglądanie -> Zobacz na żywo dzisiaj +Parking Wielki Rabat!,399 998 zł,Gdańsk,Łostowice,40.61 m²,2 pokoje,1 piętro
638,2 pokoje od Dewelopera - bez Pcc - Dni Otwarte,388 950 zł,Gdańsk,Łostowice,37.25 m²,2 pokoje,parter
639,44 m2 | 2 pokoje | 2-poziomowe | balkon | garaż,649 000 zł,Warszawa,Białołęka,44 m²,2 pokoje,3 piętro
640,3Pokoje/Gdańsk Siedlce-Śródmieście/Obok Tramwaj,756 818 zł,Gdańsk,Brak danych,52.8 m²,3 pokoje,4 piętro
641,Śliczne mieszkanie -os.Zazamcze,298 000 zł,Włocławek,Brak danych,52 m²,2 pokoje,6 piętro
642,Mieszkanie 2 Pokojowe Po Remoncie- Os Staszica,309 000 zł,Gorzów,Staszica,39 m²,2 pokoje,4 piętro
643,Nowe 2 pokojowe pod lasem - kupujący 0% prowizji,332 000 zł,Szczecin,Północ,35.33 m²,2 pokoje,1 piętro
644,Sprzedam bezpośrednio 3 pokoje remontu**,523 000 zł,Warszawa,Wawer,48 m²,3 pokoje,3 piętro
645,4Pokoje/Obok Tramwaj/Blisko Centrum/Ogródek 60m2,849 000 zł,Gdańsk,Górny,60.83 m²,4 pokoje,parter
646,Remont|balkon|piwnica|dobra cena.,320 000 zł,Brak danych,Brak danych,39.2 m²,2 pokoje,4 piętro
647,Trzy przestronne pokoje z dużym balkonem.,279 900 zł,Szczecin,Lwowska,61.6 m²,3 pokoje,4 piętro
648,Zamknięte Osiedle - 5 pokoi - Ogród - Podłogówka - BEZ PROWIZJI,899 000 zł,Warszawa,Ursus,90.02 m²,5 pokoje,1 piętro
649,Przestronne 3-pokojowe mieszkanie,395 000 zł,Brak danych,Brak danych,65.91 m²,3 pokoje,1 piętro
650,Moderno • Parter • 5 Pokoi • 2 Tarasy • Parking,895 000 zł,Szczecin,Kaszubska,107 m²,5 pokoje,parter
651,"Przestronny Apartament na Ptasim Osiedlu z 3 Balkonami, WYSOKI PARTER",211 099 000 zł,Katowice,Zgrzebnioka,108 m²,4 pokoje,parter
652,Mieszkanie w Brzeźnicy,235 000 zł,Brak danych,Brak danych,58 m²,3 pokoje,1 piętro
653,Kawalerka/Obok uczelni/Wykończenie w cenie,299 900 zł,Wrocław,Fabryczna,25.97 m²,1 pokoje,1 piętro
654,2pokoje/Wykończenie w cenie/10minut Stary Rynek,440 724 zł,Wrocław,Miasto,39.55 m²,2 pokoje,3 piętro
655,Centrum Studio z Pięknym Widokiem,559 000 zł,Poznań,Miasto,41.27 m²,1 pokoje,5 piętro
656,2pokoje/Wykończenie w cenie/10minut Stary Rynek,382 460 zł,Wrocław,Miasto,33.36 m²,2 pokoje,7 piętro
657,3 pokojowe mieszkanie w niskim bloku Police!,529 000 zł,Brak danych,Brak danych,69.1 m²,3 pokoje,4 piętro
658,Rodzicu nie zwlekaj,505 000 zł,Wrocław,Krzyki,33 m²,2 pokoje,8 piętro
659,15min spacerem do Rynku/Obok przystanek,507 883 zł,Bydgoszcz,Śródmieście,39.08 m²,2 pokoje,1 piętro
660,★HIT★3 pokojowe mieszkanie spółdzielcze wł. Police,529 000 zł,Brak danych,Brak danych,62.76 m²,3 pokoje,4 piętro
661,Nietuzinkowe mieszkanie w sercu miasta!,729 000 zł,Szczecin,Śródmieście,97.6 m²,4 pokoje,4 piętro
662,Najtańszakawalerka/Wrzeszcz/ObokPolitechnika-Gumed,305 000 zł,Gdańsk,Letnica,24.63 m²,1 pokoje,parter
663,✅SUPER CENA✅Optymalne M2 w Świetnej Lokalizacji❗️Rabat na M.Postojowe,460 393 zł,Poznań,Miasto,39.5 m²,2 pokoje,5 piętro
664,Piękne dwupoziomowe mieszkanie dla rodziny z dziećmi_81m,770 000 zł,Brak danych,Brak danych,81 m²,4 pokoje,3 piętro
665,Wyjątkowe | 3 pokoje | 65m2 | Kwartał Uniwersytecki | Gdańsk Przymorze,201 490 000 zł,Gdańsk,Brak danych,65 m²,3 pokoje,3 piętro
666,2 pokoje | Doskonała lokalizacja | Taras i ogródek,211 190 000 zł,Warszawa,Mokotów,51.07 m²,2 pokoje,parter
667,Przestronne 4 pokojowe mieszkanie na Słonecznym!,549 000 zł,Szczecin,Prawobrzeże,76.2 m²,4 pokoje,parter
668,Inwestycyjna/Kawalerka/4minuty do Mariny/Tramwaj,280 600 zł,Gdańsk,Śródmieście,26.15 m²,1 pokoje,3 piętro
669,Ustroń Centrum - nowa inwestycja,795 501 zł,Brak danych,Brak danych,71.35 m²,3 pokoje,2 piętro
670,2pokoje/Inwestycyjne/Śródmieście/4minuty do Mariny,360 900 zł,Gdańsk,Śródmieście,32.31 m²,2 pokoje,1 piętro
671,SPRZEDAM MIESZKANIE,399 999 zł,Brak danych,Brak danych,44.5 m²,2 pokoje,Brak danych
672,3min do Mariny Gdańsk/Gotowe do odbioru Sierpień 2025,385 300 zł,Gdańsk,Brak danych,37 m²,2 pokoje,2 piętro
673,Na sprzedaż 2 pokoje 39m2 na Zazamczu z balkonem,229 000 zł,Włocławek,Brak danych,39.01 m²,2 pokoje,8 piętro
674,"Na sprzedaż – nowoczesne 3-pokojowe mieszkanie, Warszawa, Targówek",895 000 zł,Warszawa,Brak danych,55 m²,3 pokoje,1 piętro
675,"Jasne, przestronne i gotowe do wprowadzenia !",979 999 zł,Warszawa,Białołęka,65.38 m²,3 pokoje,2 piętro
676,"Warszawa-Wesoła, Osiedle Sikorskiego 67",725 000 zł,Warszawa,Brak danych,60 m²,3 pokoje,1 piętro
677,"✅Mieszkanie z dużym balkonem, windą, 2 pokoje + salon, bez prowizji",420 000 zł,Jaworzno,Sempołowskiej,59.87 m²,2 pokoje,3 piętro
678,Mieszkanie 4 pokojowe- osiedle Glinki,859 000 zł,Bydgoszcz,Wyżyny,79.39 m²,4 pokoje,3 piętro
679,Śródmieście | 38m2 | 2-pok. | Za Żelazną Bramą,700 000 zł,Warszawa,Wola,38.22 m²,2 pokoje,10 piętro
680,Mieszkanie na sprzedaż/piękny widok/do remontu/,380 000 zł,Gdynia,Cisowa,46 m²,2 pokoje,4 piętro
681,Zacisze Marcelin,10 161 zł,Poznań,Grunwald,88 m²,4 pokoje,Brak danych
682,3-pokojowe mieszkanie 66m2 + balkon,683 zł,Gdańsk,Jasień,66 m²,3 pokoje,Brak danych
683,Zabrze Grzybowice 3,469 zł,Zabrze,Brak danych,76 m²,4 pokoje,Brak danych
684,"Apartament 2 pokojowy Kąty Rybackie, Sztutowo, nowodworski, pomorskie",540 000 zł,Brak danych,Brak danych,34.6 m²,2 pokoje,2 piętro
685,Nowe Branice | mieszkanie 3-pok. | M32,589 026 zł,Kraków,Huta,46.38 m²,3 pokoje,3 piętro
686,2 pok. | balkon | parking | komórka | metro,859 000 zł,Warszawa,Bemowo,48.87 m²,2 pokoje,2 piętro
687,2 pokoje | Doskonała lokalizacja | Taras i ogródek,1 190 000 zł,Warszawa,Mokotów,51.07 m²,2 pokoje,parter
688,Bardzo Niski Czynsz Super lokalizacja 10 min do Katowic 2 pokoje Blok,339 000 zł,Brak danych,Brak danych,48 m²,2 pokoje,3 piętro
689,Nowy apartament na nowym osiedlu w centrum-3 pokoje-parter-do zamieszk,673 000 zł,Radom,Śródmieście,62.69 m²,3 pokoje,parter
690,Rozkładowe M-3 Marysin Doły po remoncie,353 000 zł,Łódź,Bałuty,38.2 m²,2 pokoje,7 piętro
691,Morena 2 pok. z ogródkiem od południa,496 905 zł,Gdańsk,Migowo,39.71 m²,1 pokoje,parter
692,Apartament w pięknym otoczeniu sopockich lasów,"51 049 036,69 zł",Brak danych,Brak danych,56.31 m²,2 pokoje,2 piętro
693,Cena do negocjacji! Przestronne 3-pokojowe mieszkanie z balkonem,295 000 zł,Jastrzębie,Turystyczna,57.91 m²,3 pokoje,2 piętro
694,"Dwupokojowe, duża osobna kuchnia, do negocjacji.",471 000 zł,Szczecin,Śródmieście,48 m²,2 pokoje,3 piętro
695,Widokowe mieszkanie 36 m2| 600 metrów od rynku|,393 800 zł,Brak danych,Brak danych,35.8 m²,2 pokoje,parter
696,Apartament Park Bażantów I Balkon panoramiczny,678 000 zł,Katowice,Ochojec,56.88 m²,3 pokoje,2 piętro
697,Vi² by Blockhaus | mieszkanie 3-pok. | A_54,626 912 zł,Brak danych,Brak danych,71.24 m²,3 pokoje,5 piętro
698,I​V​Y by Blockhaus. | mieszkanie 2-pok. | A_15,431 067 zł,Brak danych,Brak danych,47.37 m²,2 pokoje,3 piętro
699,4-pokojowe mieszkanie 90m2 + 2 balkony,91 516 691 zł,Kraków,Podgórze,90.4 m²,4 pokoje,2 piętro
700,3-pokojowe mieszkanie 57m2 + ogródek Bezpośrednio,549 000 zł,Brak danych,Brak danych,57.39 m²,3 pokoje,parter
701,3-pokojowe mieszkanie 56m2 + balkon,990 662 zł,Warszawa,Mokotów,56.4 m²,3 pokoje,2 piętro
702,Podkarczówka 2 lub 3 pokoje bez przerabiania,459 000 zł,Kielce,Podkarczówka,53.94 m²,3 pokoje,6 piętro
703,Bolesława Chrobrego - Mieszkanie na sprzedaż,449 000 zł,Poznań,Miasto,46.8 m²,2 pokoje,4 piętro
704,Słoneczny Nowy Otok | mieszkanie z balkonem 11D,425 420 zł,Brak danych,Brak danych,47.8 m²,3 pokoje,1 piętro
705,"2 pokoje, mieszkanie na sprzedaż",630 000 zł,Poznań,Jeżyce,51.97 m²,2 pokoje,1 piętro
706,Nowoczesne 2-pokojowe mieszkanie po remoncie,319 999 zł,Brak danych,Brak danych,36 m²,2 pokoje,parter
707,Mieszkanie 3 pokojowe w atrakcyjnej lokalizacji,479 000 zł,Brak danych,Brak danych,63.06 m²,3 pokoje,4 piętro
708,3 pokoje | wysoki standard | 2 balkony,863 000 zł,Kraków,Prokocim,60.83 m²,3 pokoje,2 piętro
709,Dwupokojowe na Ochocie przy Parku Szczęśliwieckim,749 000 zł,Warszawa,Ochota,27.35 m²,2 pokoje,1 piętro
710,4 pokojowe mieszkanie,141 500 000 zł,Kraków,Krowodrza,91 m²,4 pokoje,3 piętro
711,Kawalerka do wprowadzenia w pięknej okolicy nad stawem w Tuszynie,128 000 zł,Brak danych,Brak danych,18.37 m²,1 pokoje,parter
712,3-pokojowe mieszkanie 57m2 + 2 loggie Bez Prowizji,91 574 000 zł,Warszawa,Północ,57.16 m²,3 pokoje,3 piętro
713,KALINOWE - 2 POKOJE - OSOBNA KUCHNIA!,465 000 zł,Kraków,Bieńczyce,35.85 m²,2 pokoje,3 piętro
714,3-pokojowe mieszkanie 58m2 + loggia,860 000 zł,Kraków,Prokocim,58.07 m²,3 pokoje,10 piętro
715,2-pokojowe mieszkanie 41m2 + loggia Bezpośrednio,91 859 000 zł,Warszawa,Wola,41.31 m²,2 pokoje,7 piętro
716,Akacjowa Wita,14 243 zł,Kraków,Czerwony,77 m²,4 pokoje,Brak danych
717,3-pokojowe mieszkanie 51m2 + ogródek Bez Prowizji,479 000 zł,Łódź,Górna,51.15 m²,3 pokoje,parter
718,3-pokojowe mieszkanie 55m2 + balkon Bez Prowizji,661 791 zł,Warszawa,Rembertów,55.38 m²,3 pokoje,2 piętro
719,Rozkładowe M-3 Marysin Doły po remoncie,353 000 zł,Łódź,Bałuty,38.2 m²,2 pokoje,7 piętro
720,MEGA PROMOCJA❗️Klucze JUŻ❗️Zielona Okolica✅M.Post w HALI G.✅Zadzwoń,599 659 zł,Poznań,Miasto,52 m²,3 pokoje,4 piętro
721,2-pokojowe mieszkanie 42m2 + balkon Bez Prowizji,718 746 zł,Kraków,Czerwony,42.24 m²,2 pokoje,1 piętro
722,Park Leśny Rembertów,11 700 zł,Warszawa,Rembertów,59 m²,3 pokoje,Brak danych
723,"Mieszkanie w centrum Warszawy | 2 pokoje | 39,4 m2",689 000 zł,Warszawa,Wola,39.4 m²,2 pokoje,10 piętro
724,3-pokojowe duże mieszkanie w centrum Kołobrzegu!,699 000 zł,Brak danych,Brak danych,79.9 m²,3 pokoje,2 piętro
725,Wieruszowska 2,958 zł,Poznań,Grunwald,77 m²,4 pokoje,Brak danych
726,"61m, Lokal mieszkalny przy ul. Sikorskiego !",549 000 zł,Rzeszów,Zalesie,61 m²,3 pokoje,parter
727,"Nowoczesne 2-pokojowe, wysoki standard, Wilanów",131 139 000 zł,Warszawa,Wilanów,44.52 m²,2 pokoje,1 piętro
728,Nowy Sikornik,500 zł,Gliwice,Sikornik,88 m²,4 pokoje,Brak danych
729,1-pokojowe mieszkanie 26m2 + balkon Bez Prowizji,455 350 zł,Wrocław,Krzyki,26.02 m²,1 pokoje,1 piętro
730,Mieszkanie osiedle Bajkowe,201 110 300 zł,Brak danych,Brak danych,112.33 m²,3 pokoje,3 piętro
731,"Mieszkania Szeregówka Przy Centrum, Bez czynszowe",409 000 zł,Brak danych,Brak danych,52.71 m²,3 pokoje,1 piętro
732,GDAŃSK Olszynka mieszkanie przy Starówce Gdańskiej,898 458 zł,Gdańsk,Brak danych,56.99 m²,3 pokoje,parter
733,Mieszkanie segment bliźniak dom Rączna gmina Liszki 80m2,750 000 zł,Brak danych,Brak danych,80 m²,4 pokoje,Brak danych
734,Fantastyczny apartament 4 pokoje Tychy ul. Żorska,860 000 zł,Tychy,Brak danych,78.2 m²,4 pokoje,1 piętro
735,"Mieszkanie 150 m2, osiedle Magnolii, Józefosław",211 500 000 zł,Brak danych,Brak danych,150 m²,4 pokoje,1 piętro
736,STARÓWKA WYSOKI 3 pok apartament w KAMIENICY nad Motławą koło ŻURAWIA,1 280 000 zł,Gdańsk,Śródmieście,66 m²,3 pokoje,1 piętro
737,"Bezpośrednio lokal 37,89 m2 - CENA BRUTTO","535 954,05 zł",Brak danych,Brak danych,37.89 m²,2 pokoje,1 piętro
738,"Ścisłe centrum, bez prowizji",460 000 zł,Katowice,Śródmieście,45.6 m²,2 pokoje,2 piętro
739,⭐Zaraz Gotowe 3 pokoje + 5min Centrum + UMÓW DNI OTWARTE I ZOBACZ⭐,682 700 zł,Gdańsk,Siedlce,50 m²,3 pokoje,Brak danych
740,Zaraz Gotowe 2 pokoje ⭐ 5min Centrum ⭐Umów DNI OTWARTE⭐ GARAŻ,530 000 zł,Gdańsk,Siedlce,37 m²,2 pokoje,Brak danych
741,2-pokojowe mieszkanie 42m2 + balkon Bez Prowizji,718 746 zł,Kraków,Czerwony,42.24 m²,2 pokoje,1 piętro
742,Przestronne 3-pokojowe mieszkanie z klimatyzacją – świetna lokalizacja,349 000 zł,Brak danych,Brak danych,47 m²,3 pokoje,4 piętro
743,3-pokojowe mieszkanie 58m2 + balkon Bez Prowizji,519 000 zł,Brak danych,Brak danych,58.82 m²,3 pokoje,1 piętro
744,"Sprzedam mieszkanie, parter, 3 pokoje, 65,6m2, ul. Wojska Polskiego",270 000 zł,Brak danych,Brak danych,65.6 m²,3 pokoje,parter
745,⭐Zaraz Gotowe 4 pokoje + Ogródek 60m2 + GARAŻ/KOMÓRKA + Dni OTWARTE⭐,865 000 zł,Gdańsk,Siedlce,61 m²,4 pokoje,parter
746,Gotowe 2 pokoje + Zobacz na ŻYWO _ Idealne pod WYNAJEM + obok UMEDU,320 000 zł,Łódź,Śródmieście,33 m²,2 pokoje,Brak danych
747,Najtańsze 2 pokoje + Zgarnij Bonus + Obok DEPTAKA + Umów TERM,349 700 zł,Łódź,Śródmieście,38 m²,2 pokoje,Brak danych
748,⭐Zaraz Gotowe 4 pokoje ⭐Obok Deptaka + Umów termin na DNI OTWARTE⭐,586 000 zł,Łódź,Śródmieście,69 m²,4 pokoje,Brak danych
749,Zaraz Gotowe 3 pokoje + GARAŻ/KOMÓRKA + Zgarnij BONUS DO 20TYŚ + Umów,455 800 zł,Łódź,Śródmieście,55 m²,3 pokoje,Brak danych
750,Kawalerka z kameralnym OGRÓDKIEM + Obok Medycznego + UMÓW TERMIN SAM !,267 000 zł,Łódź,Śródmieście,26 m²,1 pokoje,Brak danych
751,"BEZ prowizji! Nowe, wykończone 2pokoje obok Manufaktury",385 000 zł,Łódź,Bałuty,36 m²,2 pokoje,3 piętro
752,Gotowy Apartament 2 pokojowy⭐BEZ PROWIZJI I PCC⭐Garaż⭐wysoki standard,389 900 zł,Łódź,Polesie,36 m²,2 pokoje,1 piętro
753,Nowe mieszkania w centrum Rzepina.,225 090 zł,Brak danych,Brak danych,27.45 m²,1 pokoje,parter
754,⭐Nowe 4 pokoje _ GARAŻ/KOMÓRKA + Umów termin na DNI OTWARTE + BezPCC⭐,640 000 zł,Gdynia,Wiczlino,62 m²,4 pokoje,Brak danych
755,Najtańsze 2 pokoje ⭐ M.Parkingowe + UMÓW TERMIN NA DNI OTWARTE⭐,441 900 zł,Gdynia,Wiczlino,39 m²,2 pokoje,Brak danych
756,⭐Inwestycyjne 2 pokoje + 15min PLAŻA/CENTRUM + Parking w SUPER CENIE ⭐,379 000 zł,Gdynia,Wiczlino,33 m²,2 pokoje,Brak danych
757,Nowe 3 pokoje ⭐Taras 11m2 ⭐ GARAŻ PROMO+ Umów termin NA dni otwarte⭐,515 000 zł,Gdynia,Wiczlino,51 m²,3 pokoje,Brak danych
758,Najtańsze 2 pokoje w GDAŃSKU + Parking/boks + Umów DNI OTWARTE ZOBACZ,390 000 zł,Gdańsk,Brak danych,41 m²,2 pokoje,Brak danych
759,Gotowe 2 pokoje + 12min Centrum + Ostatnie Sztuki + DNI OTWARTE ZOBACZ,385 000 zł,Gdańsk,Łostowice,38 m²,2 pokoje,Brak danych
760,Gotowe 2 Pokoje + 12min Centrum + UMÓW TERMIN NA DNI OTWARTE,395 000 zł,Gdańsk,Łostowice,38 m²,2 pokoje,Brak danych
761,Piękne 3 pokoje na Gumieńcach | 2018rok | balkon,674 000 zł,Szczecin,Zachód,51.29 m²,3 pokoje,2 piętro
762,"Z wewnętrznym ogródkiem o pow. 67,75 m2. A07",661 365 zł,Brak danych,Brak danych,57.51 m²,3 pokoje,1 piętro
763,3-pokojowe mieszkanie 57m2 + balkon Bez Prowizji,91 004 700 zł,Warszawa,Włochy,57.65 m²,3 pokoje,7 piętro
764,1-pokojowe mieszkanie 28m2 + ogródek Bezpośrednio,520 405 zł,Warszawa,Północ,28.12 m²,1 pokoje,parter
765,2-pokojowe mieszkanie 45m2 + balkon,842 800 zł,Warszawa,Południe,45.47 m²,2 pokoje,5 piętro
766,NU2 Warszawa Wola,20 256 zł,Warszawa,Brak danych,95 m²,5 pokoje,Brak danych
767,Lokum Verde - gotowe mieszkania,10 498 zł,Wrocław,Pole,88 m²,4 pokoje,Brak danych
768,Osiedle Przyjemne,945 zł,Gdańsk,Jasień,78 m²,4 pokoje,Brak danych
769,⭐Zaraz Gotowe 4 pokoje + Ogródek 60m2 + GARAŻ/KOMÓRKA + Dni OTWARTE⭐,865 000 zł,Gdańsk,Siedlce,61 m²,4 pokoje,parter
770,Apartament dwupoziomowy z widokiem na Beskidy,649 000 zł,Bielsko-Biała,Krakowskie,78.76 m²,5 pokoje,1 piętro
771,"Inwestycja, stopa zwrotu 7%, bez prowizji",600 000 zł,Katowice,Mała,95 m²,5 pokoje,2 piętro
772,SPRZEDAM MIESZKANIE,399 999 zł,Brak danych,Brak danych,44.5 m²,2 pokoje,Brak danych
773,1-pokojowe mieszkanie 29m2 + ogródek Bezpośrednio,381 570 zł,Gdańsk,Jasień,29.3 m²,1 pokoje,1 piętro
774,Glogera Bricks,12 900 zł,Kraków,Biały,73 m²,4 pokoje,Brak danych
775,"Z wewnętrznym ogródkiem o pow. 49,85 m2. B54",786 485 zł,Brak danych,Brak danych,68.39 m²,3 pokoje,1 piętro
776,"Mieszkanie 75,5m2, 3 pok., Białołęka, Myśliborska",792 750 zł,Warszawa,Białołęka,75.5 m²,3 pokoje,4 piętro
777,Atrakcyjne mieszkanie w samym sercu Śródmieścia,121 169 000 zł,Warszawa,Śródmieście,64 m²,3 pokoje,7 piętro
778,"Ustawne 3-pok. Mieszkanie 60m2, Pruszków",649 000 zł,Brak danych,Brak danych,59.7 m²,3 pokoje,parter
779,Mieszkanie 43m2 w Nowym Budownictwie - Łeba,519 000 zł,Brak danych,Brak danych,43 m²,2 pokoje,parter
780,Mieszkanie inwestycyjne 83m2 w Centrum,171 650 000 zł,Warszawa,Śródmieście,83 m²,3 pokoje,parter
781,1000m ul. Piotrkowska i 1700m Manufaktura⭐BEZ 2%PCC⭐28-82m2,326 208 zł,Łódź,Polesie,34 m²,2 pokoje,Brak danych
782,"Nowoczesne 3 pok centrum balkon, garaż, klima",849 000 zł,Wrocław,Fabryczna,57.99 m²,3 pokoje,2 piętro
783,4 pokoje / 88 m2 / Kliny / Apartament/Od właściciela/Okazja!!!,929 000 zł,Kraków,Swoszowice,88 m²,4 pokoje,3 piętro
784,M3 na parterze,334 900 zł,Łódź,Widzew,38 m²,2 pokoje,parter
785,"Duże mieszkanie z ogródkiem, 5min od rynku",575 000 zł,Brak danych,Brak danych,69 m²,3 pokoje,parter
786,5 pokoi 72m2 os.Nałkowskich ul.Romera pietro 4z4 bez windy,569 000 zł,Lublin,Wrotków,72.5 m²,5 pokoje,4 piętro
787,Wyremontowana i wyposażona kawalerka,229 000 zł,Częstochowa,Wrzosowiak,32.5 m²,1 pokoje,3 piętro
788,"3 pokoje , balkon, doskonałe pod inwestycję!",770 000 zł,Warszawa,Śródmieście,46 m²,3 pokoje,8 piętro
789,"Trzypokojowe, dwupoziomowe mieszkanie gotowe do za",479 000 zł,Brak danych,Brak danych,45.7 m²,3 pokoje,2 piętro
790,Nowe Mieszkanie 3 Pokoje 43m2 Bartodzieje,499 000 zł,Bydgoszcz,Bartodzieje,42.39 m²,3 pokoje,2 piętro
791,3-pokojowe mieszkanie na Żoliborzu BEZPOŚREDNIO,798 000 zł,Warszawa,Żoliborz,47 m²,3 pokoje,1 piętro
792,Tramwaj 9 minut,91 287 000 zł,Warszawa,Żoliborz,63.28 m²,3 pokoje,1 piętro
793,OSTATNIA WOLNA POŁÓWKA BLIŹNIAKA- 121m2- tylko 550m do SKM,929 000 zł,Warszawa,Wesoła,121.95 m²,5 pokoje,Brak danych
794,"Mieszkanie na sprzedaż Mokotów, Siekierki, 28,92 m2",647 000 zł,Warszawa,Mokotów,28.92 m²,1 pokoje,3 piętro
795,"3 pok., taras 40m2, gotowe do wydania, Prawobrzeże",529 317 zł,Szczecin,Prawobrzeże,51.39 m²,3 pokoje,1 piętro
796,"Kawalerka, metro Natolin!",629 000 zł,Warszawa,Ursynów,33.52 m²,1 pokoje,7 piętro
797,"Mieszkanie 3 pokoje, osobna kuchnia, 1 piętro, balkon, piwnica.",480 000 zł,Brak danych,Brak danych,64 m²,3 pokoje,1 piętro
798,Mieszkanie M4 -54 m z możliwością dokupienia garażu oraz działki !!,430 000 zł,Bydgoszcz,Kapuściska,54 m²,3 pokoje,parter
799,Wyjątkowe mieszkanie na zielonych Bielanach – z widokiem na las!,211 800 000 zł,Warszawa,Bielany,74.19 m²,3 pokoje,2 piętro
800,"Mieszkanie 3 Pokoje Po Kapitalnym Remoncie Klimatyzacja, Os.Piaski",429 000 zł,Brak danych,Brak danych,65.1 m²,3 pokoje,3 piętro
801,Mieszkanie z ogródkiem w kameralnym budynku,575 994 zł,Brak danych,Brak danych,56.47 m²,3 pokoje,parter
802,All inclusive! | 5 min. do Metra | po remoncie,495 000 zł,Warszawa,Bielany,26 m²,1 pokoje,3 piętro
803,tanie mieszkanie 94m2 pod Wrocławiem z ogrodem,759 000 zł,Wrocław,Brak danych,94 m²,4 pokoje,1 piętro
804,"Luksusowy apartament w Izerski Resort, widok na góry, 2 pokoje.",799 000 zł,Brak danych,Brak danych,41 m²,2 pokoje,1 piętro
805,1-pokojowe mieszkanie 29m2 + ogródek Bezpośrednio,381 570 zł,Gdańsk,Jasień,29.3 m²,1 pokoje,1 piętro
806,ŚWIETNY ROZKŁAD/ BALKON/ DO REMONTU/ ZA GOTÓWKĘ,399 000 zł,Warszawa,Targówek,38 m²,2 pokoje,9 piętro
807,Kawalerka Gryfino Górny Taras,265 000 zł,Brak danych,Brak danych,31.19 m²,1 pokoje,3 piętro
808,Przestronne 3-pokojowe mieszkanie z dużą kuchnią i wygodnym salonem,400 000 zł,Bytom,Śródmieście,87.77 m²,3 pokoje,5 piętro
809,Trzypokojowe mieszkanie o wysokim standardzie na nowym osiedlu,575 000 zł,Brak danych,Brak danych,62.57 m²,3 pokoje,parter
810,"Latchorzew, 3 pok. loggia, taras, miejsce post. 0% prowizji",850 000 zł,Brak danych,Brak danych,64.3 m²,3 pokoje,1 piętro
811,Apartament Nowa Zamiejska,750 000 zł,Słupsk,Zamiejska,68 m²,3 pokoje,parter
812,"Bliskie Marki, 3 pokoje balkon parking, nowe",599 000 zł,Brak danych,Brak danych,57 m²,3 pokoje,1 piętro
813,Wyjątkowe 2-pokojowe mieszkanie z dużym tarasem,579 999 zł,Łódź,Polesie,49.12 m²,2 pokoje,parter
814,Sprzedam 2-pokojowe mieszkanie w kamienicy,305 000 zł,Łódź,Śródmieście,54.96 m²,2 pokoje,3 piętro
815,3-pokojowe mieszkanie 58m2 + balkon Bez Prowizji,519 000 zł,Brak danych,Brak danych,58.82 m²,3 pokoje,1 piętro
816,2-pokojowe mieszkanie 46m2 + 2 balkony,529 000 zł,Brak danych,Brak danych,46.17 m²,2 pokoje,1 piętro
817,"Wrocław Poświęcka 32 m2, kawalerka na sprzedaż",435 000 zł,Wrocław,Brak danych,32 m²,1 pokoje,4 piętro
818,3 pok | ciche | ochrona | miejsce w cenie,499 000 zł,Brak danych,Brak danych,50.5 m²,3 pokoje,2 piętro
819,odnowiona kamienica z windą* 52m2*metro*loggia,829 999 zł,Warszawa,Wola,52 m²,2 pokoje,2 piętro
820,"Mieszkanie 3 pok. 57,5m, 1 piętro, ogródek garażem",350 000 zł,Brak danych,Brak danych,57.5 m²,3 pokoje,1 piętro
821,Mieszkanie blisko parku,429 000 zł,Łódź,Śródmieście,51.85 m²,2 pokoje,3 piętro
822,"Nowoczesne 2 pokoje – Tarchomin, tuż przy Galerii Północnej!",760 000 zł,Warszawa,Białołęka,47.02 m²,2 pokoje,3 piętro
823,3-pokojowe mieszkanie 53m2 + balkon,539 000 zł,Brak danych,Brak danych,53.24 m²,3 pokoje,1 piętro
824,3-pokojowe mieszkanie 72m2 + ogródek Bez Prowizji,91 269 000 zł,Warszawa,Wilanów,72.53 m²,3 pokoje,parter
825,1-pokojowe mieszkanie 25m2 Bez Prowizji,389 000 zł,Warszawa,Białołęka,25.61 m²,1 pokoje,2 piętro
826,3-pokojowe mieszkanie 52m2 + 2 balkony,316 455 zł,Brak danych,Brak danych,52.63 m²,3 pokoje,3 piętro
827,Panoramiqa | mieszkanie 3-pok. | C.09.006,764 000 zł,Poznań,Miasto,65.76 m²,3 pokoje,9 piętro
828,2-pokojowe mieszkanie 49m2 + ogródek,91 490 000 zł,Warszawa,Mokotów,49.84 m²,2 pokoje,parter
829,Tanie 2 pokoje w Centrum,345 000 zł,Szczecin,Śródmieście,48.64 m²,2 pokoje,2 piętro
830,Przestronne 3-pokojowe mieszkanie z dużą kuchnią i wygodnym salonem,400 000 zł,Bytom,Śródmieście,87.77 m²,3 pokoje,5 piętro
831,❗️OKAZJA❗️Najwyższe piętro | Największe mieszkanie| NAJWIĘKSZY RABAT❗️,705 658 zł,Poznań,Miasto,70.61 m²,4 pokoje,8 piętro
832,Remont|balkon|piwnica|dobra cena.,320 000 zł,Brak danych,Brak danych,39.2 m²,2 pokoje,4 piętro
833,3-pokojowe mieszkanie 76m2 + ogródek Bezpośrednio,92 230 000 zł,Warszawa,Mokotów,76.31 m²,3 pokoje,parter
834,Mieszkanie na Szwederowie do własnej aranżacji,370 000 zł,Bydgoszcz,Szwederowo,56.1 m²,4 pokoje,3 piętro
835,Apartament Czarna Góra Resort Biała Perła,820 000 zł,Brak danych,Brak danych,52.32 m²,2 pokoje,1 piętro
836,Ciche przytulne mieszkanie w Centrum/PKP. 2 pokoje + oddzielna kuchnia,489 000 zł,Brak danych,Brak danych,52 m²,2 pokoje,2 piętro
837,"2 pokoje na parterze+ogród, spokojna okolica",550 000 zł,Łódź,Polesie,51.41 m²,2 pokoje,parter
838,Atrakcyjne mieszkanie 51m2 w Zabrzu OKAZJA!,299 999 zł,Zabrze,Północ,50.98 m²,2 pokoje,3 piętro
839,Piękne mieszkanie 2 pokojowe,420 000 zł,Brak danych,Brak danych,36.69 m²,2 pokoje,1 piętro
840,Urządzone 2-pokojowe mieszkanie ul. Grodzka,285 000 zł,Wałbrzych,Podzamcze,41.5 m²,2 pokoje,parter
841,Boczna Warszawska/Duży strych/Szybki odbiór,519 000 zł,Brak danych,Brak danych,68.12 m²,4 pokoje,1 piętro
842,Zamieszkaj lepiej – nowa inwestycja na Białej,384 418 zł,Rzeszów,Drabinianka,37.82 m²,2 pokoje,parter
843,Atrakcyjne mieszkanie budynek z windą,390 000 zł,Brak danych,Brak danych,42.35 m²,2 pokoje,3 piętro
844,"Wysokie sufity, duże okna – sprawdź! | Eng",460 000 zł,Brak danych,Brak danych,59.07 m²,2 pokoje,2 piętro
845,✔ Nowe Osiedle ✔ 2 pokoje ✔ ok Wrocławia ✔ 0%,399 221 zł,Wrocław,Brak danych,49 m²,2 pokoje,4 piętro
846,4 pokoi / balkon/ogrodzona działka /GARAŻ /parking / STUDIO przyziemi,700 000 zł,Słupsk,Włodkowica,111.7 m²,4 pokoje,1 piętro
847,Nowe mieszkanie 3 pokojowe ulica Lecha Kielce,870 000 zł,Kielce,Brak danych,66.8 m²,3 pokoje,3 piętro
848,Ładne Mieszkanie 45m2 w Trzebini ul. Wiśniowa 5,319 000 zł,Brak danych,Brak danych,45 m²,2 pokoje,2 piętro
849,Wzgórze Hugona | Nowe Mieszkanie L.2.05,319 000 zł,Brak danych,Brak danych,39.31 m²,2 pokoje,2 piętro
850,Apartamenty Barbary 19,472 398 zł,Katowice,Śródmieście,149 m²,4 pokoje,Brak danych
851,3-pokojowe mieszkanie 57m2 + balkon Bez Prowizji,825 817 zł,Kraków,Biały,57.15 m²,3 pokoje,3 piętro
852,Sprzedam kawalerkę na nowym osiedlu w Gliwicach w Ligocie Zabrskiej,350 000 zł,Gliwice,Zabrska,30.17 m²,2 pokoje,2 piętro
853,"Mieszkanie 3-pokojowe 58,78m2|słoneczna ekspozycja Płn-Płd|Złotniki",469 000 zł,Poznań,Las,58.78 m²,3 pokoje,2 piętro
854,Super oferta inwestycyjna!,379 000 zł,Warszawa,Włochy,24.62 m²,1 pokoje,1 piętro
855,Wilkońskich 3,11 750 zł,Poznań,Jeżyce,115 m²,4 pokoje,Brak danych
856,Perfumiarnia 2,15 130 zł,Poznań,Grunwald,163 m²,5 pokoje,Brak danych
857,Duże mieszkanie 3 pok. w atrakcyjnej cenie!,699 000 zł,Wrocław,Pole,64.1 m²,3 pokoje,2 piętro
858,Gdańsk Letnica 3 pok. eksp. płd.-zach.,913 123 zł,Gdańsk,Brak danych,68.4 m²,3 pokoje,4 piętro
859,Mieszkanie do wprowadzenia na Widzewie,389 000 zł,Łódź,Widzew,55.1 m²,2 pokoje,2 piętro
860,2-pokojowe mieszkanie 38m2 + balkon Bez Prowizji,515 632 zł,Warszawa,Rembertów,38.48 m²,2 pokoje,5 piętro
861,Apartament 4 pok. na Morenie z ogródkiem,81 270 492 zł,Gdańsk,Migowo,99.15 m²,4 pokoje,parter
862,3pokoje/ogródek/gotowe/miejsce postojowe+komórka,759 000 zł,Wrocław,Pole,55.24 m²,3 pokoje,parter
863,Słoneczne mieszkanie na ostatnim piętrze bez 2%Pcc,637 000 zł,Poznań,Grunwald,50.57 m²,3 pokoje,8 piętro
864,Na sprzedaż 2-pokojowe mieszkanie | Stare Podgórze,799 000 zł,Kraków,Podgórze,42 m²,2 pokoje,3 piętro
865,1-pokojowe mieszkanie 27m2 + ogródek Bez Prowizji,506 800 zł,Warszawa,Włochy,27.17 m²,1 pokoje,parter
866,Mieszkanie przy parku do własnej aranżacji,320 000 zł,Brak danych,Brak danych,54.7 m²,3 pokoje,8 piętro
867,STARÓWKA Widok na rzekę Motławę! Duże Wygodne Odrestaurowana kamienica,1 599 000 zł,Gdańsk,Śródmieście,91 m²,5 pokoje,3 piętro
868,Taka okazja za takie pieniądze? Nie ma co czekać!,498 000 zł,Kraków,Biały,34 m²,2 pokoje,1 piętro
869,Najlepsza lokalizacja w Rumi,479 000 zł,Gdańsk,Brak danych,47.59 m²,2 pokoje,1 piętro
870,Ogródek + Taras ⭐ Rynek 15 min ⭐ Drzwi Otwarte ⭐Mega Rabat ⭐ 0%PCC,764 000 zł,Wrocław,Krzyki,65 m²,3 pokoje,parter
871,Nowa Pabianicka,14 992 zł,Wrocław,Krzyki,163 m²,6 pokoje,Brak danych
872,Portowa Zabłocie,16 465 zł,Kraków,Podgórze,90 m²,4 pokoje,Brak danych
873,"Wyjątkowe ! Taras 35m2, ostatnie piętro ! Parking",151 600 000 zł,Warszawa,Mokotów,70.4 m²,3 pokoje,6 piętro
874,3-pokojowe mieszkanie 67m2 + balkon Bez Prowizji,725 004 zł,Katowice,Józefowiec,67.13 m²,3 pokoje,1 piętro
875,Wilkońskich 3,11 750 zł,Poznań,Jeżyce,115 m²,4 pokoje,Brak danych
876,DODATKOWY RABAT❗️Dwustronne M4 - 63m2 z OGRÓDKIEM✅Smart Home✅PROMOCJA,632 069 zł,Poznań,Miasto,63.01 m²,4 pokoje,Brak danych
877,1-pokojowe mieszkanie 28m2 + ogródek Bezpośrednio,520 405 zł,Warszawa,Północ,28.12 m²,1 pokoje,parter
878,Mieszkanie LENA ze składzikiem,450 000 zł,Sosnowiec,Południe,63 m²,3 pokoje,3 piętro
879,1-pokojowe mieszkanie 41m2 + balkon,743 019 zł,Wrocław,Krzyki,41.88 m²,1 pokoje,2 piętro
880,Osiedle Józefowska,10 400 zł,Katowice,Józefowiec,116 m²,5 pokoje,Brak danych
881,Motława Garden,13 471 zł,Gdańsk,Olszynka,138 m²,5 pokoje,Brak danych
882,Kuźnicy Kołłątajowskiej 42,13 400 zł,Kraków,Biały,89 m²,4 pokoje,Brak danych
883,4-pokojowy apartament 88m2 + balkon Bezpośrednio,19 572 zł,Gdynia,Śródmieście,107 m²,4 pokoje,Brak danych
884,Atal Apollina,134 zł,Gdańsk,Kolbudy,95 m²,4 pokoje,Brak danych
885,Salon od Południowego zachodu! Piękne doświetlenie,61 384 000 zł,Kraków,Bronowice,77 m²,4 pokoje,4 piętro
886,Balkon 10m2! Jest na czym wypocząć!,819 000 zł,Kraków,Biały,55 m²,3 pokoje,1 piętro
887,Designerskie mieszkanie w premium części Pragi,950 000 zł,Warszawa,Północ,43.7 m²,2 pokoje,4 piętro
888,Trzy kroki od Koźmina | Taras na dachu | Garaż,81 340 000 zł,Warszawa,Północ,74.45 m²,3 pokoje,7 piętro
889,Przestronne mieszkanie z dwoma balkonami + projekt,806 000 zł,Gdańsk,Letnica,62 m²,3 pokoje,4 piętro
890,Semiramis | mieszkanie 3-pok. | 126,587 837 zł,Katowice,Bogucice,53.93 m²,3 pokoje,7 piętro
891,mieszkanie 2 pokoje ul Hutnicza 16 Lublin,354 000 zł,Lublin,Brak danych,46 m²,2 pokoje,2 piętro
892,Piasta Park V​I | mieszkanie 3-pok. | G1-112,866 605 zł,Kraków,Mistrzejowice,55.91 m²,3 pokoje,8 piętro
893,3-pokojowe mieszkanie 49m2 + balkon,478 464 zł,Brak danych,Brak danych,49.84 m²,3 pokoje,2 piętro
894,1-pokojowe mieszkanie 41m2 + balkon,743 019 zł,Wrocław,Krzyki,41.88 m²,1 pokoje,2 piętro
895,2 pokoje 45m2 z ogródkiem 30m2 w Zamieniu koło Ursynowa,599 000 zł,Warszawa,Ursynów,44.68 m²,2 pokoje,parter
896,Sprzedam mieszkanie w Ostrowie Wielkopolski,289 000 zł,Brak danych,Brak danych,38 m²,2 pokoje,3 piętro
897,Kawalerka do wprowadzenia w pięknej okolicy nad stawem w Tuszynie,128 000 zł,Brak danych,Brak danych,18.37 m²,1 pokoje,parter
898,2-pokojowe mieszkanie 40m2 + balkon,448 551 zł,Katowice,Józefowiec,40.41 m²,2 pokoje,1 piętro
899,3-pokojowe mieszkanie 55m2 + balkon,594 599 zł,Katowice,Józefowiec,55.57 m²,3 pokoje,2 piętro
900,3-pokojowe mieszkanie 72m2 + balkon Bez Prowizji,880 759 zł,Kraków,Podgórze,72.79 m²,3 pokoje,2 piętro
901,3-pokojowe mieszkanie 78m2 + balkon,735 644 zł,Katowice,Józefowiec,78.26 m²,3 pokoje,1 piętro
902,Łepkowskiego | mieszkanie 3-pok. | 11 / M09,938 764 zł,Kraków,Czerwony,63.43 m²,3 pokoje,1 piętro
903,2-pokojowe mieszkanie 39m2 + balkon Bezpośrednio,496 818 zł,Katowice,Józefowiec,39.43 m²,2 pokoje,2 piętro
904,3-pokojowe mieszkanie 54m2 + balkon,570 544 zł,Katowice,Józefowiec,54.86 m²,3 pokoje,2 piętro
905,2-pokojowe mieszkanie 46m2 + balkon,572 912 zł,Kraków,Podgórze,46.96 m²,2 pokoje,1 piętro
906,"Gotowe mieszkanie z ogródkiem -Bez Pcc, 0%prowizji",649 770 zł,Kraków,Biały,39.38 m²,2 pokoje,2 piętro
907,"3 pokoje, oczyszczone Łódź Bałuty, Zgierska 75/81 Український English",475 000 zł,Łódź,Brak danych,61.37 m²,3 pokoje,10 piętro
908,Aktualne Mieszkanie z widokiem na Park Lotników,181 868 209 zł,Kraków,Huta,92.03 m²,4 pokoje,1 piętro
909,Trasa łagiewnicka/Zieleń / Kameralna inwestycja,91 105 000 zł,Kraków,Fałęcki,69.93 m²,4 pokoje,1 piętro
910,Trasa łagiewnicka/Zieleń / Kameralna inwestycja,890 000 zł,Kraków,Fałęcki,56.35 m²,4 pokoje,2 piętro
911,Chorzów Pniaki - Mieszkanie w spokojnej okolicy,316 000 zł,Chorzów,Brak danych,51.8 m²,2 pokoje,3 piętro
912,Świetna Lokalizacja|2 Pokoje|Balkon|Nowe Okna,349 000 zł,Poznań,Jeżyce,33.85 m²,2 pokoje,2 piętro
913,Luksusowy Apartament|Przestrzeń|Cisza|Lokalizacja,888 000 zł,Poznań,Grunwald,63.73 m²,2 pokoje,6 piętro
914,Blisko Centrum|Balkon|Piwnica|Świetna Lokalizacja,534 900 zł,Poznań,Jeżyce,47 m²,2 pokoje,8 piętro
915,Mieszkanie 18A + ogród + miejsce postojowe,549 000 zł,Łódź,Widzew,63.8 m²,3 pokoje,parter
916,"Starówka 2 pokoje, miejsce parkingowe w garażu w C",499 000 zł,Brak danych,Brak danych,34.6 m²,2 pokoje,4 piętro
917,"2 pokoje, 41,02m2, miejsce parkingowe, ogródek",529 000 zł,Brak danych,Brak danych,41.02 m²,2 pokoje,parter
918,"M3 w ścisłym centrum, Nowy Bytom",177 000 zł,Bytom,Brak danych,60.86 m²,2 pokoje,2 piętro
919,Piękne mieszkanie w doskonałej lokalizacji z ogród,591 603 zł,Wrocław,Krzyki,35.01 m²,2 pokoje,parter
920,Apartament Wrzeszcz- blisko Politechniki,940 076 zł,Gdańsk,Dolny,60.87 m²,3 pokoje,1 piętro
921,"3 sypialnie, balkon, parking, piwnica - Jelonki",999 999 zł,Warszawa,Bemowo,82.4 m²,4 pokoje,5 piętro
922,"Bliska Białołęka,nowe budownictwo 2022r., 500m od kolejki Skm",605 080 zł,Warszawa,Białołęka,43.22 m²,2 pokoje,3 piętro
923,Wow wielki Rabat 160tys zaraz Gotowe blisko Westfield_Umów się dziś!,730 219 zł,Warszawa,Mokotów,42.88 m²,2 pokoje,parter
924,Dwustronne + 2łazienki +Odbiór za chwilę +Umów się na dni otwarte_Hala,1 095 088 zł,Warszawa,Mokotów,69.75 m²,3 pokoje,2 piętro
925,"Ruczaj ul.Szuwarowa ROZKŁADOWE 2 pokojowe, balkon OKAZJA!",695 000 zł,Kraków,Dębniki,52.4 m²,2 pokoje,3 piętro
926,Słocina | Mieszkanie z ogrodem | Widok na las,599 000 zł,Rzeszów,Słocina,83.06 m²,3 pokoje,parter
927,3 Pokojowe Mieszkanie w Świetnej Lokalizacji !,599 000 zł,Rzeszów,Drabinianka,64.29 m²,3 pokoje,3 piętro
928,Mieszkanie z ogrodem po remoncie,675 000 zł,Wrocław,Brak danych,100 m²,4 pokoje,parter
929,Wzgórze Hugona | L.0.06 - duży balkon,452 000 zł,Brak danych,Brak danych,58.57 m²,3 pokoje,parter
930,Mieszkanie z ogródkiem w spokojnej okolicy,439 000 zł,Brak danych,Brak danych,56.2 m²,3 pokoje,parter
931,Gotowe do zamieszkania – wykończone pod klucz,462 528 zł,Rzeszów,Załęże,55.13 m²,3 pokoje,2 piętro
932,Projektant/Duży strych/Szybki Termin oddania,469 000 zł,Rzeszów,Przybyszówka,63.73 m²,4 pokoje,1 piętro
933,2-pokojowe mieszkanie 40m2 + balkon,448 551 zł,Katowice,Józefowiec,40.41 m²,2 pokoje,1 piętro
934,Cena do negocjacji! Przestronne 3-pokojowe mieszkanie z balkonem,295 000 zł,Jastrzębie,Turystyczna,57.91 m²,3 pokoje,2 piętro
935,4-pokojowe mieszkanie 84m2 + balkon Bez Prowizji,807 840 zł,Katowice,Józefowiec,84.15 m²,4 pokoje,2 piętro
936,Projektant/Duży strych/Szybki Termin oddania,469 000 zł,Rzeszów,Przybyszówka,63.73 m²,4 pokoje,1 piętro
937,Piękne mieszkanie i gotowa inwestycja! Film,539 000 zł,Toruń,Przedmieście,42.3 m²,2 pokoje,2 piętro
938,2-pokojowe mieszkanie w spokojnej okolicy - bez pośredników,310 000 zł,Brak danych,Brak danych,39 m²,2 pokoje,1 piętro
939,Kawalerka z sypialnią|Komórka lok.|Klima|2016 r.,520 000 zł,Wrocław,Śródmieście,28.33 m²,2 pokoje,3 piętro
940,Plac Grunwaldzki|Kamienica po remoncie|Inwestycja,555 000 zł,Wrocław,Brak danych,45.2 m²,2 pokoje,4 piętro
941,"Loftowy klimat,106m2 z potencjałem, bez pośredników.",201 250 000 zł,Poznań,Grunwald,106.8 m²,4 pokoje,2 piętro
942,Wróciło do Sprzedaży ⭐ TOP Lokalizacja ⭐ 2x Loggia ⭐ Mega Okazja ⭐ ENG,1 153 000 zł,Wrocław,Miasto,88 m²,4 pokoje,10 piętro
943,2 pok. z garażem przy Zakrzówku,815 000 zł,Kraków,Dębniki,51.88 m²,2 pokoje,1 piętro
944,Wyjątkowa lokalizacja | NG Development | 2 pokoje,648 830 zł,Rzeszów,Drabinianka,49.91 m²,2 pokoje,3 piętro
945,Parter z prywatnym ogródkiem i 2 miejsca w cenie,447 000 zł,Rzeszów,Słocina,56.34 m²,3 pokoje,parter
946,Mieszkanie z dużym ogródkiem oraz komórką w cenie,577 918 zł,Rzeszów,Zalesie,53.02 m²,3 pokoje,parter
947,3 pokoje po remoncie na 1 piętrze z balkonem!,380 000 zł,Koszalin,Franciszkańska,48.4 m²,3 pokoje,1 piętro
948,Piękny 2 pok. apartament z ogródkiem i tarasem!,399 000 zł,Koszalin,Wenedów,37.65 m²,2 pokoje,parter
949,Centrum Racibórz/2 pokoje/nowo powstały budynek,332 358 zł,Brak danych,Brak danych,42.61 m²,2 pokoje,1 piętro
950,Kielanówka/Ogródek/Gotowe mieszkania,476 235 zł,Brak danych,Brak danych,50.13 m²,3 pokoje,parter
951,Bez prowizji! Mieszkanie gotowe do zamieszkania!,549 000 zł,Poznań,Miasto,39.83 m²,2 pokoje,2 piętro
952,Świeżo Wykończone 3 Pokoje Prawdziwe Zdjęcia 2 M.Parkingowe Standard +,649 000 zł,Gdańsk,Brak danych,51.25 m²,3 pokoje,3 piętro
953,0%! Mieszkanie czteropokojowe z potencjałem!,797 000 zł,Poznań,Miasto,57.09 m²,4 pokoje,6 piętro
954,Lwowska/ogródek/szybki odbiór/ogrzewanie podłogowe,479 000 zł,Brak danych,Brak danych,54.57 m²,3 pokoje,parter
955,Przestronne 2 pokojowe z jadalnią WIREK,269 000 zł,Ruda,Wirek,49 m²,2 pokoje,2 piętro
956,2pokoje z ogródkiem•MP+Komórka•Niska zabudowa•2021,590 000 zł,Wrocław,Fabryczna,35.85 m²,2 pokoje,parter
957,Apartament-got.inwestycyjny najem krótkoterminowy,485 000 zł,Bydgoszcz,Miasto,49 m²,2 pokoje,2 piętro
958,"4 pokoje, mieszkanie na sprzedaż z działką+garaż",980 000 zł,Gliwice,Polskiego,118.47 m²,4 pokoje,1 piętro
959,"Nowa papiernia - 44,76 m2 - 2 pokoje, komórka lok.",799 000 zł,Wrocław,Krzyki,44.76 m²,2 pokoje,3 piętro
960,"Górzyskowo, 1 piętro, 3 pokoje, m. postojowe",659 000 zł,Bydgoszcz,Górzyskowo,68.65 m²,3 pokoje,1 piętro
961,2-pokojowe mieszkanie 39m2 + taras Bez Pośredników,419 442 zł,Gliwice,Śródmieście,39.57 m²,2 pokoje,1 piętro
962,Projektant/Duży strych/Szybki Termin oddania,469 000 zł,Rzeszów,Przybyszówka,63.73 m²,4 pokoje,1 piętro
963,Dwupoziomowe mieszkanie z ogrodem i garażem na sprzedaż,699 000 zł,Brak danych,Brak danych,108.27 m²,4 pokoje,parter
964,"Mieszkanie wolne od zaraz, w cenie całe wyposażenie",499 000 zł,Brak danych,Brak danych,47 m²,2 pokoje,1 piętro
965,Przestronne 2-pokojowe mieszkanie M3,315 000 zł,Bydgoszcz,Fordon,48.45 m²,2 pokoje,1 piętro
966,1-pokojowe mieszkanie 30m2 + taras Bez Prowizji,352 408 zł,Gliwice,Śródmieście,30.38 m²,1 pokoje,3 piętro
967,"Powstańców Warszawy, 2 pokoje, miejsce postojowe",499 000 zł,Bydgoszcz,Leśne,49 m²,2 pokoje,5 piętro
968,"Nowe Bistro z opcją zmiany na apartament, 20 M do",950 000 zł,Brak danych,Brak danych,31.42 m²,Brak danych,parter
969,Rodzinne mieszkanie na Uroczysku,399 000 zł,Kielce,Uroczysko,60 m²,3 pokoje,3 piętro
970,Kawalerka do zamieszkania w Centrum z windą,239 000 zł,Kielce,Kadzielnia,23 m²,1 pokoje,2 piętro
971,Apartament 87m2 Tarnowskie Góry - Centrum,449 000 zł,Brak danych,Brak danych,87 m²,3 pokoje,3 piętro
972,"Urządzony apartament do wejścia, idealny rozkład pomieszczeń, 4 pokoje",171 299 000 zł,Kraków,Podgórze,79 m²,4 pokoje,3 piętro
973,3 pokoje po remoncie | Balkon z widokiem na zieleń | Centrum Otwocka!,560 000 zł,Brak danych,Brak danych,43.4 m²,3 pokoje,3 piętro
974,3-pokojowe mieszkanie na GAJU ul. Krynicka,801 300 zł,Wrocław,Krzyki,62.6 m²,3 pokoje,9 piętro
975,3 Pokoje z super widokiem na miasto i park - niedaleko WUM Balkon,669 000 zł,Warszawa,Ochota,46 m²,3 pokoje,10 piętro
976,Mieszkanie blisko morza. Taras widokowy na dachu,670 000 zł,Gdańsk,Letnica,43.52 m²,2 pokoje,6 piętro
977,"3-pokojowe mieszkanie z garderobą, po generalnym remoncie",559 995 zł,Białystok,Antoniuk,54.8 m²,3 pokoje,2 piętro
978,2 pokoje na zielonym Żoliborzu,619 000 zł,Warszawa,Bielany,34.5 m²,2 pokoje,1 piętro
979,2 pokoje I Krzyki I Zieleń,629 000 zł,Wrocław,Krzyki,48.8 m²,2 pokoje,2 piętro
980,"Dwupokojowe mieszkanie na I piętrze, garaż i ogródek Wrocław Różanka",542 000 zł,Wrocław,Brak danych,45.8 m²,2 pokoje,1 piętro
981,"4 pok. mieszkanie na sprzedaż 80m2, Będzin Królowej Jadwigi, Zamkowe",599 000 zł,Brak danych,Brak danych,79.3 m²,4 pokoje,parter
982,"Nowy, komfortowy apartament z ogródkiem – Mielec Sielska/Traugutta",780 000 zł,Brak danych,Brak danych,90 m²,4 pokoje,parter
983,Przestronne 2 pokoje po remoncie,499 000 zł,Opole,Krajowej,51 m²,2 pokoje,2 piętro
984,Apartamenty z ogródkami I Repty !,539 000 zł,Brak danych,Brak danych,71 m²,3 pokoje,parter
985,Wolne od zaraz| Metro Płocka| Rodzinne| Komórka|KW,211 670 000 zł,Warszawa,Wola,109.8 m²,4 pokoje,10 piętro
986,"2 pok. mieszkanie na sprzedaż 43 m2, Dąbrowa Górnicza Ząbkowice",249 000 zł,Brak danych,Brak danych,42.9 m²,2 pokoje,3 piętro
987,Bezpośrednio 3 pokoje 47.5m2 plus balkon,450 000 zł,Brak danych,Brak danych,47.5 m²,3 pokoje,4 piętro
988,"Olkusz,ul.Bylicy, 2pok,Słoneczne do Zamieszkania.Po remoncie. TANIO",260 000 zł,Kraków,Brak danych,36.46 m²,2 pokoje,3 piętro
989,Nowocześnie wykończone z klimatyzacją w,299 999 zł,Brak danych,Brak danych,28.4 m²,2 pokoje,1 piętro
990,3x Balkon ⭐ Idealne dla Rodziny ⭐ Skomunikowane ⭐ Inwestycja Premium,1 046 000 zł,Wrocław,Krzyki,98 m²,5 pokoje,1 piętro
991,"Jasne mieszkanie na nowym, zielonym i strzeżonym",575 000 zł,Łódź,Polesie,54.93 m²,2 pokoje,2 piętro
992,"2 pokoje na Starych Bielanach, Metro",749 000 zł,Warszawa,Bielany,50 m²,2 pokoje,1 piętro
993,Przestronne 2-pokojowe mieszkanie M3,315 000 zł,Bydgoszcz,Fordon,48.45 m²,2 pokoje,1 piętro
994,"2 pokoje - 54,69 m2 - ul. Koralowa. 2014 r.",600 000 zł,Lublin,Południowy,54.69 m²,2 pokoje,2 piętro
995,4 pokoi / balkon/ogrodzona działka /GARAŻ /parking / STUDIO przyziemi,700 000 zł,Słupsk,Włodkowica,111.7 m²,4 pokoje,1 piętro
996,Projekt Redena,942 zł,Brak danych,Brak danych,62 m²,3 pokoje,Brak danych
997,UNIKAT*Wygodne 3 pok* PANORAMA* Parking*Balkon*Cisza*Parki*Widok PKiN!,2 150 000 zł,Warszawa,Śródmieście,74.2 m²,3 pokoje,5 piętro
998,Mieszkanie 32m2 2 pokoje parter,215 000 zł,Brak danych,Brak danych,32.3 m²,2 pokoje,parter
999,"kawalerka 35,53m w atrakcyjnej lokalizacji",309 000 zł,Toruń,Koniuchy,35.53 m²,1 pokoje,3 piętro
1000,"mieszkanie 2 pokoje,I piętro, w świetnej lokalizacji Torunia",443 000 zł,Toruń,Koniuchy,47.64 m²,2 pokoje,1 piętro
1001,2pok | Piękny staw | Miejsce na grilla | Lodowisko,959 000 zł,Warszawa,Ursynów,48.19 m²,2 pokoje,2 piętro
1002,Ostatnie mieszkanie w nowej super cenie !!!,919 000 zł,Warszawa,Wawer,89 m²,4 pokoje,1 piętro
1003,Wyjątkowy apartament na Pradze Północ,212 499 999 zł,Warszawa,Północ,90.41 m²,3 pokoje,6 piętro
1004,"Mieszkanie 3 pokoje z ogrodem, Wieliczki",650 000 zł,Brak danych,Brak danych,64 m²,3 pokoje,parter
1005,Psary | szereg | 3 km do Marino | cisza i spokój,899 000 zł,Brak danych,Brak danych,93.5 m²,5 pokoje,parter
1006,NOWY apartament na Saskiej Kępie 70 m2 z garażem,162 150 000 zł,Warszawa,Południe,69.67 m²,2 pokoje,1 piętro
1007,"2 pok , Świetny punkt , WUM , inwestycja",499 000 zł,Warszawa,Włochy,30 m²,2 pokoje,4 piętro
1008,"NOWE, WYKOŃCZONE,2m postojowe+Ogródek 98m2 w cenie",798 000 zł,Wrocław,Pole,44.13 m²,2 pokoje,parter
1009,Vi² by Blockhaus | mieszkanie 3-pok. | A_10,366 786 zł,Brak danych,Brak danych,44.73 m²,3 pokoje,parter
1010,I​V​Y by Blockhaus. | mieszkanie 3-pok. | A_06,563 640 zł,Brak danych,Brak danych,64.05 m²,3 pokoje,2 piętro
1011,Mieszkanie inwestycyjne 5 pokoi Okazja ROI 11%,459 000 zł,Poznań,Jeżyce,53.19 m²,5 pokoje,parter
1012,"Sprzedam kawalerkę 26,4 m2, blisko ronda ONZ",509 361 zł,Warszawa,Wola,26.4 m²,1 pokoje,10 piętro
1013,"2-poziomowe, nowoczesne mieszkanie Pruszków",899 900 zł,Brak danych,Brak danych,75 m²,3 pokoje,4 piętro
1014,Waniliowa | mieszkanie 4-pok. | A/05,10 689 zł,Wrocław,Pole,74 m²,4 pokoje,Brak danych
1015,Osiedle Naturama II,10 969 zł,Poznań,Jeżyce,79 m²,4 pokoje,Brak danych
1016,NOWA urządzona kawalerka | ogródek | Bonarka,299 000 zł,Kraków,Fałęcki,22 m²,1 pokoje,parter
1017,Sprzedaż mieszkania na Lwa blisko Malty,517 000 zł,Poznań,Miasto,43.07 m²,2 pokoje,parter
1018,"Chartowo Tower / 44,5 mkw / 2 pokoje",519 000 zł,Poznań,Miasto,44.5 m²,2 pokoje,10 piętro
1019,Osiedle Naturama II,10 969 zł,Poznań,Jeżyce,79 m²,4 pokoje,Brak danych
1020,Dobry Poranek,10 250 zł,Brak danych,Brak danych,68 m²,3 pokoje,Brak danych
1021,"KUPMNIE 14.500 zam2.-3pok,56m.Czerwone Maki,Ruczaj.FANTASTYCZNE,Dzwoń.",815 000 zł,Kraków,Dębniki,56.07 m²,3 pokoje,6 piętro
1022,Kawalerka Gdynia Redłowo natychmiastowe wydanie,395 000 zł,Gdynia,Brak danych,23.23 m²,1 pokoje,1 piętro
1023,"3 pokoje, 2 Łazienki, miejsce postojowe *Częstocho",699 000 zł,Częstochowa,Parkitka,89 m²,3 pokoje,2 piętro
1024,40 m2 | 2 pokoje | Szczepin - centrum | tramwaj,439 900 zł,Wrocław,Miasto,40 m²,2 pokoje,4 piętro
1025,Mieszkanie 3 pokojowe - Tychy osiedle H,425 000 zł,Tychy,Brak danych,53.6 m²,3 pokoje,3 piętro
1026,Gdańsk Wrzeszcz - 2 pokoje w cichej okolicy,620 000 zł,Gdańsk,Brak danych,41.76 m²,2 pokoje,1 piętro
1027,4 pokojowy Apartament na Mokotowie.,212 900 000 zł,Warszawa,Mokotów,116 m²,4 pokoje,3 piętro
1028,Dom Marzeń | 10 min do Wrocławia | Kameralny,899 000 zł,Wrocław,Brak danych,116 m²,4 pokoje,2 piętro
1029,"Prywatnie Bronowice ok. Rydla , 3 pok. 56 m2 , rozkładowe",899 000 zł,Kraków,Bronowice,56 m²,3 pokoje,4 piętro
1030,"3 pok z balkonem, widna kuchnia Mokotów",680 000 zł,Warszawa,Mokotów,45.8 m²,3 pokoje,4 piętro
1031,Mieszkanie 2 pokoje 0% prowizji 0%podatku Pcc,708 111 zł,Kraków,Podgórze,46.74 m²,2 pokoje,1 piętro
1032,"Znakomita lokalizacja, przytulne, gotowe do wprowadzenia, Bokserska",770 000 zł,Warszawa,Ursynów,36.8 m²,2 pokoje,7 piętro
1033,"Armii Krajowej 8A - mieszkanie 2 pokoje - 42,71 m2",298 500 zł,Brak danych,Brak danych,42.71 m²,2 pokoje,1 piętro
1034,Mieszkanie z ogródkiem/Obniżka ceny!,399 000 zł,Olsztyn,Podleśna,48 m²,4 pokoje,1 piętro
1035,Czeladź Nowopogońska 208B 3 pokoje niski blok,349 000 zł,Brak danych,Brak danych,67.73 m²,3 pokoje,parter
1036,cisza * zieleń * wyremontowane * 3 linia metra,695 000 zł,Warszawa,Południe,41.5 m²,2 pokoje,parter
1037,78 m2 | 4 pokoje | balkon | garaż | Tarchomin,191 095 000 zł,Warszawa,Białołęka,78.1 m²,4 pokoje,7 piętro
1038,kawalerka z pięknym widokiem!,399 000 zł,Warszawa,Północ,25.47 m²,1 pokoje,10 piętro
1039,3-pokojowe mieszkanie 74m2 + taras Bezpośrednio,858 973 zł,Gliwice,Śródmieście,74.37 m²,3 pokoje,5 piętro
1040,Smart City | mieszkanie nr F16,401 925 zł,Brak danych,Brak danych,53.59 m²,3 pokoje,3 piętro
1041,Apartamenty Zacisze | mieszkanie 3-pok. | A1.5,551 300 zł,Bielsko-Biała,Wapienica,55.13 m²,3 pokoje,1 piętro
1042,3 Pokoje | Piwnica | Zielona okolica | Bieńczyce,649 000 zł,Kraków,Bieńczyce,54.28 m²,3 pokoje,3 piętro
1043,2 Pokoje | Balkon | Piwnica | Wzgórza,469 000 zł,Kraków,Krzesławickie,39 m²,2 pokoje,1 piętro
1044,3 Pokoje | Oddzielna kuchnia | Balkon | Oświecenia,778 000 zł,Kraków,Mistrzejowice,64.85 m²,3 pokoje,7 piętro
1045,49m2 + taras 27 m2 * lokalizacja * widok * gotowe,677 000 zł,Brak danych,Brak danych,49 m²,2 pokoje,1 piętro
1046,lokalizacja * cisza * gotowe * doświetlone * park,425 000 zł,Warszawa,Południe,23.5 m²,1 pokoje,3 piętro
1047,Sosnowiec Lenartowicza 2 pok,289 000 zł,Sosnowiec,Brak danych,51.6 m²,2 pokoje,7 piętro
1048,"Komfortowy apartament, duży balkon wysoki standard",71 354 822 zł,Katowice,Panewniki,95.41 m²,4 pokoje,3 piętro
1049,Osiedle Naturama II,10 969 zł,Poznań,Jeżyce,79 m²,4 pokoje,Brak danych
1050,"Nowoczesna kawalerka ul. Wolska 165, budynek 2019",419 999 zł,Warszawa,Wola,21.52 m²,1 pokoje,2 piętro
1051,1-pokojowe mieszkanie 28m2 + ogródek Bezpośrednio,520 405 zł,Warszawa,Północ,28.12 m²,1 pokoje,parter
1052,REZERWACJA Mieszkanie 65m2 3 pokoje ul. Pułaskiego 12,299 000 zł,Brak danych,Brak danych,65.48 m²,3 pokoje,3 piętro
1053,Duże 2pok na Karłowicach/Czajkowskiego+balkon,549 001 zł,Wrocław,Pole,59.55 m²,2 pokoje,4 piętro
1054,0% Prowizji| 3 Pokoje | Zamknięte osiedle | Balkon,275 000 zł,Zabrze,Biskupice,53.3 m²,3 pokoje,2 piętro
1055,0% Prowizji | Nowe Budownictwo | 3 Pokoje | Balkon,479 000 zł,Brak danych,Brak danych,57.75 m²,3 pokoje,3 piętro
1056,Ładne 2 pok na Biskupinie/Park/Stadion gotowe,599 001 zł,Wrocław,Śródmieście,48.98 m²,2 pokoje,2 piętro
1057,2 pokoje 45m/Rozkład/Inwestycja/ul.Grabiszyńska,619 000 zł,Wrocław,Miasto,45.4 m²,2 pokoje,1 piętro
1058,Apartament z ogrodem | Tuż przy parku,"91 026 091,72 zł",Wrocław,Śródmieście,53.09 m²,2 pokoje,parter
1059,Z balkonem i tarasem | Tuż przy parku,"71 114 375,79 zł",Wrocław,Śródmieście,41.56 m²,2 pokoje,3 piętro
1060,Z ogródkiem | Zacisze | Przy parku,"141 336 922,38 zł",Wrocław,Śródmieście,68.05 m²,3 pokoje,parter
1061,Penthouse w sercu miasta | Taras | Piękny widok,212 890 000 zł,Wrocław,Śródmieście,133.97 m²,3 pokoje,6 piętro
1062,2 pokoje do remontu w świetnej lokalizacji,449 000 zł,Rzeszów,Roweckiego,47.47 m²,2 pokoje,2 piętro
1063,Luksusowy Apartament | Z dużym tarasem,213 950 000 zł,Warszawa,Targówek,171 m²,4 pokoje,5 piętro
1064,Klimatyzacja | Wysoki standard | 3 sypialnie,86 240 000 zł,Warszawa,Wilanów,240 m²,5 pokoje,3 piętro
1065,2 sypialnie | Ogródek | Komórka lokatorska,191 742 000 zł,Warszawa,Wilanów,67 m²,3 pokoje,parter
1066,Moderna Powiśle | Wysokie sufity | Duży taras,212 600 000 zł,Warszawa,Śródmieście,44 m²,2 pokoje,1 piętro
1067,Powiśle | Duplex | Do wykończenia | Parking,94 368 000 zł,Warszawa,Śródmieście,128.63 m²,4 pokoje,4 piętro
1068,Świetna lokalizacja | Widne wnętrze | Balkon,151 990 000 zł,Warszawa,Śródmieście,58 m²,2 pokoje,5 piętro
1069,Stylowy penthouse | Zielone otoczenie | Taras,136 290 000 zł,Warszawa,Śródmieście,124.32 m²,5 pokoje,6 piętro
1070,Zamieszkaj NA Wyspie - Apartament Z Tarasem,93 500 000 zł,Warszawa,Mokotów,100 m²,3 pokoje,1 piętro
1071,Miasteczko Wilanów | 2 Sypialnie | Ogródek,142 295 000 zł,Warszawa,Wilanów,103 m²,3 pokoje,parter
1072,Mieszkanie W Rezydencji łazienki Park,212 400 000 zł,Warszawa,Śródmieście,58 m²,2 pokoje,4 piętro
1073,Bliska Wola | Inwestycja Art Deco | Siłownia,211 990 000 zł,Warszawa,Wola,73.85 m²,3 pokoje,1 piętro
1074,Mieszkanie w inwestycji Royal Residence,151 877 670 zł,Warszawa,Wilanów,67.3 m²,3 pokoje,1 piętro
1075,W pełni wyposażony | Wysoki standard wykończenia |,192 600 000 zł,Warszawa,Mokotów,121 m²,3 pokoje,2 piętro
1076,Stare Włochy | Bardzo Wysoki standard,172 760 000 zł,Warszawa,Włochy,119.91 m²,4 pokoje,2 piętro
1077,Penthouse z tarasem przy Kępie Potockiej,214 590 000 zł,Warszawa,Żoliborz,138.74 m²,4 pokoje,6 piętro
1078,Apartament stan deweloperski obok hotelu Nobu,194 860 000 zł,Warszawa,Śródmieście,135 m²,4 pokoje,3 piętro
1079,Doskonała lokalizacja | Przy Royal Wilanów,172 590 000 zł,Warszawa,Wilanów,98.68 m²,3 pokoje,1 piętro
1080,"Apartament w Mennica Residence, miejsca na 2 auta",214 220 000 zł,Warszawa,Wola,105.79 m²,4 pokoje,2 piętro
1081,Cele Biurowe I Mieszkaniowe | Hala Koszyki,214 592 440 zł,Warszawa,Śródmieście,158.36 m²,4 pokoje,5 piętro
1082,Klimatyczne | Blisko metra na Powiślu,213 425 000 zł,Warszawa,Śródmieście,98.08 m²,3 pokoje,2 piętro
1083,4 sypialnie | 4 miejsca w garażu | widok na zieleń,213 641 700 zł,Warszawa,Wilanów,183 m²,5 pokoje,1 piętro
1084,Kameralne wille miejskie | Spokojna okolica,143 928 226 zł,Warszawa,Wilanów,134.56 m²,4 pokoje,1 piętro
1085,Apartamenty Orkana - ekologiczne budownictwo,84 214 602 zł,Warszawa,Mokotów,140.02 m²,4 pokoje,2 piętro
1086,Dwupoziomowy apartament w komfortowej lokalizacji,145 352 859 zł,Warszawa,Wilanów,296 m²,5 pokoje,1 piętro
1087,Przy Parku Szczęśliwieckim | Luksusowa inwestycja,81 833 320 zł,Warszawa,Ochota,72.73 m²,3 pokoje,1 piętro
1088,REZERWACJA Mieszkanie 65m2 3 pokoje ul. Pułaskiego 12,299 000 zł,Brak danych,Brak danych,65.48 m²,3 pokoje,3 piętro
1089,DODATKOWY RABAT❗️Dwustronne M4 - 63m2 z OGRÓDKIEM✅Smart Home✅PROMOCJA,632 069 zł,Poznań,Miasto,63.01 m²,4 pokoje,Brak danych
1090,Apartament Czarna Góra Resort Biała Perła,820 000 zł,Brak danych,Brak danych,52.32 m²,2 pokoje,1 piętro
1091,Dwupoziomowy apartament w komfortowej lokalizacji,145 352 859 zł,Warszawa,Wilanów,296 m²,5 pokoje,1 piętro
1092,Przy Parku Szczęśliwieckim | Luksusowa inwestycja,81 833 320 zł,Warszawa,Ochota,72.73 m²,3 pokoje,1 piętro
1093,Prestiżowa i nagradzana Inwestycja | Dla rodziny,73 520 000 zł,Warszawa,Mokotów,143.61 m²,5 pokoje,1 piętro
1094,Wysoki standard | 4 sypialnie | 2 miejsca garażowe,216 000 000 zł,Warszawa,Wola,145 m²,5 pokoje,9 piętro
1095,Odrestaurowana kamienica I Miejsce parkingowe,213 960 000 zł,Warszawa,Śródmieście,120 m²,4 pokoje,4 piętro
1096,W sercu Starówki | Kamienica | Klimatyczne,162 100 000 zł,Warszawa,Śródmieście,63 m²,2 pokoje,2 piętro
1097,Dwupoziomowy apartament | Z prywatną windą,213 480 000 zł,Warszawa,Wilanów,192.88 m²,5 pokoje,2 piętro
1098,Wysokiej klasy materiały | Funkcjonalny rozkład,192 300 000 zł,Warszawa,Mokotów,91.12 m²,4 pokoje,1 piętro
1099,Mennica Residance | 2 Sypialnie,161 908 360 zł,Warszawa,Wola,54 m²,3 pokoje,3 piętro
1100,Miasteczko Wilanów | Najwyższy standard,214 200 000 zł,Warszawa,Wilanów,188.9 m²,4 pokoje,3 piętro
1101,2 Sypialnie | Łazienka z wanną | Wysoki standard,142 300 000 zł,Warszawa,Mokotów,95 m²,3 pokoje,parter
1102,Osiedle zamknięte | 3 pokoje | Ogródek,182 500 000 zł,Warszawa,Bemowo,94.3 m²,3 pokoje,parter
1103,Apartament z ogrodem 161 m2 | 2 miejsca postojowe,212 410 000 zł,Warszawa,Wilanów,105.82 m²,3 pokoje,parter
1104,3 Pokojowy Apartament W Odresturowanej Kamienicy,182 376 000 zł,Warszawa,Śródmieście,72 m²,3 pokoje,2 piętro
1105,Kamienica | Wyjątkowe wnętrza,76 900 000 zł,Warszawa,Śródmieście,145 m²,4 pokoje,1 piętro
1106,Śródmieście | Zakup z najemcą,156 300 000 zł,Warszawa,Śródmieście,209.64 m²,5 pokoje,1 piętro
1107,Apartament z ogrodem przy Odrze.,131 036 900 zł,Wrocław,Miasto,61.03 m²,3 pokoje,Brak danych
1108,Z ogrodem | W sercu Parku | 2 sypialnie,111 995 609 zł,Wrocław,Śródmieście,68.46 m²,3 pokoje,parter
1109,Przestronny | Gotowy do wprowadzenia | Ovo,211 295 000 zł,Wrocław,Krzyki,52.96 m²,2 pokoje,5 piętro
1110,Stylowe | Funkcjonalny układ | 2 sypialnie,780 000 zł,Wrocław,Fabryczna,58.79 m²,3 pokoje,1 piętro
1111,Inwestycyjny Dwupak | Prestiżowe| Inwestycja Gradi,211 035 000 zł,Wrocław,Śródmieście,60.95 m²,2 pokoje,7 piętro
1112,Dwustronny apartament z dużym tarasem,201 999 000 zł,Warszawa,Wilanów,93.97 m²,3 pokoje,3 piętro
1113,Doskonała lokalizacja | 3 miejsca w garażu | Nowy,183 800 000 zł,Warszawa,Wilanów,193.46 m²,5 pokoje,2 piętro
1114,Jasne wnętrze | Dwa miejsca w garażu | Loft,132 726 850 zł,Warszawa,Mokotów,103 m²,4 pokoje,7 piętro
1115,Po remoncie| Przedwojenna kamienica| Hala Koszyki,211 500 000 zł,Warszawa,Śródmieście,50.45 m²,2 pokoje,3 piętro
1116,Luksusowy | Duży taras | Klimatyzacja,115 490 000 zł,Warszawa,Mokotów,156.54 m²,5 pokoje,1 piętro
1117,Dwupoziomowy | Loft | Woronicza Qbik,191 990 000 zł,Warszawa,Mokotów,83.09 m²,3 pokoje,1 piętro
1118,Apartament z dużymi balkonami | Nova Królikarnia,203 990 000 zł,Warszawa,Mokotów,135.69 m²,5 pokoje,1 piętro
1119,Glogera 32 | mieszkanie 3-pok. | M21,850 000 zł,Kraków,Biały,62.09 m²,3 pokoje,2 piętro
1120,Klimatyczne mieszkanie w kamienicy | 6 pokoi,84 250 000 zł,Warszawa,Żoliborz,136.4 m²,6 pokoje,3 piętro
1121,Cosmopolitan | Inwestycja | Wysoki standard,23 550 000 zł,Warszawa,Śródmieście,54 m²,2 pokoje,10 piętro
1122,Mieszkanie z ogródkiem 2 miejsca postojowe w cenie,550 000 zł,Brak danych,Brak danych,67.85 m²,2 pokoje,1 piętro
1123,Mieszkanie z ogródkiem 2 miejsca postojowe w cenie,550 000 zł,Brak danych,Brak danych,66.7 m²,2 pokoje,parter
1124,Mieszkanie do remontu | Centrum miasta | 1piętro,429 000 zł,Rzeszów,Augusta,43.5 m²,2 pokoje,1 piętro
1125,Kompaktowe Mieszkanie - zapoznaj się z ofertą,455 838 zł,Lublin,Sławinek,44.69 m²,2 pokoje,parter
1126,Mieszkanie 2 pok 51m2 Balkon Parking Blisko Malty,620 000 zł,Poznań,Miasto,51 m²,2 pokoje,2 piętro
1127,Dwupoziomowy apartament w komfortowej lokalizacji,5 352 859 zł,Warszawa,Wilanów,296 m²,5 pokoje,1 piętro
1128,Mieszkanie 1-pokojowe TOP Lokalizacja - własciciel,450 000 zł,Brak danych,Brak danych,30 m²,1 pokoje,1 piętro
1129,Dwupokojowe mieszkanie z dużym ogródkiem,595 000 zł,Wrocław,Krzyki,42.63 m²,2 pokoje,Brak danych
1130,5900ZŁ/m2 - 2/3 pokoje - ogródek - FIRST MINUTE,299 999 zł,Brak danych,Brak danych,50.84 m²,3 pokoje,parter
1131,*4 pokoje* GARAŻ* OGRÓDEK* WYSOKI STANDARD*,799 000 zł,Wrocław,Siechnice,102 m²,4 pokoje,parter
1132,Dobra lokalizacja dwupokojowe,470 000 zł,Toruń,Przedmieście,48.5 m²,2 pokoje,2 piętro
1133,"Centrum Łodzi, 3 pokoje | wysoki standard | garaż",211 065 000 zł,Łódź,Polesie,70.81 m²,3 pokoje,parter
1134,Mieszkanie 2-pokojowe w inwestycji New Iron,722 330 zł,Łódź,Polesie,42.49 m²,2 pokoje,2 piętro
1135,Duża kawalerka z wnęką sypialną na Wysokiej,250 000 zł,Radom,Śródmieście,36.12 m²,1 pokoje,1 piętro
1136,Nowe|2Pok|6-piętro|PanoramiczneWidoki|Tramwaj,599 229 zł,Poznań,Miasto,43.11 m²,2 pokoje,6 piętro
1137,Nowe|PodKlucz|3Pok|Ogródek50m2zDrzewami|Tramwaj,745 000 zł,Poznań,Grunwald,49.74 m²,3 pokoje,parter
1138,Stylowe mieszkanie w klimatycznej kamienicy,440 000 zł,Brak danych,Brak danych,88.65 m²,2 pokoje,2 piętro
1139,Bezczynszowe mieszkanie blisko Centrum. 2-piętrowe,975 000 zł,Brak danych,Brak danych,115 m²,5 pokoje,Brak danych
1140,Nowoczesne 3-pokojowe z ogródkiem w Dopiewcu,659 000 zł,Poznań,Dopiewo,53.2 m²,3 pokoje,parter
1141,Przytulne umeblowane mieszkanie | 3pokoje | Balkon,399 000 zł,Brak danych,Brak danych,60.3 m²,3 pokoje,3 piętro
1142,Inwestycyjna nieruchomość na sprzedaż w Bytomiu,500 000 zł,Bytom,Brak danych,92.4 m²,4 pokoje,2 piętro
1143,Bezpośrednio | Wykończone | 3 pokoje | Widok na Odrę | Balkon,151 615 275 zł,Wrocław,Miasto,71.79 m²,3 pokoje,6 piętro
1144,Przestronny Loft Apartament w Sercu Miasta,600 000 zł,Łódź,Polesie,77.7 m²,2 pokoje,3 piętro
1145,"Duży apartament jednopoziomowy, Ponikwoda",999 000 zł,Lublin,Ponikwoda,117 m²,5 pokoje,2 piętro
1146,"M5, duże mieszkanie, stan deweloperski, parking.",714 240 zł,Bytom,Śródmieście,99.2 m²,5 pokoje,2 piętro
1147,Komfortowa kawalerka 30 m2 z loggią,520 000 zł,Wrocław,Pole,30.6 m²,1 pokoje,5 piętro
1148,Dwustronne mieszkanie w budynku z windą,986 000 zł,Warszawa,Śródmieście,48.45 m²,2 pokoje,2 piętro
1149,Kurkowa 14 - gotowe do wprowadzenia mieszkanie!,799 000 zł,Wrocław,Śródmieście,45.5 m²,2 pokoje,5 piętro
1150,Inwestycja w centrum przy rzece,580 000 zł,Wrocław,Krzyki,27.64 m²,1 pokoje,3 piętro
1151,"Słoneczne | 3 pok | 62,5 m2 | Wiatraczna | Loggia",889 000 zł,Warszawa,Południe,62.5 m²,3 pokoje,6 piętro
1152,Stylowa kawalerka w centrum miasta,450 000 zł,Łódź,Śródmieście,28 m²,1 pokoje,4 piętro
1153,2 pokoje w kamienicy przy Piotrkowskiej,365 000 zł,Łódź,Śródmieście,48 m²,2 pokoje,2 piętro
1154,2 pokoje z widokiem na zieleń | blisko tramwaj |,629 000 zł,Wrocław,Fabryczna,51.42 m²,2 pokoje,1 piętro
1155,"3 pokoje w centrum, gotowe do wejścia!","883 804,31 zł",Wrocław,Śródmieście,46.94 m²,3 pokoje,5 piętro
1156,Górna-2 pokoje do wejścia!,399 000 zł,Łódź,Górna,44.78 m²,2 pokoje,3 piętro
1157,Stylowa kamienica | Ty tworzysz klimat,949 000 zł,Wrocław,Śródmieście,88.66 m²,3 pokoje,2 piętro
1158,4 mieszkania w 1 przy Rynku * Dla Inwestora,151 850 000 zł,Wrocław,Miasto,73.38 m²,4 pokoje,1 piętro
1159,Nowa Inwestycja 3 pokojowe| Rybnik Niedobczyce,380 000 zł,Rybnik,Brak danych,55 m²,3 pokoje,parter
1160,3 pokoje | Gwarecka | Pilczyce | Kozanów | rozkład,648 550 zł,Wrocław,Fabryczna,59.5 m²,3 pokoje,9 piętro
1161,Wyjątkowe mieszkanie na poznańskim Sołaczu!,131 270 000 zł,Poznań,Brak danych,70.88 m²,2 pokoje,2 piętro
1162,Piętro domu - oddzielne mieszkanie z ogrodem!,600 000 zł,Wrocław,Fabryczna,63 m²,3 pokoje,Brak danych
1163,Dwupokojowe mieszkanie z dużym ogródkiem,595 000 zł,Wrocław,Krzyki,42.63 m²,2 pokoje,Brak danych
1164,❗️OSTATNIE Południowe 2pok. | Ustawna sypialnia | DUŻY RABAT | Klucze,537 675 zł,Poznań,Miasto,42.8 m²,2 pokoje,4 piętro
1165,Nowa Kawalerka ul. Domaniewska | Wysoki Standard,790 000 zł,Warszawa,Mokotów,25.53 m²,1 pokoje,6 piętro
1166,I​V​Y by Blockhaus. | mieszkanie 3-pok. | A_06,563 640 zł,Brak danych,Brak danych,64.05 m²,3 pokoje,2 piętro
1167,"Przestań czekać! Nowoczesne M3, Po remoncie, Niski czynsz – zamieszkaj",375 000 zł,Brak danych,Brak danych,47 m²,3 pokoje,parter
1168,Przestronne jasne mieszkanie z dwoma balkonami na uroczym osiedlu,181 319 000 zł,Warszawa,Ursynów,74.2 m²,3 pokoje,1 piętro
1169,Kawalerka z balkonem i windą – os. Kopernika,299 000 zł,Gliwice,Kopernika,31 m²,1 pokoje,3 piętro
1170,Okazja! Piękne mieszkanie w centrum,439 000 zł,Słupsk,Brak danych,74.4 m²,3 pokoje,2 piętro
1171,Mieszkanie Na Sprzedaż | Gliwice,544 000 zł,Gliwice,Brak danych,96.1 m²,4 pokoje,5 piętro
1172,2 Osobne Pokoje | Niedaleko Centrum Zakopianka,609 000 zł,Kraków,Fałęcki,39.65 m²,2 pokoje,2 piętro
1173,Kawalerka na Tysiącleciu,210 000 zł,Częstochowa,Tysiąclecie,30 m²,1 pokoje,parter
1174,M2 w doskonałej lokalizacji na sprzedaż,225 000 zł,Częstochowa,Wrzosowiak,30.9 m²,1 pokoje,3 piętro
1175,M3 do wprowadzenia przy ul. Jana Kilińskiego,240 000 zł,Częstochowa,Śródmieście,28 m²,2 pokoje,3 piętro
1176,M3 do remontu przy al. Niepodległości,259 000 zł,Częstochowa,Grosz,48.07 m²,2 pokoje,3 piętro
1177,Przytulne M3 w Będzinie na sprzedaż!,239 000 zł,Brak danych,Brak danych,35.9 m²,2 pokoje,parter
1178,Mieszkanie Do Własnej Aranżacji Na Sprzedaż,169 000 zł,Częstochowa,Raków,33.8 m²,1 pokoje,3 piętro
1179,M3 do remontu w dzielnicy Ostatni Grosz,230 000 zł,Częstochowa,Grosz,44.7 m²,2 pokoje,3 piętro
1180,Przestronne M-3 / 48m2 / 2.piętro / ul. Ruckemanna,275 000 zł,Częstochowa,Dąbie,48 m²,2 pokoje,2 piętro
1181,M4 Na Parkitce z Ogródkiem Na Sprzedaż,769 000 zł,Częstochowa,Tysiąclecie,65.9 m²,3 pokoje,parter
1182,M4 na Wrzosowiaku w nowym bloku,575 000 zł,Częstochowa,Wrzosowiak,68.5 m²,3 pokoje,3 piętro
1183,M-3 do zamieszkania / 38m2 / Raków,229 000 zł,Częstochowa,Raków,38 m²,2 pokoje,3 piętro
1184,Atrakcyjne Mieszkanie- Idealne Dla Ciebie,399 000 zł,Radom,Planty,51.16 m²,2 pokoje,3 piętro
1185,Mniejszy Promyk Nadziei Na Lepsze Jutro,500 000 zł,Radom,Glinice,46.05 m²,2 pokoje,2 piętro
1186,Sprzedam mieszkanie!!!,275 000 zł,Brak danych,Brak danych,71.1 m²,3 pokoje,parter
1187,Na sprzedaż gotowe 3 pokojowe M w Sosnowcu,430 000 zł,Sosnowiec,Sielec,55 m²,3 pokoje,4 piętro
1188,2 pokoje | miejsce postojowe | nowe budownictwo,829 000 zł,Kraków,Prokocim,51.87 m²,2 pokoje,parter
1189,Mieszkanie Na Sprzedaż | Gliwice,409 000 zł,Gliwice,Brak danych,74.5 m²,2 pokoje,5 piętro
1190,"47,5 m | balkon | parking | gotowe do wprowadzenia",625 000 zł,Warszawa,Białołęka,47.5 m²,2 pokoje,1 piętro
1191,"Przestań czekać! Nowoczesne M3, Po remoncie, Niski czynsz – zamieszkaj",375 000 zł,Brak danych,Brak danych,47 m²,3 pokoje,parter
1192,Kraków 122 m2 + 50 m2| Ogródek| Duży Taras | Balkon| 2 x m. postojowe,132 275 000 zł,Kraków,Brak danych,122.32 m²,5 pokoje,1 piętro
1193,"Piękne, 3-pokojowe, ul Zaczarowane Koło - Bronowice",899 000 zł,Kraków,Bronowice,56 m²,3 pokoje,4 piętro
1194,"47,5 m | balkon | parking | gotowe do wprowadzenia",625 000 zł,Warszawa,Białołęka,47.5 m²,2 pokoje,1 piętro
1195,"31,5 m | ogródek 33 m2 | komórka | 2018 r.",479 000 zł,Warszawa,Białołęka,31.5 m²,1 pokoje,parter
1196,Przestronna kawalerka do aranżacji – Dąbrowa,340 000 zł,Gdynia,Dąbrowa,41 m²,1 pokoje,4 piętro
1197,Kawalerka / Aleja Pracy / Blisko Parku Grabiszyńskiego,375 000 zł,Wrocław,Fabryczna,23.1 m²,1 pokoje,3 piętro
1198,Nowe mieszkanie dostępne od zaraz,475 000 zł,Poznań,Podgórne,44.64 m²,2 pokoje,1 piętro
1199,Funkcjonalne mieszkanie w Centrum Świdnika,329 000 zł,Brak danych,Brak danych,36.78 m²,2 pokoje,2 piętro
1200,3 pok. przy Uniwersytecie Medycznym | duży balkon,749 000 zł,Lublin,Śródmieście,77.6 m²,3 pokoje,3 piętro
1201,"Centrum Pruszkowa, bezpośrednio, 2-pokoje, klima, miejsce garażowe",850 000 zł,Brak danych,Brak danych,54 m²,2 pokoje,9 piętro
1202,"Gdynia, Mały kack",151 150 000 zł,Gdynia,Brak danych,72 m²,3 pokoje,parter
1203,"Kompaktowe 48 m, przytulne mieszkanie okolice lotniska",415 000 zł,Bielsko-Biała,Aleksandrowice,48 m²,3 pokoje,5 piętro
1204,Cena z Wykończeniem ⭐ WSB Merito ⭐ Balkon ⭐ Tramwaj ⭐ Mega Rabat ⭐ ENG,582 000 zł,Wrocław,Miasto,44 m²,2 pokoje,5 piętro
1205,Udziały-mieszkanie 71 mkw,309 000 zł,Lublin,Kośminek,71 m²,3 pokoje,1 piętro
1206,Pilotów 21 | mieszkanie 4-pok. | C/15,101 378 163 zł,Gdańsk,Młyniec,86.65 m²,4 pokoje,1 piętro
1207,Kawalerka z widokiem – inwestycja w sercu miasta!,450 000 zł,Kraków,Grzegórzki,27.14 m²,1 pokoje,7 piętro
1208,Piękne 4 pok po generalnym remoncie Bez Prowizji !,369 000 zł,Zabrze,Mikulczyce,67 m²,4 pokoje,2 piętro
1209,Świetna lokalizacja - 2 pokoje z miejscami postojowymi!,670 000 zł,Kraków,Duchackie,48.99 m²,2 pokoje,parter
1210,Mieszkanie z dużym balkonem i garażem w rejonie CH Gemini,660 000 zł,Bielsko-Biała,Kamienica,71.55 m²,3 pokoje,3 piętro
1211,Sprzedaż mieszkania na Lwa blisko Malty,517 000 zł,Poznań,Miasto,43.07 m²,2 pokoje,parter
1212,2 pokoje z oddzielną kuchnią,550 000 zł,Warszawa,Targówek,38 m²,2 pokoje,parter
1213,Heyki City Atal,12 255 zł,Szczecin,Śródmieście,110 m²,5 pokoje,Brak danych
1214,Szereg 4pok.|Taras+Ogród|Do wykończenia|Klima,940 000 zł,Wrocław,Krzyki,86.38 m²,4 pokoje,Brak danych
1215,Osiedle Księżnej Dąbrówki - Skarbcowa,401 zł,Poznań,Dopiewo,89 m²,4 pokoje,Brak danych
1216,Jeziorowa Prestige House,770 000 zł,Warszawa,Wawer,86 m²,4 pokoje,Brak danych
1217,DODATKOWY RABAT❗️Dwustronne M4 - 63m2 z OGRÓDKIEM✅Smart Home✅PROMOCJA,632 069 zł,Poznań,Miasto,63.01 m²,4 pokoje,Brak danych
1218,SPRZEDAM MIESZKANIE,399 999 zł,Brak danych,Brak danych,44.5 m²,2 pokoje,Brak danych
1219,Sprzedaż mieszkania na Lwa blisko Malty,517 000 zł,Poznań,Miasto,43.07 m²,2 pokoje,parter
1220,"Idealne dla rodziny! 4-pokojowe, Victoria Dom",211 500 000 zł,Warszawa,Południe,75.99 m²,4 pokoje,2 piętro
1221,Kato Zawodzie 2 pok garaż wyposażenie,599 999 zł,Katowice,Zawodzie,46 m²,2 pokoje,3 piętro
1222,"*** Centrum, ul. Bernardyńska, 53 mkw ***",499 000 zł,Lublin,Śródmieście,53 m²,2 pokoje,1 piętro
1223,"Karłowice - Czajkowskiego 62m2, 3 pok., 3/4p, balk",670 000 zł,Wrocław,Pole,62 m²,3 pokoje,3 piętro
1224,Borek✅ul.Ślężna✅4 pokoje_91m✅2 łazienki✅2 garaże✅,191 499 000 zł,Wrocław,Krzyki,90.89 m²,4 pokoje,4 piętro
1225,‼️klucze 2025_bezpośrednio /bez P C C‼️okazja cen,506 300 zł,Gliwice,Brak danych,56 m²,3 pokoje,1 piętro
1226,Narożne 4pok na zachód_Balkon 9m2❗️Od Dewelopera,584 000 zł,Gliwice,Brak danych,65 m²,4 pokoje,5 piętro
1227,Komfortowe 3 pok. z 2 pom. gospodarczymi BEZ POŚREDNIKÓW+ DZIAŁKA ROD,465 000 zł,Brak danych,Brak danych,47.4 m²,3 pokoje,2 piętro
1228,"Nowe ostatnie jednopokojowe mieszkania, 6km morze",309 000 zł,Brak danych,Brak danych,38.53 m²,1 pokoje,parter
1229,OKAZJA! Niższa cena przez ograniczony czas – nie przegap,"370 721,70 zł",Chorzów,Centrum,47.62 m²,2 pokoje,3 piętro
1230,Modern Tower- apartament inwestycyjny!,719 000 zł,Gdynia,Maksymiliana,35 m²,2 pokoje,4 piętro
1231,"Parter, 2-pokojowe mieszkanie po generalnym remoncie, z balkonem",409 000 zł,Brak danych,Brak danych,46.5 m²,2 pokoje,parter
1232,Mieszkanie 3 pokojowe / bez pośredników,544 000 zł,Katowice,Tysiąclecia,56.8 m²,3 pokoje,5 piętro
1233,"centrum ul. Lipowa| eleganckie | zaciszne |wys. 3,5 m |",469 000 zł,Białystok,Centrum,32 m²,2 pokoje,1 piętro
1234,Gotowy do zamieszkania/garderoba-Cena z miejscem parkingowym,599 000 zł,Legnica,Książęca,57.6 m²,3 pokoje,4 piętro
1235,Na sprzedaż kawalerka w sercu zielonego Ursynowa!,720 000 zł,Warszawa,Ursynów,33.7 m²,1 pokoje,2 piętro
1236,Naprzeciwko Uczelni ⭐ Magnolia Park ⭐ Skomunikowane ⭐ Mega Okazja,534 000 zł,Wrocław,Miasto,40 m²,2 pokoje,3 piętro
1237,4 pokoje z balkonem Katowice Lisieckiego 6,569 000 zł,Katowice,Brak danych,76.5 m²,4 pokoje,8 piętro
1238,2-pokojowe mieszkanie z loggią i klimatyzacją tuż przy Metrze Natolin,740 000 zł,Warszawa,Ursynów,38.34 m²,2 pokoje,7 piętro
1239,⭐️Piękna Kawalerka na Bemowie ⭐️Duży Taras⭐️Garaż⭐,559 000 zł,Warszawa,Bemowo,31 m²,1 pokoje,1 piętro
1240,Duże dwupoziomowe mieszkanie dla rodziny blisko centrum Wieliczki,211 199 000 zł,Brak danych,Brak danych,98.51 m²,4 pokoje,3 piętro
1241,⭐️Niska zabudowa⭐️Dużo zieleni⭐️Gotowe do wprowadz,749 000 zł,Warszawa,Południe,52 m²,2 pokoje,1 piętro
1242,Gotowe 4-pokojowe mieszkanie 87m2 + balkon,91 179 000 zł,Wrocław,Miasto,87.6 m²,4 pokoje,2 piętro
1243,0% Prowizji. Promocja. Winogrady. Nowe od Dewel.,594 360 zł,Poznań,Miasto,50.8 m²,3 pokoje,5 piętro
1244,0% Prowizji. Promocja. Winogrady. Nowe od Dewel.,586 931 zł,Poznań,Miasto,49.53 m²,3 pokoje,5 piętro
1245,0% Prowizji. Promocja. Winogrady. Nowe od Dewel.,593 370 zł,Poznań,Miasto,52.05 m²,3 pokoje,3 piętro
1246,0% Prowizji. Promocja. Winogrady. Nowe od Dewel.,493 891 zł,Poznań,Miasto,38.51 m²,2 pokoje,1 piętro
1247,0% Prowizji. Promocja. Winogrady. Nowe od Dewel.,518 193 zł,Poznań,Miasto,40.17 m²,2 pokoje,2 piętro
1248,❗️OKAZJA❗️Najwyższe piętro | Największe mieszkanie| NAJWIĘKSZY RABAT❗️,705 658 zł,Poznań,Miasto,70.61 m²,4 pokoje,8 piętro
1249,3-pokojowe mieszkanie 63m2 + balkon Bezpośrednio,693 131 zł,Katowice,Józefowiec,63.59 m²,3 pokoje,2 piętro
1250,0% Prowizji. Promocja. Winogrady. Nowe od Dewel.,471 566 zł,Poznań,Miasto,37.65 m²,2 pokoje,parter
1251,0% Prowizji. Promocja. Winogrady. Nowe od Dewel.,487 050 zł,Poznań,Miasto,38.2 m²,2 pokoje,3 piętro
1252,0% Prowizji. Promocja. Winogrady. Nowe deweloper.,404 102 zł,Poznań,Miasto,27.42 m²,1 pokoje,3 piętro
1253,2 pokojowe mieszkanie z balkonem / parking,590 000 zł,Warszawa,Południe,38 m²,2 pokoje,2 piętro
1254,Blisko Metra i Tramwaju/ Widok na zieleń,715 000 zł,Warszawa,Mokotów,44.5 m²,2 pokoje,6 piętro
1255,"BEZPOŚREDNIO , BEZ PROWIZJI 2 POKOJE + OGRÓD + PIWNICA",660 000 zł,Brak danych,Brak danych,48.2 m²,2 pokoje,parter
1256,Komfortowe ! Spacerem do M2 ! Parking|Komórka,191 300 000 zł,Warszawa,Bemowo,72 m²,3 pokoje,7 piętro
1257,"3 pok. 74,17 m2- taras 22,5 m2 - r.pierwotny","789 910,50 zł",Brak danych,Brak danych,74.17 m²,3 pokoje,1 piętro
1258,Mokotów/64 M2/3 Pok/Przy Parku/Przy Metrze Służew/,980 000 zł,Warszawa,Mokotów,64 m²,3 pokoje,5 piętro
1259,Mieszkanie na Jarze z garażem i kom. lok. w cenie,469 000 zł,Toruń,Wrzosy,42.39 m²,2 pokoje,3 piętro
1260,Mieszkanie 104m2 w Katowicach ul. Warszawska,690 000 zł,Katowice,Śródmieście,104 m²,3 pokoje,3 piętro
1261,Atal Symbioza,10 742 zł,Gdynia,Cisowa,111 m²,5 pokoje,Brak danych
1262,Aleja Wiśniowa Pogórze,000 zł,Gdynia,Brak danych,95 m²,4 pokoje,Brak danych
1263,Sielskie Podolany,10 081 zł,Poznań,Jeżyce,66 m²,4 pokoje,Brak danych
1264,28 czerwca 1956 r.,750 950 zł,Poznań,Wilda,116 m²,4 pokoje,Brak danych
1265,"3 pokoje, nowe, gotowe do zamieszkania",141 355 000 zł,Warszawa,Włochy,72 m²,3 pokoje,1 piętro
1266,Piękne mieszkanie z widokiem na jezioro Malta,449 000 zł,Poznań,Miasto,34.39 m²,2 pokoje,5 piętro
1267,Żarnowska komfortowy apartament,435 000 zł,Brak danych,Brak danych,65.55 m²,2 pokoje,1 piętro
1268,3-pokojowe mieszkanie z balkonem,870 000 zł,Kraków,Bronowice,82 m²,3 pokoje,3 piętro
1269,3 Pokoje / ul. Szczęśliwa / Po remoncie,565 000 zł,Wrocław,Fabryczna,48.8 m²,3 pokoje,2 piętro
1270,Mieszkanie M5 Bydgoszcz Glinki ul .Zajęcza,590 000 zł,Bydgoszcz,Brak danych,74 m²,4 pokoje,4 piętro
1271,Dwupokojowe nowoczesne mieszkanie,779 000 zł,Kraków,Bronowice,40 m²,2 pokoje,3 piętro
1272,0% Prowizji. Promocja. Winogrady. Nowe od Dewel.,471 566 zł,Poznań,Miasto,37.65 m²,2 pokoje,parter
1273,Smart City | mieszkanie nr F16,401 925 zł,Brak danych,Brak danych,53.59 m²,3 pokoje,3 piętro
1274,Sprzedam przechodnie mieszkanie do remontu.,160 000 zł,Wrocław,Brak danych,54 m²,2 pokoje,1 piętro
1275,3-pokojowe mieszkanie z balkonem Bronowice,950 000 zł,Kraków,Bronowice,74 m²,2 pokoje,7 piętro
1276,2-pokojowy apartament z balkonem Bronowice,211 029 000 zł,Kraków,Bronowice,47 m²,2 pokoje,10 piętro
1277,2 pokojowe mieszkanie - Osiedle Młodych Hutników,179 000 zł,Brak danych,Brak danych,44.2 m²,2 pokoje,1 piętro
1278,Mieszkanie 70 m2,399 000 zł,Brak danych,Brak danych,68.4 m²,4 pokoje,Brak danych
1279,Kawalerka z balkonem Bronowice,671 000 zł,Kraków,Bronowice,32 m²,1 pokoje,10 piętro
1280,Wykończenie w Cenie ⭐ Idealne pod Wynajem ⭐ Tramwaj ⭐ Balkon ⭐ 0%PCC,401 000 zł,Wrocław,Miasto,28 m²,1 pokoje,2 piętro
1281,Dwupokojowe mieszkanie w okolicy ul. Stańczyka,549 000 zł,Kraków,Bronowice,40 m²,2 pokoje,parter
1282,4-pokojowe mieszkanie z balkonem,171 099 000 zł,Kraków,Bronowice,58.75 m²,4 pokoje,parter
1283,Funkcjonalna kawalerka,409 000 zł,Kraków,Krowodrza,24 m²,1 pokoje,1 piętro
1284,☎️2 pokoje od dewelopera 299 tys.,299 999 zł,Chorzów,Centrum,35.27 m²,2 pokoje,5 piętro
1285,Lębork mieszkanie z garażem,275 000 zł,Brak danych,Brak danych,45.18 m²,2 pokoje,2 piętro
1286,Duży apartament z garażem na Os. Północ,599 000 zł,Brak danych,Brak danych,80 m²,3 pokoje,1 piętro
1287,"Wyjątkowe 3-pokojowe mieszkanie w kamienicy– Świnoujście, Park Chopina",785 000 zł,Brak danych,Brak danych,74.64 m²,3 pokoje,parter
1288,Kawalerka w doskonałej lokalizacji!,449 000 zł,Gdańsk,Strzyża,26.08 m²,1 pokoje,parter
1289,"Możliwość 2 pokoi, niski czynsz dobra lokalizacja",539 000 zł,Warszawa,Ursynów,29.97 m²,2 pokoje,parter
1290,‼️ Gotowe 3 pokoje + Hala Garażowa _ 7 min od Metra Wierzbno ‼️,1 096 000 zł,Warszawa,Mokotów,70 m²,3 pokoje,2 piętro
1291,Oddzielna widna kuchnia Okna na 3 strony Garderoba,121 045 000 zł,Warszawa,Ursynów,58.8 m²,2 pokoje,5 piętro
1292,"Wyposażone mieszkanie z parkingiem i piwnicą 600 m od plaży, w lesie",475 000 zł,Brak danych,Brak danych,29.12 m²,1 pokoje,1 piętro
1293,3 pokojowe widne mieszkanie obok metra. Polecam!,714 000 zł,Warszawa,Południe,51 m²,3 pokoje,4 piętro
1294,3 pokoje w idealnej lokalizacji,894 316 zł,Gdańsk,Górny,62.98 m²,3 pokoje,3 piętro
1295,Zamieszkaj we Wrzeszczu w idealnej lokalizacji,893 940 zł,Gdańsk,Górny,63.4 m²,3 pokoje,1 piętro
1296,3 pokoje gotowe do zamieszkania,335 000 zł,Brak danych,Brak danych,53.34 m²,3 pokoje,2 piętro
1297,Wyjątkowy apartament w spokojnej okolicy,598 000 zł,Brak danych,Brak danych,35.41 m²,2 pokoje,1 piętro
1298,Nowe Żerniki to Kosmos,12 000 zł,Wrocław,Fabryczna,84 m²,4 pokoje,Brak danych
1299,Lokum Porto,12 788 zł,Wrocław,Miasto,151 m²,5 pokoje,Brak danych
1300,"Centrum, 2-pokojowe, jasne mieszkanie w wysokim standardzie.",639 000 zł,Wrocław,Śródmieście,46.85 m²,2 pokoje,1 piętro
1301,Wyjątkowy apartament w spokojnej okolicy,528 000 zł,Brak danych,Brak danych,29.84 m²,2 pokoje,1 piętro
1302,3-pokojowe mieszkanie z balkonem Bronowice,950 000 zł,Kraków,Bronowice,74 m²,2 pokoje,7 piętro
1303,ŚWIETNY ROZKŁAD/ BALKON/ DO REMONTU/ ZA GOTÓWKĘ,399 000 zł,Warszawa,Targówek,38 m²,2 pokoje,9 piętro
1304,"Mieszkanie 3-pokojowe 58,78m2|słoneczna ekspozycja Płn-Płd|Złotniki",469 000 zł,Poznań,Las,58.78 m²,3 pokoje,2 piętro
1305,Lokum Porto,12 788 zł,Wrocław,Miasto,151 m²,5 pokoje,Brak danych
1306,Mirabelki 5,688 742 zł,Warszawa,Białołęka,78 m²,4 pokoje,Brak danych
1307,Osiedle Senza,12 764 zł,Warszawa,Białołęka,83 m²,4 pokoje,Brak danych
1308,Lębork przestronne mieszkanie,489 000 zł,Brak danych,Brak danych,92.04 m²,3 pokoje,1 piętro
1309,2 pok na sprzedaż Rakowicka,111 050 000 zł,Kraków,Miasto,45 m²,2 pokoje,3 piętro
1310,Mieszkanie w samym sercu miasta,265 000 zł,Brak danych,Brak danych,55.86 m²,2 pokoje,parter
1311,"Nowe 3-pokojowe mieszkanie, 2 balkony – gotowe do zamieszkania",811 999 zł,Kielce,Górny,67.55 m²,3 pokoje,1 piętro
1312,"Kawalerka Gdańsk Mieszkanie 1 pok. ogródek, taras!",617 872 zł,Gdańsk,Brak danych,33.58 m²,1 pokoje,parter
1313,Sprzedam przechodnie mieszkanie do remontu.,160 000 zł,Wrocław,Brak danych,54 m²,2 pokoje,1 piętro
1314,Kameralne / Tereny zielone / Blisko CH,980 000 zł,Kraków,Biały,73.91 m²,4 pokoje,parter
1315,taras na dachu 60m2 | 3 pokoje | zieleń,732 000 zł,Kraków,Krzesławickie,51.5 m²,3 pokoje,3 piętro
1316,Nowy Ruczaj/Komfortowe/ Blisko UJ Ruczaj,959 000 zł,Kraków,Dębniki,73.11 m²,4 pokoje,1 piętro
1317,‼️Najtańsze 3 pokoje + Hala Garażowa_ 5 min od G. Mokotów‼️,840 000 zł,Warszawa,Mokotów,54 m²,3 pokoje,3 piętro
1318,Nowoczesne mieszkanie z dużym ogrodem. Zielona oaza blisko centrum.,750 000 zł,Poznań,Miasto,58.28 m²,3 pokoje,parter
1319,"3 pokoje, wykończone, balkon, winda, m. postojowe, tramwaj",899 000 zł,Kraków,Biały,54.06 m²,3 pokoje,4 piętro
1320,Czteropokojowe mieszkanie w super lokalizacji,510 000 zł,Lublin,Rury,62.2 m²,4 pokoje,4 piętro
1321,Centrum Zabrza - najtaniej,575 222 zł,Zabrze,Południe,64.92 m²,3 pokoje,1 piętro
1322,Lokum Porto,12 788 zł,Wrocław,Miasto,151 m²,5 pokoje,Brak danych
1323,DOM w zabudowie bliźniaczej z garażem - DUŻY OGRÓD,181 150 000 zł,Gdańsk,Brak danych,148.49 m²,5 pokoje,1 piętro
1324,Słoneczne 4 pokoje poniżej 14 tys/m2 - > Idealne dla Rodziny,1 210 000 zł,Warszawa,Mokotów,87 m²,4 pokoje,1 piętro
1325,Chmielna Duo | mieszkanie 1-pok. | B1.14,101 289 000 zł,Warszawa,Wola,42.72 m²,1 pokoje,1 piętro
1326,Dobrze skomunikowane mieszkanie na Bielanach,850 000 zł,Warszawa,Bielany,56 m²,2 pokoje,5 piętro
1327,Mieszkanie z potrójnym potencjałem,449 000 zł,Brak danych,Brak danych,55.9 m²,3 pokoje,1 piętro
1328,2 pokoje gotowe do zamieszkania,373 000 zł,Brak danych,Brak danych,54.9 m²,2 pokoje,2 piętro
1329,Wyjątkowe mieszkanie w sercu Krakowa,212 153 000 zł,Kraków,Grzegórzki,103 m²,4 pokoje,2 piętro
1330,Aktualne Mieszkanie 4 Pokoje Swoszowice Bez PCC,899 000 zł,Kraków,Dębniki,105 m²,4 pokoje,1 piętro
1331,Lębork kawalerka marzeń,225 000 zł,Brak danych,Brak danych,32.7 m²,1 pokoje,parter
1332,Od Dewelopera Praga-Południe,615 000 zł,Warszawa,Południe,37 m²,2 pokoje,2 piętro
1333,3 pokoje 93m2 z przepięknym widokiem,211 650 000 zł,Warszawa,Południe,93 m²,3 pokoje,3 piętro
1334,Od dewelopera| Mokotów| 2 pokoje + balkon,719 000 zł,Warszawa,Mokotów,43 m²,2 pokoje,2 piętro
1335,Od dewelopera |Balkon| Praga Południe| 0%prowizji,715 000 zł,Warszawa,Południe,47 m²,1 pokoje,2 piętro
1336,Od dewelopera | Ogródek | Garderoba,550 000 zł,Warszawa,Białołęka,45 m²,2 pokoje,parter
1337,2 pokoje | Od dewelopera | Loggia | Pkp,549 000 zł,Warszawa,Targówek,37 m²,2 pokoje,2 piętro
1338,Słoneczne mieszkanie w cichej okolicy,575 000 zł,Gdynia,Cisowskie,60.1 m²,3 pokoje,4 piętro
1339,120m2 Ogród 23min jazdy pociągiem od Gdańsk Główny_Wielka okazja !!,515 070 zł,Gdańsk,Brak danych,70.98 m²,4 pokoje,parter
1340,3 pokoje po generalnym remoncie | 10. piętro | Winda | Balkon | AGD,429 000 zł,Łódź,Bałuty,43 m²,3 pokoje,10 piętro
1341,Apartament z duszą – sprawdź Rosette Residence!,162 049 450 zł,Toruń,Miasto,105.1 m²,3 pokoje,1 piętro
1342,"Wieliczka, ul. Św. Barbary, 56.18m2, 3 pokoje.",617 000 zł,Brak danych,Brak danych,56.18 m²,3 pokoje,1 piętro
1343,70m2 Ogród 23min jazdy pociągiem od Gdańsk Główny_Wielka okazja !!,308 460 zł,Gdańsk,Brak danych,37.5 m²,2 pokoje,parter
1344,Prado Katowice | mieszkanie 4-pok. | A2_2_02,81 146 780 zł,Katowice,Brak danych,99.72 m²,4 pokoje,2 piętro
1345,LAST MINUTE ☎️ 4 pokoje -10%,"599 222,25 zł",Chorzów,Centrum,75.02 m²,4 pokoje,1 piętro
1346,Blisko UG | Idealne Dla Studentów | 7 min do Skm,639 000 zł,Gdańsk,Młyniec,44.1 m²,2 pokoje,2 piętro
1347,parking za szlabanem | wolne od zaraz | Wrzeszcz,999 000 zł,Gdańsk,Górny,87.09 m²,4 pokoje,3 piętro
1348,15 Piętro | Nowe | Wolne od zaraz | widok na morze,699 000 zł,Gdańsk,Letnica,45.35 m²,2 pokoje,15 piętro
1349,"M3 Bałuty, rozkładowe 1 piętro",275 000 zł,Łódź,Bałuty,37.6 m²,2 pokoje,1 piętro
1350,Gotowe do odbioru 4pok 23min pociągiem od Gdańsk Główny_Parking_zobacz,469 965 zł,Gdańsk,Brak danych,65.05 m²,4 pokoje,1 piętro
1351,Kameralna inwestycja 3 min do plaży,482 130 zł,Brak danych,Brak danych,24.97 m²,1 pokoje,2 piętro
1352,"LUX kawalerka, nowa z meblami, Dolna przy Belwederskiej",569 000 zł,Warszawa,Mokotów,25 m²,1 pokoje,7 piętro
1353,"HELLO! Westerplatte | 4 POK. | 76,34 m2 | OGRÓDEK",587 818 zł,Częstochowa,Parkitka,76.34 m²,4 pokoje,parter
1354,Gotowe do odbioru 3pok 23min pociągiem od Gdańsk Główny_Parking,403 520 zł,Gdańsk,Brak danych,55 m²,3 pokoje,1 piętro
1355,Wow Skorzystaj z Promocji na 3pok 23min pociągiem od Gdańska Głównego,383 155 zł,Gdańsk,Brak danych,50.4 m²,3 pokoje,3 piętro
1356,Wow Skorzystaj z Promocji na 2pok 23min pociągiem od Gdańska Głównego,288 000 zł,Gdańsk,Brak danych,38 m²,2 pokoje,2 piętro
1357,Sprzedam mieszkanie 2 pokojowe ul. Strachocińska,489 000 zł,Wrocław,Pole,43.27 m²,2 pokoje,2 piętro
1358,Tramwaj 9 minut,91 287 000 zł,Warszawa,Żoliborz,63.28 m²,3 pokoje,1 piętro
1359,"Chartowo Tower / 44,5 mkw / 2 pokoje",519 000 zł,Poznań,Miasto,44.5 m²,2 pokoje,10 piętro
1360,2 pokojowe mieszkanie * 1 piętro * duży balkon * Oława *,500 000 zł,Brak danych,Brak danych,46.93 m²,2 pokoje,1 piętro
1361,"Mieszkanie 2 pok Lębork, Jagiellońska IIp.",259 000 zł,Brak danych,Brak danych,36.15 m²,2 pokoje,2 piętro
1362,"Mieszkanie 38,56 m2 - 2 pokoje - Ursus, Quo Vadis + komórka lokatorska",690 000 zł,Warszawa,Ursus,38.56 m²,2 pokoje,parter
1363,"2pokoje|47,62m2|duzy balkon|spółdzielcze",349 000 zł,Słupsk,Brak danych,47.62 m²,2 pokoje,3 piętro
1364,Pogodno okolice ryneczku 2 pok.47 m2,424 000 zł,Szczecin,Zachód,47 m²,2 pokoje,1 piętro
1365,Bliska4.Szyndzielnia | mieszkanie 5-pok. | M2/19,71 133 640 zł,Bielsko-Biała,Kamienica,94.47 m²,5 pokoje,3 piętro
1366,"wygodne 5 pokoi, 2 balkony, winda, parking, Ursus,",999 000 zł,Warszawa,Ursus,82 m²,5 pokoje,5 piętro
1367,Na sprzedaż mieszkanie do adaptacji w Brzegu,350 000 zł,Brak danych,Brak danych,96.7 m²,4 pokoje,2 piętro
1368,Ścisłe Centrum‼️ ok. deptaku na Piotrkowskiej‼️ WIELKI RABAT‼️,357 400 zł,Łódź,Śródmieście,39 m²,2 pokoje,1 piętro
1369,"3 pokoje w nowym bud. do wejścia, Mokotów, tramwaj",201 245 000 zł,Warszawa,Mokotów,59.45 m²,3 pokoje,2 piętro
1370,Sexi Mieszkanie do Adaptacji ul. Zachodnia 15,291 350 zł,Brak danych,Brak danych,50.5 m²,3 pokoje,2 piętro
1371,❗3pok z Garażem❗ przy Metro Centrum❗ Bliski Odbiór❗ Ostatnia szansa ❗,455 875 zł,Łódź,Śródmieście,55.05 m²,3 pokoje,2 piętro
1372,3 pokoje rozkład Bielany,699 000 zł,Warszawa,Bielany,51 m²,3 pokoje,6 piętro
1373,‼️2 pokoje + Komórka Lok -> Zobacz na żywo‼️,363 431 zł,Łódź,Śródmieście,37.07 m²,2 pokoje,2 piętro
1374,⭐ Najtańsza kawalerka ⭐ Zobacz na żywo ⭐,269 821 zł,Łódź,Polesie,26.01 m²,1 pokoje,parter
1375,2 Pokojowe Mieszkanie z Widokiem na Park,690 000 zł,Wrocław,Pole,46.21 m²,2 pokoje,1 piętro
1376,Do częściowego remontu duże pokoje,342 000 zł,Łódź,Widzew,52.43 m²,2 pokoje,10 piętro
1377,Balkon | Morena | Niski budynek | Zachodnia strona,639 000 zł,Gdańsk,Migowo,63.3 m²,3 pokoje,3 piętro
1378,SPRZEDAM MIESZKANIE / UL. POKOJU / 2 POKOJE / BALKON / PARTER,249 000 zł,Brak danych,Brak danych,49.8 m²,2 pokoje,parter
1379,Komfort i cisza - 2 pokoje tuż przy Starówce,211 349 999 zł,Gdańsk,Śródmieście,47.1 m²,2 pokoje,2 piętro
1380,Dwupoziomowy | Antresola | Ogród i taras | Basen!,81 040 650 zł,Gdańsk,Sobieszewska,63.79 m²,2 pokoje,parter
1381,Gotowy Apartament | **** Hotel | Roi min. 8.33%,151 074 147 zł,Gdańsk,Brak danych,57.66 m²,1 pokoje,1 piętro
1382,Gotowy Apartament | **** Hotel | Roi min. 8.33%,486 700 zł,Gdańsk,Brak danych,22.61 m²,1 pokoje,1 piętro
1383,Odbierz w tym roku -> Umów się na oglądanie dzisiaj + Parking_zielono!,400 000 zł,Gdańsk,Łostowice,40.66 m²,2 pokoje,1 piętro
1384,Gotowe 2 pokoje_ 12 min od Centrum _ Ostatnie mieszkania,390 515 zł,Gdańsk,Łostowice,37.4 m²,2 pokoje,1 piętro
1385,Mieszkanie 3 pokojowe os.Staszica,399 000 zł,Gorzów,Staszica,53 m²,3 pokoje,2 piętro
1386,nowe gotowe mini apartamenty inwestycyjne coliving,340 000 zł,Warszawa,Wilanów,19 m²,1 pokoje,1 piętro
1387,"Wygodne mieszkanie na Wawrze, dobra lokalizacja!",820 000 zł,Warszawa,Wawer,67 m²,3 pokoje,2 piętro
1388,"Przestronne i funkcjonalne mieszkanie na Gocławiu, 71,2m2, 3 pokoje",211 375 000 zł,Warszawa,Południe,71.2 m²,3 pokoje,4 piętro
1389,2-pokojowe mieszkanie w spokojnej okolicy - bez pośredników,310 000 zł,Brak danych,Brak danych,39 m²,2 pokoje,1 piętro
1390,Dwupokojowe mieszkanie z osobną jasną kuchnią w bloku z lat 60-tych,639 000 zł,Kraków,Grzegórzki,37.32 m²,2 pokoje,1 piętro
1391,Dwupoziomowy apartament+2miejsca garażowe w cenie,211 699 000 zł,Poznań,Miasto,97.31 m²,4 pokoje,2 piętro
1392,2pok z Ogrodem Umów się na wizytę_Garaż,388 990 zł,Gdańsk,Łostowice,37 m²,2 pokoje,parter
1393,"Mieszkanie 61,67 m2 + komórka lokatorska + miejsce parkingowe w garażu",599 000 zł,Brak danych,Brak danych,61.67 m²,3 pokoje,3 piętro
1394,Przytulne M3 Kopernika,493 500 zł,Brak danych,Brak danych,47 m²,3 pokoje,3 piętro
1395,3 Pokoje 65 m2 Parter Balkon Klima Alarm Idealne Prywatnie,649 999 zł,Radom,Brak danych,65 m²,3 pokoje,parter
1396,Ścisłe Centrum‼️ok. deptaku na Piotrkowskiej‼️WIELKI RABAT‼️3 Pokoje‼️,455 800 zł,Łódź,Śródmieście,54.2 m²,3 pokoje,2 piętro
1397,Klimatyczne mieszkanie w sercu Oleśnicy!,649 000 zł,Wrocław,Brak danych,78.9 m²,3 pokoje,2 piętro
1398,Premium Apartament przy Parku hrabiny - zobacz Vid,211 160 000 zł,Brak danych,Brak danych,121.59 m²,4 pokoje,1 piętro
1399,Kraków 122 m2 + 50 m2| Ogródek| Duży Taras | Balkon| 2 x m. postojowe,132 275 000 zł,Kraków,Brak danych,122.32 m²,5 pokoje,1 piętro
1400,Piękne dwupoziomowe mieszkanie dla rodziny z dziećmi_81m,770 000 zł,Brak danych,Brak danych,81 m²,4 pokoje,3 piętro
1401,"3/4pok przy SKM, Factory, Garaż+Komórka_umów się",781 280 zł,Warszawa,Ursus,59.44 m²,3 pokoje,1 piętro
1402,Mieszkanie 4 pokojowe blisko Świdnicy.,485 000 zł,Brak danych,Brak danych,86 m²,4 pokoje,1 piętro
1403,Jagodno • 2 pokoje • balkon z widokiem na zieleń,580 000 zł,Wrocław,Krzyki,43.79 m²,2 pokoje,1 piętro
1404,Ostatnie mieszkanie 53m2 - 3pokoje! Ogród 85m2!,454 000 zł,Rzeszów,Zwięczyca,53.05 m²,3 pokoje,parter
1405,"Mieszanie Bytom Arki Bożka Chorzowska 55, 3 Pokoje",330 000 zł,Bytom,Brak danych,47.5 m²,3 pokoje,7 piętro
1406,Dwustronne mieszkanie| Balkon| Dostęp do ogrodu,934 000 zł,Kraków,Krowodrza,69 m²,3 pokoje,1 piętro
1407,Apartamenty Dębowa,800 zł,Łódź,Górna,90 m²,4 pokoje,Brak danych
1408,Bez prowizji | 3 Pokoje | 2 ogrody | Parking,202 215 000 zł,Warszawa,Wilanów,105.49 m²,3 pokoje,parter
1409,61m2-3 pokojowe z poddaszem! 2 ostatnie mieszkania,465 000 zł,Rzeszów,Zwięczyca,61.17 m²,3 pokoje,1 piętro
1410,"Dwustronne, przestronne mieszkanie z balkonem niedaleko kolejki!",549 000 zł,Brak danych,Brak danych,48.1 m²,3 pokoje,parter
1411,"Na sprzedaż – mieszkanie 2-pokojowe z balkonem | Poznań, Chartowo",800 000 zł,Poznań,Brak danych,58.8 m²,2 pokoje,4 piętro
1412,2 pokoje tuż przy Parku Skaryszewskim i Metro Stadion Narodowy,699 000 zł,Warszawa,Południe,38.67 m²,2 pokoje,4 piętro
1413,Kawalerka z loggią i dodatkową przestrzenią!,279 990 zł,Łódź,Widzew,32.75 m²,1 pokoje,7 piętro
1414,"0%Prowizji, Gotowe Mieszkanie+komórka+Garaż",650 000 zł,Wrocław,Pole,51 m²,3 pokoje,3 piętro
1415,Centrum | Uek | Obwodnica | Śródmieście,680 000 zł,Kraków,Grzegórzki,33.5 m²,2 pokoje,parter
1416,Apartament 1 pokojowy - Obok Wody - Centrum Gdańska - Zobacz na żywo,297 500 zł,Gdańsk,Brak danych,25 m²,1 pokoje,1 piętro
1417,Dwupoziomowy apartament+2miejsca garażowe w cenie,1 699 000 zł,Poznań,Miasto,97.31 m²,4 pokoje,2 piętro
1418,✅Świetne pod WYNAJEM→Tramwaj 3 min→Politechnika 12 min→SKLEPY,437 666 zł,Poznań,Miasto,38.9 m²,2 pokoje,parter
1419,Kawalerka Gryfino Górny Taras,265 000 zł,Brak danych,Brak danych,31.19 m²,1 pokoje,3 piętro
1420,Cena do negocjacji! Przestronne 3-pokojowe mieszkanie z balkonem,295 000 zł,Jastrzębie,Turystyczna,57.91 m²,3 pokoje,2 piętro
1421,Apartament 2 pokojowy w SRÓDMIEŚCIU -> zobacz na żywo,392 900 zł,Gdańsk,Śródmieście,35.02 m²,2 pokoje,1 piętro
1422,Apartament z dużym tarasem w centrum miasta,699 000 zł,Radom,Zamłynie,64 m²,3 pokoje,4 piętro
1423,Uniwersytet-Manufaktura‼️ 3 pok‼️ GARAŻ‼️ WIELKI RABAT‼️,445 100 zł,Łódź,Polesie,44.1 m²,3 pokoje,1 piętro
1424,Możesz Kupić Biuro lub przerobić na mieszkanie,575 000 zł,Łódź,Widzew,61.2 m²,3 pokoje,parter
1425,Mokotów |Nowa Inwestycja| Balkon | Rentowne,"726 512,50 zł",Warszawa,Mokotów,34.08 m²,2 pokoje,5 piętro
1426,"Mieszkanie Kraków , Grzegórzki al.Pokoju ,63,3m",839 999 zł,Kraków,Brak danych,63.3 m²,3 pokoje,5 piętro
1427,Duża kawalerka z niezależną kuchnią+ piwnica- 2 piętro niski bloku,320 000 zł,Poznań,Miasto,27 m²,1 pokoje,2 piętro
1428,✔️ Idealne do zamieszkania ✔️ Gotowe pod wynajem ✔️ Balkon ✔️ Garaż,899 000 zł,Kraków,Podgórze,40 m²,2 pokoje,4 piętro
1429,"Atrakcyjna kawalerka, super lokalizacja",399 000 zł,Poznań,Miasto,31.7 m²,1 pokoje,1 piętro
1430,"2 pokoje, balkon, klimatyzacja, MP, 2013, DiTrevi",754 000 zł,Wrocław,Krzyki,51.06 m²,2 pokoje,3 piętro
1431,Mieszkanie Kórnik Radzewo,459 000 zł,Poznań,Kórnik,80.51 m²,4 pokoje,Brak danych
1432,"250 metrów od Rynku, Łańcut. SPRZEDANE.",317 730 zł,Brak danych,Brak danych,30.26 m²,2 pokoje,3 piętro
1433,"Centrum Łańcuta, ul. JANA CETNARSKIEGO. REZERWACJA.",414 036 zł,Brak danych,Brak danych,44.52 m²,2 pokoje,1 piętro
1434,Mieszkanie | 2-pokoje | Parking | Jasne | Centrum,198 700 zł,Brak danych,Brak danych,23 m²,2 pokoje,5 piętro
1435,"BEZ PROWIZJI! Wrocław Hallera – 3 pokoje, widok, loggia!",859 850 zł,Wrocław,Brak danych,59.3 m²,3 pokoje,6 piętro
1436,Penthouse - taras na dachu / Centrum Zielonej Góry,131 700 000 zł,Brak danych,Brak danych,127 m²,4 pokoje,5 piętro
1437,BEZ PROWIZJI! Ostatnie apartamenty w Ogrodach Grabiszyńskich!,859 850 zł,Wrocław,Fabryczna,59.3 m²,3 pokoje,5 piętro
1438,3-pokojowe mieszkanie 65m2 + balkon Bezpośrednio,657 914 zł,Poznań,Grunwald,65.14 m²,3 pokoje,4 piętro
1439,3-pokojowe mieszkanie 56m2 + balkon Bezpośrednio,000 zł,Poznań,Kórnik,68 m²,4 pokoje,Brak danych
1440,Apartamenty Nova Sośnica,995 zł,Gliwice,Sośnica,75 m²,4 pokoje,Brak danych
1441,3 pokoje/ duży balkon/ widok na rzekę Parsętę,829 000 zł,Brak danych,Brak danych,83.6 m²,3 pokoje,1 piętro
1442,Okolice ul. Myśliwskiej Rozkład/Piwnica,699 900 zł,Wrocław,Śródmieście,48 m²,2 pokoje,1 piętro
1443,3-pokojowe mieszkanie 60m2 + ogródek,91 460 000 zł,Warszawa,Żoliborz,60.72 m²,3 pokoje,parter
1444,Atrakcyjne Mieszkanie z Balkonem 40m2– Po Remoncie,489 000 zł,Lublin,Miasto,39.7 m²,2 pokoje,5 piętro
1445,Mieszkanie 4 pokojowe z balkonem i ogródkiem,675 000 zł,Szczecin,Zachód,67.4 m²,4 pokoje,1 piętro
1446,Apartament 2 pokojowy w SRÓDMIEŚCIU -> zobacz na żywo,392 900 zł,Gdańsk,Śródmieście,35.02 m²,2 pokoje,1 piętro
1447,Atrakcyjne mieszkanie - PARTER,415 000 zł,Brak danych,Brak danych,35 m²,2 pokoje,parter
1448,Widokowe mieszkanie 36 m2| 600 metrów od rynku|,393 800 zł,Brak danych,Brak danych,35.8 m²,2 pokoje,parter
1449,"Chartowo Tower / 44,5 mkw / 2 pokoje",519 000 zł,Poznań,Miasto,44.5 m²,2 pokoje,10 piętro
1450,"2-pokojowe, wykończone mieszkanie, 52m2 | Lublin",610 000 zł,Lublin,Brak danych,52.53 m²,2 pokoje,1 piętro
1451,1-pokojowe mieszkanie 33m2 + taras Bez Prowizji,894 603 zł,Brak danych,Brak danych,33.06 m²,1 pokoje,parter
1452,1-pokojowe mieszkanie 27m2 Bez Pośredników,240 000 zł,Częstochowa,Lisiniec,27.5 m²,1 pokoje,parter
1453,Kawie Wzgórza | apartament 3-pok. | 4_D1_8,466 687 zł,Częstochowa,Północ,62.01 m²,3 pokoje,1 piętro
1454,2-pokojowy lokal w wysokim standardzie na Woli!,820 000 zł,Warszawa,Wola,36.53 m²,2 pokoje,4 piętro
1455,⭐Dni Otwarte⭐ Hala Garażowa⭐ 2 pokoje⭐ 15 min Skm do Centrum,616 870 zł,Warszawa,Ursus,41.09 m²,2 pokoje,1 piętro
1456,Mieszkanie 2 - pokojowe przy ul. Stawigudzkiej!,444 600 zł,Olsztyn,Jaroty,49.4 m²,2 pokoje,parter
1457,⭐Wow Wielki Rabat na początek miesiąca⭐18minut od plaży⭐Parking/Hala,379 612 zł,Gdynia,Wiczlino,33.14 m²,2 pokoje,1 piętro
1458,2pk | System 20/80 | Idealne pod wynajem,799 000 zł,Warszawa,Włochy,43.2 m²,2 pokoje,3 piętro
1459,3-Pokojowe W Dobrej Lokalizacji I Cenie,719 000 zł,Kraków,Duchackie,61.6 m²,3 pokoje,1 piętro
1460,10m2 TARAS✨unikat✨5min od lotniska✨wykończone pod klucz✨można oglądać✨,510 839 zł,Wrocław,Fabryczna,41.9 m²,2 pokoje,3 piętro
1461,"Przestronne i funkcjonalne 74,9 m2 pod Wrocławiem.",700 000 zł,Wrocław,Brak danych,74.9 m²,4 pokoje,2 piętro
1462,"Na studia – 2 pokoje+ kuchnia, świeżo po remoncie, balkon",549 644 zł,Poznań,Grunwald,44.6 m²,2 pokoje,6 piętro
1463,2pokoje z Ogrodem Ostatnia szansa +Odbierz w tym roku +Parking,440 000 zł,Gdańsk,Łostowice,43.42 m²,2 pokoje,parter
1464,Odbierz zaraz klucze -> Umów się na oglądanie - Parking_12min centrum,390 559 zł,Gdańsk,Lipce,37.67 m²,2 pokoje,1 piętro
1465,"3 pokoje, 4 piętro Piłsudskiego blisko Rynku 54 m2",319 000 zł,Brak danych,Brak danych,54.04 m²,3 pokoje,4 piętro
1466,HIT na wynajem✨okno w kuchni✨wykończone pod klucz✨BLISKO Uczelni✨ENG,420 956 zł,Wrocław,Fabryczna,37.52 m²,2 pokoje,1 piętro
1467,"Krzyki Klecina ul. Szparagowa , ogródek, klimatyzacja + m. postojowe",899 000 zł,Wrocław,Krzyki,65.52 m²,3 pokoje,parter
1468,"Umeblowane mieszkanie 4 pokoje 84,25m2",475 000 zł,Szczecin,Północ,84.25 m²,4 pokoje,4 piętro
1469,Okno w Kuchni! Taras! Komfortowe 3M dla rodziny!,"689 035,85 zł",Wrocław,Fabryczna,62.08 m²,3 pokoje,parter
1470,Okolice CH Borek /Piwnica,519 000 zł,Wrocław,Fabryczna,45 m²,2 pokoje,3 piętro
1471,Mieszkanie 3 pokojowe z ogródkiem,699 000 zł,Szczecin,Zachód,61.4 m²,3 pokoje,parter
1472,"Naramowice, ui. Karpia, 53m2, 3 pok.",649 000 zł,Poznań,Miasto,53.14 m²,3 pokoje,1 piętro
1473,"okolice ul. Przyjaźni, loggia, balkon, miejsce post., komórka lok.",966 000 zł,Wrocław,Krzyki,84.89 m²,3 pokoje,2 piętro
1474,"3 NIEZALEŻNE mieszkania | GOTOWIEC inwestycyjny | ROI 7,08%",890 000 zł,Poznań,Wilda,97.4 m²,5 pokoje,4 piętro
1475,Przestronne mieszkanie 2 pokojowe blisko uczelni,225 000 zł,Sosnowiec,Pogoń,44.33 m²,2 pokoje,parter
1476,Piękne 2 pokojowe mieszkanie – kamienica PO REMONCIE | Jeżyce,790 000 zł,Poznań,Brak danych,59.89 m²,2 pokoje,1 piętro
1477,Mieszkanie 4-pokojowe z widną dużą łazienką / metro,212 080 000 zł,Warszawa,Ursynów,104.3 m²,4 pokoje,1 piętro
1478,"❤️Kameralne Apartamenty z Tarasem, Widok na Zieleń",867 000 zł,Brak danych,Brak danych,118 m²,4 pokoje,1 piętro
1479,Blisko Centrum ale Cicho i Zielono.,355 000 zł,Gliwice,Polskiego,46 m²,2 pokoje,3 piętro
1480,"✅M3 Warte Uwagi, Duży Potencjał✅",329 900 zł,Gliwice,Szobiszowice,56.8 m²,2 pokoje,4 piętro
1481,Inwestycja czy start - 0% prowizji!,220 000 zł,Chorzów,Centrum,32 m²,1 pokoje,1 piętro
1482,"Rondo Solidarności, Szpital CKD, Wydział Prawa⭐2xgaraż⭐komórka",685 900 zł,Łódź,Śródmieście,80 m²,4 pokoje,4 piętro
1483,Dwupoziomowe mieszkanie z widokiem 81 m2 | Blisko centrum |,799 000 zł,Brak danych,Brak danych,81.1 m²,5 pokoje,1 piętro
1484,"3 pokoje, oczyszczone Łódź Bałuty, Zgierska 75/81 Український English",475 000 zł,Łódź,Brak danych,61.37 m²,3 pokoje,10 piętro
1485,❤️ Nowa cena na lipiec - apartament z tarasem ⭐,595 000 zł,Gliwice,Brak danych,52.93 m²,2 pokoje,5 piętro
1486,NG Development | 3 pokoje dla rodziny | przy parku,600 438 zł,Rzeszów,Słocina,52.67 m²,3 pokoje,8 piętro
1487,Oferta od dewelopera- 3 pokoje 53m2 z ogródkiem,429 000 zł,Rzeszów,Zwięczyca,53.28 m²,3 pokoje,parter
1488,Oferta od dewelopera- 3 pokoje 53m2 z ogródkiem,429 000 zł,Brak danych,Brak danych,53.28 m²,3 pokoje,parter
1489,4 pokojowe mieszkanie z ogrodem - 97 m2 Bronowice,211 300 000 zł,Kraków,Bronowice,97 m²,4 pokoje,parter
1490,Komfortowe Mieszkanie w Centrum Zabrza,275 000 zł,Zabrze,Południe,34.8 m²,2 pokoje,2 piętro
1491,2 Pokojowy Apartament w ścisłym centrum Miasta!,524 999 zł,Poznań,Miasto,26 m²,2 pokoje,1 piętro
1492,2-pokojowe mieszkanie - Świdnik ul. Norwida,399 000 zł,Brak danych,Brak danych,52.7 m²,2 pokoje,2 piętro
1493,"Popowice/Magnolia, 3pok, po remoncie",569 000 zł,Wrocław,Fabryczna,54 m²,3 pokoje,7 piętro
1494,3 pokojowe mieszkanie z balkonem przy Atlas Arenie,445 000 zł,Łódź,Polesie,48 m²,3 pokoje,parter
1495,2-pokojowe mieszkanie 41m2 + ogródek Bez Prowizji,990 000 zł,Warszawa,Wola,41.55 m²,2 pokoje,parter
1496,3-pokojowe mieszkanie 55m2 + balkon,999 500 zł,Warszawa,Włochy,55.95 m²,3 pokoje,7 piętro
1497,Miejsce w garażu | Balkon | Wysoki Standard,191 249 000 zł,Kraków,Podgórze,57 m²,3 pokoje,1 piętro
1498,2-pokojowe mieszkanie 41m2 + balkon Bezpośrednio,711 000 zł,Warszawa,Południe,41.03 m²,2 pokoje,5 piętro
1499,Mieszkanie bezczynszowe z ogrodem i kominkiem!,515 000 zł,Brak danych,Brak danych,73.64 m²,4 pokoje,1 piętro
1500,2 Pokojowe mieszkanie w sercu Poznania!,649 000 zł,Poznań,Miasto,35 m²,2 pokoje,1 piętro
1501,Balkon | Wysoki standard | Miejsce postojowe,875 000 zł,Kraków,Podgórze,40 m²,2 pokoje,1 piętro
1502,3 pokoje z balkonem na Mokotowie! Odbiór kluczy w,865 018 zł,Warszawa,Mokotów,63 m²,3 pokoje,1 piętro
1503,Rodzinne M4 I Hala garażowa I 3 Stawy,770 500 zł,Katowice,Giszowiec,61.64 m²,4 pokoje,2 piętro
1504,4 pokojowe piękne mieszkanie na Woli Duchackiej,749 000 zł,Kraków,Duchackie,76 m²,4 pokoje,4 piętro
1505,Kawalerka z ogródkiem I Hala garażowa I 3 stawy,325 128 zł,Katowice,Muchowiec,26.29 m²,1 pokoje,parter
1506,"Piękne, 3-pokojowe, ul Zaczarowane Koło - Bronowice",899 000 zł,Kraków,Bronowice,56 m²,3 pokoje,4 piętro
1507,74 m2 3 pokoje PARTER TARAS KASKADA KOMPLEKS,590 000 zł,Rybnik,Zamysłów,74 m²,3 pokoje,parter
1508,Mieszkanie gotowe do wprowadzenia,630 000 zł,Białystok,Miasto,52.73 m²,2 pokoje,1 piętro
1509,Dzień Pokazowy piątek 18.07.,499 000 zł,Toruń,Skarpie,61.97 m²,3 pokoje,parter
1510,Urokliwe mieszkanie w górach w zabytkowej willi | Sokołowsko,610 000 zł,Brak danych,Brak danych,61 m²,2 pokoje,parter
1511,Mieszkanie przy ul. Kajki!,259 000 zł,Brak danych,Brak danych,41.96 m²,2 pokoje,3 piętro
1512,3-pokojowe mieszkanie 58m2 + balkon Bezpośrednio,519 000 zł,Brak danych,Brak danych,58.82 m²,3 pokoje,1 piętro
1513,"2 lub 3 pokoje, I PIĘTRO, winda, PIĘKNY balkon LOGGIA, bez piecyka",239 500 zł,Brak danych,Brak danych,49 m²,3 pokoje,1 piętro
1514,"Przytulne mieszkanie z klimatem – 2 pokoje na Winogradach, po remoncie",479 000 zł,Poznań,Miasto,38.1 m²,2 pokoje,1 piętro
1515,2-pokojowe mieszkanie 49m2 + 2 balkony,549 000 zł,Brak danych,Brak danych,49.54 m²,2 pokoje,3 piętro
1516,❤️ Nowa cena na lipiec - apartament z tarasem ⭐,595 000 zł,Gliwice,Brak danych,52.93 m²,2 pokoje,5 piętro
1517,"Sprzedam mieszkanie 42,2m2 / 2 pok. /z widokiem na park/ os. Kopernika",419 000 zł,Poznań,Grunwald,42.2 m²,2 pokoje,3 piętro
1518,3-pokojowe mieszkanie 49m2 + balkon,478 464 zł,Brak danych,Brak danych,49.84 m²,3 pokoje,2 piętro
1519,Lokum la Vida,11 757 zł,Wrocław,Pole,80 m²,4 pokoje,Brak danych
1520,Zabrze Grzybowice 3 | mieszkanie 2-pok. |B.01,304 000 zł,Zabrze,Brak danych,33.73 m²,2 pokoje,parter
1521,2-pokojowe mieszkanie 48m2 + balkon Bez Prowizji,15 134 zł,Warszawa,Włochy,66 m²,3 pokoje,Brak danych
1522,Naramowicka 172,10 404 zł,Poznań,Miasto,75 m²,3 pokoje,Brak danych
1523,3-pokojowe mieszkanie 59m2 + balkon,780 129 zł,Warszawa,Białołęka,59.78 m²,3 pokoje,2 piętro
1524,Nove Piaseczno 2,882 zł,Brak danych,Brak danych,63 m²,3 pokoje,Brak danych
1525,Atal Grabiszyn,13 884 zł,Wrocław,Fabryczna,73 m²,3 pokoje,Brak danych
1526,Park Moniuszki I​I,518 247 zł,Brak danych,Brak danych,81 m²,4 pokoje,Brak danych
1527,❗️ Ostatnie taki układ_narożny 4pok_Bezpośrednio❗️,610 000 zł,Gliwice,Brak danych,70 m²,4 pokoje,1 piętro
1528,Kawalerka nad Balatonem - ul. Rogalskiego,425 000 zł,Warszawa,Południe,28 m²,1 pokoje,10 piętro
1529,"Piękna spokojna okolica, stawy, lasy, tereny zielone Malty, Antoninek",845 000 zł,Poznań,Miasto,87 m²,4 pokoje,1 piętro
1530,Mieszkanie LENA ze składzikiem,450 000 zł,Sosnowiec,Południe,63 m²,3 pokoje,3 piętro
1531,Mieszkanie 95 m2 I piętro w centrum Kołobrzegu,655 000 zł,Brak danych,Brak danych,95 m²,4 pokoje,1 piętro
1532,62m2-3 pokoje! Przestronny taras na dachu!,449 000 zł,Rzeszów,Zwięczyca,62.06 m²,3 pokoje,1 piętro
1533,Mieszkanie w spokojnej okolicy,399 000 zł,Katowice,Ochojec,55 m²,3 pokoje,3 piętro
1534,Atrakcyjne 2 pokoje z widokiem,449 000 zł,Szczecin,Północ,47.4 m²,2 pokoje,6 piętro
1535,4-Pokojowe mieszkanie z balkonem Nad Jarem,459 000 zł,Elbląg,Myliusa,68.8 m²,4 pokoje,2 piętro
1536,Oaza spokoju w sercu Wilanowa!,870 000 zł,Warszawa,Wilanów,50 m²,2 pokoje,3 piętro
1537,ODDANY Blok‼️ Ok. Manufaktury‼️ 2 Pokoje‼️ WIELKI RABAT‼️ Ogródek‼️,320 500 zł,Łódź,Bałuty,32 m²,2 pokoje,parter
1538,Nowoczesna kawalerka na Klinach 27m2 balkon 2021r.,469 000 zł,Kraków,Dębniki,27.14 m²,1 pokoje,4 piętro
1539,3 Pokoje z balkonem | Wysoki standard do zamieszkania | Dla spoza UE!,589 000 zł,Szczecin,Zachód,63.3 m²,3 pokoje,4 piętro
1540,Apartament z ogrodem w sercu Miasteczka Wilanów,152 670 000 zł,Warszawa,Południe,127 m²,4 pokoje,parter
1541,Mieszkanie centrum Brzeg 31 m2 | Inwestycja,383 420 zł,Brak danych,Brak danych,40.36 m²,2 pokoje,1 piętro
1542,Ustawne 4 pokoje ul. Jaworzynki - Warszewo,697 000 zł,Szczecin,Północ,67.09 m²,4 pokoje,2 piętro
1543,2 pokoje z balkonem na os. Górny Taras,339 000 zł,Brak danych,Brak danych,49.77 m²,2 pokoje,1 piętro
1544,Zainwestuj mikro-przestrzeń z potencjałem! Lokal dostępny od zaraz!,325 000 zł,Warszawa,Włochy,22.25 m²,1 pokoje,parter
1545,"Super 2 pokoje w cenie kawalerki, Łódź, Bałuty",250 000 zł,Łódź,Brak danych,32 m²,2 pokoje,1 piętro
1546,2 osobne pokoje / blisko centrum / balkon /parking,650 000 zł,Wrocław,Pole,39.26 m²,2 pokoje,1 piętro
1547,Mieszkanie trzypokojowe w Dobiegniewie,310 000 zł,Brak danych,Brak danych,69 m²,3 pokoje,1 piętro
1548,"Mieszkanie Piastów, ul. P. Wysockiego 9",599 000 zł,Brak danych,Brak danych,48 m²,2 pokoje,4 piętro
1549,Wyjątkowe | 3 pokoje | 65m2 | Kwartał Uniwersytecki | Gdańsk Przymorze,201 490 000 zł,Gdańsk,Brak danych,65 m²,3 pokoje,3 piętro
1550,Super oferta dla inwestorów oraz przedsiębiorców!,290 000 zł,Warszawa,Włochy,24 m²,1 pokoje,parter
1551,Super oferta inwestycyjna!,379 000 zł,Warszawa,Włochy,24.62 m²,1 pokoje,1 piętro
1552,400m do Metra Młynów • Przedwojenna kamienica,699 000 zł,Warszawa,Wola,37 m²,2 pokoje,3 piętro
1553,Atrakcyjna kawalerka blisko centrum. Po remoncie!,599 000 zł,Warszawa,Ochota,27.21 m²,1 pokoje,parter
1554,Okazja! 2 pokoje w okazyjnej cenie - sprawdź,248 000 zł,Katowice,Burowiec,43 m²,2 pokoje,1 piętro
1555,"Komfortowe 2-pokojowe mieszkanie na Ochocie, gotowe do wprowadzenia!",963 000 zł,Warszawa,Ochota,46.9 m²,2 pokoje,3 piętro
1556,"Sprzedam mieszkanie 2 pokojowe 48m, blok z cegły",374 000 zł,Łódź,Bałuty,48 m²,2 pokoje,2 piętro
1557,"3 pokojowe, 72 m, Bemowo - Łokuciewskiego, bezpośrednio",191 152 000 zł,Warszawa,Bemowo,72 m²,3 pokoje,1 piętro
1558,"☎️ Idealne na start - Centrum, Umed, Park Zdrowie",309 000 zł,Łódź,Polesie,30 m²,2 pokoje,1 piętro
1559,Czysta 4 | mieszkanie 2-pok. | 01_17,848 700 zł,Wrocław,Miasto,37.72 m²,2 pokoje,parter
1560,"Luksusowe mieszkanie Wrocław centrum, wieża Angel River, piękny widok",930 000 zł,Wrocław,Brak danych,43 m²,2 pokoje,15 piętro
1561,Mieszkanie LENA ze składzikiem,450 000 zł,Sosnowiec,Południe,63 m²,3 pokoje,3 piętro
1562,PROMOCJA❗️Dwustronne M3 z Garderobą❗️Tanie M.Post w HALI❗️OKAZJA,580 093 zł,Poznań,Miasto,56.6 m²,3 pokoje,4 piętro
1563,"Piękne mieszkanie , gotowe do zamieszkania .",398 000 zł,Brak danych,Brak danych,48 m²,2 pokoje,2 piętro
1564,5900ZŁ/m2 - 2/3 pokoje - ogródek - FIRST MINUTE,299 999 zł,Brak danych,Brak danych,50.84 m²,3 pokoje,parter
1565,Drukarska/2pok/parter/balkon/piwnica/winda/top,499 000 zł,Wrocław,Krzyki,41.05 m²,2 pokoje,parter
1566,Mieszkanie w kamienicy po generalnym remoncie,121 060 000 zł,Warszawa,Mokotów,43 m²,3 pokoje,parter
1567,Dwupokojowe mieszkanie z miejscem postojowyn i balkonem,690 000 zł,Kraków,Grzegórzki,48.7 m²,2 pokoje,3 piętro
1568,"Na sprzedaż 2-pokojowe mieszkanie, niski czynsz",215 000 zł,Brak danych,Brak danych,47.1 m²,2 pokoje,parter
1569,Przestronny apartament w doskonałej lokalizacji,181 290 000 zł,Brak danych,Brak danych,87 m²,3 pokoje,1 piętro
1570,3 pokojowe ul. Giełdowa Koszalin,478 000 zł,Koszalin,Brak danych,62.92 m²,3 pokoje,2 piętro
1571,Apartament z widokiem na Giewont Zakopane centrum,870 000 zł,Brak danych,Brak danych,56.1 m²,2 pokoje,2 piętro
1572,"Klimatyczne z dużym balkonem, na Osiedlu Magnolie",740 000 zł,Kraków,Biały,51 m²,2 pokoje,2 piętro
1573,Nowa Cukrownia - Kawalerka z Balkonem i komórką,390 000 zł,Szczecin,Zachód,28.51 m²,1 pokoje,2 piętro
1574,Hello!Kukułki/apartament/Gotowe IV kw. 2025,495 409 zł,Sosnowiec,Sielec,62.71 m²,3 pokoje,1 piętro
1575,2-pokojowe mieszkanie 52m2 + ogródek Bezpośrednio,734 513 zł,Kraków,Dębniki,52.06 m²,2 pokoje,parter
1576,NU2 Warszawa Wola,20 256 zł,Warszawa,Brak danych,95 m²,5 pokoje,Brak danych
1577,Teatralna 3,900 zł,Sosnowiec,Śródmieście,80 m²,4 pokoje,Brak danych
1578,Przystań Sobieszewo,15 086 zł,Gdańsk,Sobieszewska,74 m²,2 pokoje,Brak danych
1579,❗️PROMOCJA❗️Dwustronne M4 z POTENCJAŁEM✅Tanie M.Post✅INNE PIĘTRA✅0%PCC,634 431 zł,Poznań,Miasto,63 m²,4 pokoje,1 piętro
1580,Jasna kawalerka w stylu LOFT - okolice Śródki - P-ń,335 000 zł,Poznań,Miasto,25.36 m²,1 pokoje,1 piętro
1581,Teatralna 3,900 zł,Sosnowiec,Śródmieście,80 m²,4 pokoje,Brak danych
1582,1-pokojowe mieszkanie 29m2 + balkon Bez Prowizji,765 000 zł,Warszawa,Wola,29.78 m²,1 pokoje,4 piętro
1583,Kawalerka z ogródkiem- Metro Bródno | Bezpośrednio - gotowe do wejścia,414 000 zł,Warszawa,Białołęka,26.1 m²,1 pokoje,parter
1584,Luksusowe studio na start lub pod inwestycję – Chorzów,199 000 zł,Chorzów,Brak danych,32 m²,2 pokoje,parter
1585,NOWE Gotowe 71m2 DREWNIANA Podłoga 2 GARAŻE Klima 3p IIp Taras 32m2,958 000 zł,Kielce,Czarnów,71 m²,3 pokoje,2 piętro
1586,Widokowe dwupokojowe mieszkanie z dużym balkonem,865 000 zł,Kraków,Grzegórzki,49.05 m²,2 pokoje,6 piętro
1587,"3-pokojowe mieszkanie 56,09m2+ ogródek",729 170 zł,Kraków,Krzesławickie,56.09 m²,3 pokoje,parter
1588,Os. Uroczysko | Kawalerka | Duży balkon,355 000 zł,Kielce,Związkowiec,30 m²,1 pokoje,4 piętro
1589,"Gotowe 4pokoje 61m2 |klimatyzacja,balkon,miejsce postojowe| Wyposażone",585 000 zł,Jaworzno,Azot,61 m²,4 pokoje,3 piętro
1590,Przestronne 4-pokojowe mieszkanie 72m2,370 000 zł,Brak danych,Brak danych,71.8 m²,4 pokoje,1 piętro
1591,Apartament Chmielna/ Po Generalnym Remoncie,213 000 000 zł,Warszawa,Śródmieście,90 m²,3 pokoje,3 piętro
1592,kawalerka na rogu Tamki i Dobrej,510 000 zł,Warszawa,Śródmieście,29 m²,1 pokoje,Brak danych
1593,⭐️Bałuty⭐️4-pokoje⭐️,484 000 zł,Łódź,Bałuty,56.9 m²,4 pokoje,1 piętro
1594,Jasna kawalerka w stylu LOFT - okolice Śródki - P-ń,335 000 zł,Poznań,Miasto,25.36 m²,1 pokoje,1 piętro
1595,ul. Dzielna- Kawalerka z pięknym widokiem,325 000 zł,Wrocław,Fabryczna,20 m²,1 pokoje,10 piętro
1596,✔ 2 Pokoje + Kuchnia + m. postojowe w cenie!,612 000 zł,Kraków,Biały,43 m²,2 pokoje,1 piętro
1597,Nowoczesny mieszkanie o wysokim standardzie,395 000 zł,Brak danych,Brak danych,43.6 m²,2 pokoje,1 piętro
1598,Bulwary Błonie,980 zł,Brak danych,Brak danych,74 m²,4 pokoje,Brak danych
1599,Enso Wilanów,17 587 zł,Warszawa,Wilanów,126 m²,5 pokoje,Brak danych
1600,Teatralna 3,900 zł,Sosnowiec,Śródmieście,80 m²,4 pokoje,Brak danych
1601,Sprzedam mieszkanie 2 pokojowe ul. Strachocińska,489 000 zł,Wrocław,Pole,43.27 m²,2 pokoje,2 piętro
1602,"Zadbane, w pełni umeblowane 3 pokojowe mieszkanie w okolicach Emki",445 000 zł,Koszalin,Wąwozowa,59 m²,3 pokoje,3 piętro
1603,Bezczynszowe mieszkanie 1 Maja,397 000 zł,Brak danych,Brak danych,61 m²,3 pokoje,1 piętro
1604,"Chartowo Tower / 44,5 mkw / 2 pokoje",519 000 zł,Poznań,Miasto,44.5 m²,2 pokoje,10 piętro
1605,"Bez prowizji-2 pokoje na ul. Spółdzielców, 37m2- urządzone",549 000 zł,Kraków,Prokocim,37 m²,2 pokoje,4 piętro
1606,Nowoczesne komfortowe M3 z balkonem,659 000 zł,Brak danych,Brak danych,58.01 m²,3 pokoje,2 piętro
1607,os. Piastowskie 10 / Po Remoncie / 0%,499 000 zł,Poznań,Miasto,44 m²,2 pokoje,4 piętro
1608,Przytulne 3 pokoje z tarasem na Saskiej Kępie,141 067 500 zł,Warszawa,Południe,61 m²,3 pokoje,5 piętro
1609,M3 przy Szpitalu Kopernika idealne pod wynajem!,339 000 zł,Łódź,Górna,47.8 m²,2 pokoje,9 piętro
1610,Nowe komfortowe M3 wykończone z balkonem,729 000 zł,Brak danych,Brak danych,64.49 m²,3 pokoje,2 piętro
1611,REZERWACJA - Mieszkanie Zgorzelec,260 000 zł,Brak danych,Brak danych,42 m²,2 pokoje,3 piętro
1612,"M2 z aneksem 12 piętro, balkon, garaż",729 000 zł,Kraków,Czerwony,54.07 m²,2 pokoje,12 piętro
1613,Nowoczesne dwupoziomowe M4 z ogródkiem 0% prowizji,875 000 zł,Kraków,Dębniki,77.46 m²,4 pokoje,parter
1614,"Częstochowa, ul. Legnicka | Mieszkanie",575 000 zł,Częstochowa,Brak danych,72.59 m²,3 pokoje,1 piętro
1615,Nowoczesne 2 pokojowe z balkonem 0% prowizji i PCC,480 000 zł,Kraków,Dębniki,44.97 m²,2 pokoje,2 piętro
1616,"3 pokojowe, przestrzenne mieszkanie z klimatyzacją",757 000 zł,Kraków,Prokocim,63.1 m²,3 pokoje,2 piętro
1617,"2-pokojowe 36,09m2+ ogródek",505 260 zł,Kraków,Krzesławickie,36.09 m²,2 pokoje,parter
1618,"Bielszowice z ogródkiem, okazja !",377 900 zł,Ruda,Bielszowice,39 m²,1 pokoje,2 piętro
1619,"Mieszkanie 2- pokojowe ,38,7 m2, dwustronne, bez pośredników!",298 000 zł,Brak danych,Brak danych,38.7 m²,2 pokoje,1 piętro
1620,Przytulna kawalerka | miejsce postojowe | komórka,375 000 zł,Kraków,Prokocim,21.1 m²,1 pokoje,2 piętro
1621,Wyjątkowa Okazja w Lipcu! Rabaty od Dewelopera! !,"636 794,81 zł",Poznań,Miasto,63.01 m²,4 pokoje,4 piętro
1622,Sprawdź Promocję na to mieszkanie! Tylko w lipcu!,"700 362,94 zł",Poznań,Miasto,70.61 m²,4 pokoje,5 piętro
1623,Nowoczesne M4 z 2 łazienkami i z 2 balkonami,141 747 725 zł,Kraków,Podgórze,99.87 m²,4 pokoje,3 piętro
1624,Semiramis | mieszkanie 2-pok. | 105,533 403 zł,Katowice,Bogucice,45.59 m²,2 pokoje,6 piętro
1625,"Sprzedam mieszkanie, parter, 3 pokoje, 65,6m2, ul. Wojska Polskiego",270 000 zł,Brak danych,Brak danych,65.6 m²,3 pokoje,parter
1626,Piasta Park V​I | mieszkanie 3-pok. | G1-10,703 026 zł,Kraków,Mistrzejowice,49.86 m²,3 pokoje,2 piętro
1627,3-pokojowe mieszkanie 49m2 + balkon,478 464 zł,Brak danych,Brak danych,49.84 m²,3 pokoje,2 piętro
1628,Konstelacja - zamieszkaj pod swoją gwiazdą,201 140 000 zł,Brak danych,Brak danych,80 m²,4 pokoje,parter
1629,3-pokojowe mieszkanie 62m2 + ogródek Bez Prowizji,653 310 zł,Katowice,Józefowiec,62.22 m²,3 pokoje,parter
1630,2-pokojowe mieszkanie 41m2 + balkon Bez Prowizji,481 104 zł,Katowice,Józefowiec,41.12 m²,2 pokoje,4 piętro
1631,3-pokojowe mieszkanie 61m2 + balkon Bezpośrednio,674 630 zł,Katowice,Józefowiec,61.33 m²,3 pokoje,1 piętro
1632,Łepkowskiego | mieszkanie 3-pok. | 11 / M39,81 131 285 zł,Kraków,Czerwony,71.15 m²,3 pokoje,5 piętro
1633,2-pokojowe mieszkanie 35m2 Bez Pośredników,487 696 zł,Kraków,Podgórze,35.86 m²,2 pokoje,parter
1634,5 pokoi 72m2 os.Nałkowskich ul.Romera pietro 4z4 bez windy,569 000 zł,Lublin,Wrotków,72.5 m²,5 pokoje,4 piętro
1635,3-pokojowe mieszkanie 63m2 + balkon Bezpośrednio,693 131 zł,Katowice,Józefowiec,63.59 m²,3 pokoje,2 piętro
1636,2-pokojowe mieszkanie 41m2 + ogródek,544 960 zł,Kraków,Podgórze,41.6 m²,2 pokoje,parter
1637,4-pokojowe mieszkanie 84m2 + balkon Bez Prowizji,807 840 zł,Katowice,Józefowiec,84.15 m²,4 pokoje,2 piętro
1638,Nowe Mieszkanie 3-pok. na WOLI umeblowane + GARAŻ,161 541 500 zł,Warszawa,Wola,61.66 m²,3 pokoje,1 piętro
1639,Okazja najniższa cena Reden 2 Pakoje,326 000 zł,Brak danych,Brak danych,40.1 m²,2 pokoje,2 piętro
1640,Piękne mieszkanie 2 pokojowe z balkonem w doskonał,551 182 zł,Wrocław,Krzyki,43.23 m²,2 pokoje,2 piętro
1641,Nowe 4 pokoje ⭐ PARKING NAZIEMNY⭐ Obok Tczewa⭐Umów dni OTWARTE⭐,468 900 zł,Brak danych,Brak danych,65 m²,4 pokoje,Brak danych
1642,⭐Nowe 3 pokoje ⭐ M.Parkingowe/komórka⭐ Blisko TCZEWA⭐ DNI OTWARTE⭐,382 900 zł,Brak danych,Brak danych,49 m²,3 pokoje,Brak danych
1643,⭐Słoneczne 2 pokoje + obok Przystanek + Piękna Zielona OKOLICA ZOBACZ⭐,288 100 zł,Brak danych,Brak danych,37 m²,2 pokoje,Brak danych
1644,"3-pok. z balkonem, 46,5 m, Ochota, ul. Jasielska",670 000 zł,Warszawa,Ochota,46.5 m²,3 pokoje,4 piętro
1645,Piękne 3pokojowe mieszkanie z balkonem w spokojnej,587 315 zł,Wrocław,Siechnice,61.16 m²,3 pokoje,1 piętro
1646,3 pokojowe mieszkanie w świetnej lokalizacji,392 000 zł,Brak danych,Brak danych,64.6 m²,3 pokoje,1 piętro
1647,Ostatnie Gotowe Mieszkania _ obok UMEDU + Zgarnij RABAT NA PT-SB !,320 000 zł,Łódź,Śródmieście,33 m²,2 pokoje,Brak danych
1648,Kawalerka – 2 minuty pieszo od Parku Wilsona!,230 000 zł,Poznań,Grunwald,20.1 m²,1 pokoje,4 piętro
1649,"Przytulne mieszkanie w zielonej, spokojnej okolicy",499 000 zł,Lublin,Wrotków,51.1 m²,3 pokoje,3 piętro
1650,Na sprzedaż stylowe mieszkanie z widokiem na góry – Świeradów-Zdrój,595 000 zł,Brak danych,Brak danych,63.3 m²,2 pokoje,1 piętro
1651,Najtańsze 4 pokoje + OGRÓD 60M2 + GARAŻ/BOKS + Umów DNI OTWARTE,615 900 zł,Łódź,Śródmieście,72 m²,4 pokoje,parter
1652,⭐Zaraz Gotowe 3 pokoje + GARAŻ/BOKS + Zgarnij dod-BONUS + DNI OTWARTE⭐,472 200 zł,Łódź,Śródmieście,55 m²,3 pokoje,Brak danych
1653,"Nowoczesne M3, atrakcyjna cena i super lokalizacja",798 768 zł,Kraków,Dębniki,55.47 m²,3 pokoje,1 piętro
1654,"3-pokojowe mieszkanie 51,42m2+ ogródek",668 460 zł,Kraków,Krzesławickie,51.42 m²,3 pokoje,parter
1655,3 zadbane pok - Grunwald/ NISKI BLOK,499 000 zł,Poznań,Grunwald,47.9 m²,3 pokoje,3 piętro
1656,Piękne 4 pokojowe mieszkanie przy Malcie widok na zieleń,211 029 000 zł,Poznań,Miasto,75.79 m²,4 pokoje,parter
1657,2 Pokoje Do Wprowadzenia. Dębowe Tarasy !,465 000 zł,Katowice,Dąb,36.37 m²,2 pokoje,6 piętro
1658,Podgórze/Piaski ul. Łużycka - duże i ładne!,899 000 zł,Warszawa,Brak danych,100.32 m²,3 pokoje,3 piętro
1659,"Mieszkanie 1-pokojowe w Zabrzu, niska cena",584 900 zł,Zabrze,Biskupice,34.01 m²,1 pokoje,1 piętro
1660,Słoneczny apartament nad Zalewem Kamieńskim,465 000 zł,Brak danych,Brak danych,49.1 m²,2 pokoje,1 piętro
1661,"Przytulne mieszkanie 33m2, Bielsko-Biała, Drzymały 3",349 000 zł,Bielsko-Biała,Brak danych,33.38 m²,2 pokoje,3 piętro
1662,Gotowe 4 pokoje + 12Min STARÓWKA + Parking + UMÓW ZOBACZ,677 000 zł,Gdańsk,Łostowice,75 m²,4 pokoje,Brak danych
1663,Moderno Łobzów,744 000 zł,Kraków,Krowodrza,83 m²,4 pokoje,Brak danych
1664,⭐️ Widok na Sady Żoliborskie! | 7 piętro | piwnica,520 000 zł,Warszawa,Żoliborz,26.6 m²,1 pokoje,7 piętro
1665,"3 pokoje, balkon, przeszklenia – Wola Justowska, u",131 350 000 zł,Kraków,Zwierzyniec,67.89 m²,3 pokoje,2 piętro
1666,"Wolne od zaraz! Super lokalizacja! Dwustronne, Balkon!",769 000 zł,Warszawa,Wola,45 m²,3 pokoje,5 piętro
1667,3 pokoje | 13 piętro | balkon ⭐️,720 000 zł,Warszawa,Bielany,56.8 m²,3 pokoje,13 piętro
1668,3-pokojowe mieszkanie 63m2 + balkon Bezpośrednio,693 131 zł,Katowice,Józefowiec,63.59 m²,3 pokoje,2 piętro
1669,Sprzedam przechodnie mieszkanie do remontu.,160 000 zł,Wrocław,Brak danych,54 m²,2 pokoje,1 piętro
1670,"Bez prowizji-2 pokoje na ul. Spółdzielców, 37m2- urządzone",549 000 zł,Kraków,Prokocim,37 m²,2 pokoje,4 piętro
1671,WYJĄTKOWE M4 | Balkon 55m2 | Trzystronne | Harmonogram 20/80!,853 600 zł,Katowice,Bogucice,85.36 m²,4 pokoje,4 piętro
1672,Wysoki standard ! Widok na Park! Fort Forest !,111 277 000 zł,Gdynia,Wiczlino,76.8 m²,3 pokoje,2 piętro
1673,Sprzedam mieszkanie na Szeligowskiego w Koninie,180 000 zł,Brak danych,Brak danych,33.8 m²,1 pokoje,9 piętro
1674,4 POKOJOWE ✅ Nowe od dewelopera ✅ PARK SLĄSKI 2 ✅ Klucze w tym roku!,782 595 zł,Katowice,Józefowiec,84.15 m²,4 pokoje,1 piętro
1675,Apartamenty Gruntowa - dwupoziomowe mieszkanie.,530 000 zł,Tarnów,Brak danych,76.38 m²,4 pokoje,1 piętro
1676,OGRÓDEK 107m2 ✅ Park Wełnowiecki 7 min ✅ OSTATNIE takie!,536 130 zł,Katowice,Józefowiec,46.62 m²,3 pokoje,parter
1677,JEDYNE TAKIE ✅ Własny ogródek 200m2 ✅ Inwestycja deweloperska!,866 547 zł,Brak danych,Brak danych,87.53 m²,5 pokoje,parter
1678,OSTATNIE | Gotowe do odbioru | Obejrzyj i odbierz klucze!,607 422 zł,Chorzów,Centrum,66.93 m²,4 pokoje,3 piętro
1679,Funkcjonalne na Teofilowie,315 000 zł,Łódź,Bałuty,37.48 m²,2 pokoje,4 piętro
1680,"2-pokojowe 34,79m2+ ogródek",487 060 zł,Kraków,Krzesławickie,34.79 m²,2 pokoje,parter
1681,Dwupokojowe mieszkanie z osobną jasną kuchnią w bloku z lat 60-tych,639 000 zł,Kraków,Grzegórzki,37.32 m²,2 pokoje,1 piętro
1682,"3 pokoje, 2 balkony, 2 miejsca post., LAS 5 min.",970 000 zł,Poznań,Grunwald,68.6 m²,3 pokoje,2 piętro
1683,Dwupokojowe mieszkanie z tarasem i widokiem na Wisłę w Pianissimo,201 090 000 zł,Kraków,Grzegórzki,37.01 m²,2 pokoje,parter
1684,CLoU Lindego,903 612 zł,Kraków,Bronowice,101 m²,4 pokoje,Brak danych
1685,"Kowalove | Zielona okolica, balkon | C10",499 000 zł,Gdańsk,Brak danych,56.22 m²,3 pokoje,1 piętro
1686,Apartamenty Berensona 4,847 320 zł,Warszawa,Białołęka,75 m²,4 pokoje,Brak danych
1687,ODLICZ VAT 23% | Własny ogródek + taras | Oferta ograniczona!,502 538 zł,Gdańsk,Letnica,33.04 m²,2 pokoje,parter
1688,WYJĄTKOWE M4 | Balkon 55m2 | Trzystronne | Harmonogram 20/80!,853 600 zł,Katowice,Bogucice,85.36 m²,4 pokoje,4 piętro
1689,"Nowoczesna kawalerka ul. Wolska 165, budynek 2019",419 999 zł,Warszawa,Wola,21.52 m²,1 pokoje,2 piętro
1690,"Mieszkanie Kraków , Grzegórzki al.Pokoju ,63,3m",839 999 zł,Kraków,Brak danych,63.3 m²,3 pokoje,5 piętro
1691,"Sprzedam mieszkanie, parter, 3 pokoje, 65,6m2, ul. Wojska Polskiego",270 000 zł,Brak danych,Brak danych,65.6 m²,3 pokoje,parter
1692,"Mieszkanie, Wrocław, Muchobór Wielki, 56m2, balkon",629 000 zł,Wrocław,Mieszkanie,56 m²,2 pokoje,2 piętro
1693,"Nowość Mieszkanie z ogródkiem i 2 garażami,Głogów",499 000 zł,Brak danych,Brak danych,66.8 m²,3 pokoje,parter
1694,3 pokojowe mieszkanie na Włochach,939 000 zł,Warszawa,Włochy,67.1 m²,3 pokoje,2 piętro
1695,OD POŁUDNIA ⭐ Apartament inwestycyjny VAT 23% ⭐ 4 piętro!,541 218 zł,Gdańsk,Przeróbka,38.04 m²,2 pokoje,4 piętro
1696,"mieszkanie blisko morza, dla rodziny",51 153 600 zł,Gdańsk,Letnica,82.4 m²,4 pokoje,6 piętro
1697,"mieszkanie blisko morza, dla rodziny",991 800 zł,Gdańsk,Letnica,68.4 m²,3 pokoje,5 piętro
1698,3 pokoje blisko plaży,759 900 zł,Gdańsk,Stogi,61.63 m²,3 pokoje,1 piętro
1699,Apartamenty Premium | Basen| Piękny Widok na Morze i Jezioro,481 000 zł,Brak danych,Brak danych,38 m²,2 pokoje,parter
1700,3 pokoje blisko plaży,629 900 zł,Gdańsk,Stogi,43.84 m²,3 pokoje,1 piętro
1701,"3 pokoje w centrum miasta, wysoki standard, HG",111 399 000 zł,Gdańsk,Śródmieście,60 m²,3 pokoje,2 piętro
1702,Ostatnie 59m2 mieszkanie z dużym ogrodem!,421 975 zł,Brak danych,Brak danych,58.95 m²,3 pokoje,parter
1703,Przestronna kawalerka z balkonem | do zamieszkania,159 000 zł,Brak danych,Brak danych,26.5 m²,1 pokoje,10 piętro
1704,Uwaga:3 pokoje z dodatkową powierzchnią w cenie,743 060 zł,Szczecin,Śródmieście,70.1 m²,3 pokoje,5 piętro
1705,"Mieszkanie w cent. Opoczna, 32 m2, na sprzedaż",215 000 zł,Brak danych,Brak danych,32.49 m²,2 pokoje,1 piętro
1706,"Przestronne, w pełnym rozkładzie 3 pok z balkonem.",710 000 zł,Wrocław,Fabryczna,61.2 m²,3 pokoje,1 piętro
1707,Pruszków os. B. Prusa 74m2 I piętro,850 000 zł,Brak danych,Brak danych,74 m²,3 pokoje,1 piętro
1708,Mieszkanie Złotnicka,630 000 zł,Wrocław,Fabryczna,55 m²,2 pokoje,3 piętro
1709,Ciche M3/ 500m od Politechniki,329 000 zł,Częstochowa,Tysiąclecie,38 m²,2 pokoje,3 piętro
1710,Fordon-Łochowskiego 4 / 2 pokoje / 49m2 / od zaraz,349 000 zł,Bydgoszcz,Fordon,49.2 m²,2 pokoje,9 piętro
1711,"Nowolipki, 2-poziomowe, obok Śródmieścia",171 095 000 zł,Warszawa,Wola,62.18 m²,3 pokoje,6 piętro
1712,"Kamienica, 3/4 pokoje, h=280, do remontu",799 900 zł,Warszawa,Wola,60.4 m²,4 pokoje,3 piętro
1713,Mieszkanie z klimatem,544 900 zł,Gdańsk,Śródmieście,33.36 m²,2 pokoje,2 piętro
1714,!!!! PO Generalnym Remoncie - 50 m DO Metra!!!!,758 000 zł,Warszawa,Bielany,47.5 m²,3 pokoje,4 piętro
1715,Sprzedaż Mieszkania (Osiedle Zamknięte),450 000 zł,Płock,Brak danych,42 m²,2 pokoje,3 piętro
1716,Nowoczesne osiedle z widokiem na park i zieleń,141 295 000 zł,Warszawa,Targówek,76.5 m²,3 pokoje,1 piętro
1717,Widok na Motławę i Spa,899 000 zł,Gdańsk,Śródmieście,39 m²,2 pokoje,3 piętro
1718,M po kapitalnym remoncie Widna oddzielna kuchnia,730 500 zł,Warszawa,Bielany,47 m²,3 pokoje,3 piętro
1719,M3 z balkonem | C.o i C.w.u z miasta,239 000 zł,Bytom,Brak danych,55.8 m²,2 pokoje,parter
1720,2-pokoje*2-piętro*Piasta*,309 000 zł,Białystok,Brak danych,32.3 m²,2 pokoje,2 piętro
1721,Mieszkanie + Garaż + miejsce postojowe + duża piwnica,399 000 zł,Brak danych,Brak danych,50.18 m²,1 pokoje,3 piętro
1722,"4-pokojowe mieszkanie 64,89m2+ogródek",811 125 zł,Kraków,Krzesławickie,64.89 m²,4 pokoje,parter
1723,Takt Lirników,14 189 zł,Kraków,Duchackie,82 m²,4 pokoje,Brak danych
1724,Przestronne 3-pokojowe mieszkanie z klimatyzacją – świetna lokalizacja,349 000 zł,Brak danych,Brak danych,47 m²,3 pokoje,4 piętro
1725,Cena do negocjacji! Przestronne 3-pokojowe mieszkanie z balkonem,295 000 zł,Jastrzębie,Turystyczna,57.91 m²,3 pokoje,2 piętro
1726,Atrakcyjne mieszkanie budynek z windą,390 000 zł,Brak danych,Brak danych,42.35 m²,2 pokoje,3 piętro
1727,Centralna II,11 000 zł,Kraków,Czyżyny,142 m²,4 pokoje,Brak danych
1728,2-pokojowe mieszkanie 45m2 + ogródek Bez Prowizji,730 000 zł,Kraków,Duchackie,45.66 m²,2 pokoje,parter
1729,Apartament przy Promenadzie Gwiazd,795 000 zł,Brak danych,Brak danych,43.76 m²,2 pokoje,10 piętro
1730,4 pokoje I Funkcjonalny rozkład I Blisko centrum,419 000 zł,Białystok,Piaski,59.8 m²,4 pokoje,5 piętro
1731,Nowoczesny apartament z 2-ma tarasami,211 890 000 zł,Warszawa,Południe,101.69 m²,3 pokoje,3 piętro
1732,"Mieszkanie Wrocław 41,40 m2 Parking Ogród Stylowe 2 pok. 546 000 PLN",546 000 zł,Wrocław,Brak danych,41.4 m²,2 pokoje,parter
1733,2 pokoje | Centrum | Widok na park | Kielce,330 000 zł,Kielce,Brak danych,42 m²,2 pokoje,10 piętro
1734,Moderno Łobzów,744 000 zł,Kraków,Krowodrza,83 m²,4 pokoje,Brak danych
1735,3-pokojowe mieszkanie w centrum Pruszkowa,535 000 zł,Brak danych,Brak danych,47 m²,3 pokoje,3 piętro
1736,2-pokojowe *Fabryczna* parter,359 000 zł,Białystok,Sienkiewicza,48.6 m²,2 pokoje,parter
1737,Jeden z ostatnich apartamentów! | 3 pokoje,"171 484 089,43 zł",Gdańsk,Brak danych,56.82 m²,3 pokoje,1 piętro
1738,Okazja | Promocyjna oferta | Apartament premium,568 292 zł,Gdańsk,Sobieszewska,36.48 m²,2 pokoje,1 piętro
1739,Kilka kroków od plaży | Basen! | Wysoki standard,774 500 zł,Gdańsk,Sobieszewska,43.5 m²,2 pokoje,parter
1740,3 pokoje | Wyjątkowy taras | Widok na Warszawę,111 320 000 zł,Warszawa,Bemowo,72.5 m²,3 pokoje,5 piętro
1741,2 pokoje dzielnica Tysiąclecie,295 000 zł,Gdańsk,Brak danych,45.8 m²,2 pokoje,4 piętro
1742,"3 Pokoje 65 m2, dzielnica Wyczerpy, Kontkiewicza",415 000 zł,Częstochowa,Aniołów,65 m²,3 pokoje,2 piętro
1743,Dwa pokoje M3 ul. Stryjeńskiej w Centrum I piętro,271 000 zł,Częstochowa,Śródmieście,45.21 m²,2 pokoje,1 piętro
1744,Sprzedam/zamienię 2pok. + GARDEROBA ul. Mazowieckiego 47m2 obok PKP,370 000 zł,Radom,Ustronie,46.52 m²,2 pokoje,7 piętro
1745,"Przestronne 3 pokoje, 2 balkony, 2 windy",750 000 zł,Warszawa,Białołęka,60 m²,3 pokoje,5 piętro
1746,"3 niezależne pok. 61m2*Dywizjonu 303* zieleń,cisza",759 000 zł,Kraków,Czyżyny,60.6 m²,3 pokoje,1 piętro
1747,"4 pokoje, kuchnia, balkon, cicho i zielono",695 000 zł,Wrocław,Siechnice,72 m²,4 pokoje,parter
1748,"3 pokoje, wysoki standard, balkon, garaż",890 000 zł,Wrocław,Krzyki,60 m²,3 pokoje,2 piętro
1749,2-pokojowe mieszkanie 36m2 + ogródek Bez Prowizji,749 000 zł,Kraków,Biały,36.44 m²,2 pokoje,parter
1750,2 pokojowe mieszkanie w odrestaurowanej kamienicy,289 000 zł,Szczecin,Śródmieście,37.63 m²,2 pokoje,2 piętro
1751,"Duże mieszkanie z garażem, wiatą i ogródkiem ! !",285 000 zł,Brak danych,Brak danych,71.5 m²,3 pokoje,1 piętro
1752,LSM mieszkanie 2 pok do remontu.,419 000 zł,Lublin,Rury,44.8 m²,2 pokoje,parter
1753,Centralna II,11 000 zł,Kraków,Czyżyny,142 m²,4 pokoje,Brak danych
1754,❗️PROMOCJA❗️PONIŻEJ 10k/m2✅Dwustr. M4✅Łaź+WC✅Aneks z oknem✅INNE PIETRA,692 419 zł,Poznań,Miasto,70.6 m²,4 pokoje,1 piętro
1755,"Piękne, 3-pokojowe, ul Zaczarowane Koło - Bronowice",899 000 zł,Kraków,Bronowice,56 m²,3 pokoje,4 piętro
1756,Nowe Mieszkanie Mogilska Tower z pięknym widokiem,920 000 zł,Kraków,Grzegórzki,54.43 m²,2 pokoje,10 piętro
1757,Piątkowo | 3 pokoje | Parter z balkonem i windą,529 000 zł,Poznań,Miasto,44 m²,3 pokoje,parter
1758,Wrocławski Rynek ul. Kotlarska | 3 osobne pokoje + kuchnia,675 000 zł,Wrocław,Brak danych,50 m²,3 pokoje,3 piętro
1759,Słoneczne mieszkanie z balkonem w doskonałej lokalizacji,425 000 zł,Gdynia,Radiostacja,43.2 m²,2 pokoje,2 piętro
1760,"Wyjątkowe 6-pok mieszkanie, 2 balkony, Grunwald",211 700 000 zł,Poznań,Grunwald,130.57 m²,6 pokoje,6 piętro
1761,"Kalwaryjska, klasyczny styl przy Rynku Podgórskim",151 130 000 zł,Kraków,Podgórze,75.6 m²,2 pokoje,2 piętro
1762,3 pokoje plus loggia na Bemowie! Blisko metra!,991 764 zł,Warszawa,Bemowo,61 m²,3 pokoje,1 piętro
1763,"5 pokoi, mieszkanie/dom, garaż, Słupno, Spacerowa",990 000 zł,Brak danych,Brak danych,127 m²,5 pokoje,1 piętro
1764,Gotowe trzypokojowe mieszkanie przy ulicy Uroczej,674 000 zł,Rzeszów,Drabinianka,56.66 m²,3 pokoje,1 piętro
1765,KrakoVska 2 | mieszkanie 3-pok. | M52,754 985 zł,Rzeszów,Przybyszówka,58.3 m²,3 pokoje,6 piętro
1766,Panorama Struga | mieszkanie 3-pok. | E_108,438 429 zł,Radom,Potokiem,49.54 m²,3 pokoje,9 piętro
1767,2-pokojowe mieszkanie 35m2 + loggia,577 431 zł,Kraków,Biały,35.12 m²,2 pokoje,1 piętro
1768,Jemiołuszki Park| mieszkanie 4-pok. | M43,656 100 zł,Lublin,Południowy,65.61 m²,4 pokoje,3 piętro
1769,Ludowa Park | mieszkanie 3-pok. | B_M05,550 221 zł,Brak danych,Brak danych,55.86 m²,3 pokoje,parter
1770,Rezydencja Świerkowa | mieszkanie 3-pok. | 5,456 204 zł,Radom,Ustronie,54.31 m²,3 pokoje,parter
1771,Ziębicka 30 | mieszkanie 2-pok. | 2_3_01,691 569 zł,Poznań,Grunwald,53.61 m²,2 pokoje,2 piętro
1772,1-pokojowe mieszkanie 14m2 Bezpośrednio,245 900 zł,Poznań,Miasto,14.38 m²,1 pokoje,2 piętro
1773,3-pokojowe mieszkanie 60m2 + 2 ogródki,621 177 zł,Poznań,Grunwald,60.9 m²,3 pokoje,parter
1774,Chmielna Duo | mieszkanie 1-pok. | B1.61,101 281 000 zł,Warszawa,Wola,36.39 m²,1 pokoje,4 piętro
1775,3-pokojowe mieszkanie z możliwością 4 pokoju,475 000 zł,Lublin,Bronowice,60.69 m²,4 pokoje,3 piętro
1776,3-pokojowe mieszkanie 54m2 + ogródek,688 919 zł,Warszawa,Białołęka,54.46 m²,3 pokoje,parter
1777,2 pokojowe na Bemowie. Tylko u nas!!,650 000 zł,Warszawa,Bemowo,50.3 m²,2 pokoje,3 piętro
1778,Nowe Mieszkanie Mogilska Tower z pięknym widokiem,920 000 zł,Kraków,Grzegórzki,54.43 m²,2 pokoje,10 piętro
1779,"Przestronne i funkcjonalne mieszkanie na Gocławiu, 71,2m2, 3 pokoje",211 375 000 zł,Warszawa,Południe,71.2 m²,3 pokoje,4 piętro
1780,Atrakcyjne mieszkanie - PARTER,415 000 zł,Brak danych,Brak danych,35 m²,2 pokoje,parter
1781,3-pokojowe mieszkanie 51m2 + ogródek Bez Prowizji,479 000 zł,Łódź,Górna,51.15 m²,3 pokoje,parter
1782,K​W͏A​D​R͏A​T I​I | mieszkanie 4-pok. | M9,651 360 zł,Rzeszów,Drabinianka,67.85 m²,4 pokoje,2 piętro
1783,4-pokojowe mieszkanie 77m2 + ogródek,547 055 zł,Brak danych,Brak danych,77.05 m²,4 pokoje,parter
1784,Czysta 4 | mieszkanie 2-pok. | 01_20,101 069 376 zł,Wrocław,Miasto,49.28 m²,2 pokoje,parter
1785,3-pokojowe mieszkanie 61m2 + balkon Bez Prowizji,759 981 zł,Gdynia,Cisowa,61.55 m²,3 pokoje,3 piętro
1786,Apartamenty Zacisze | mieszkanie 3-pok. | B3.1,602 970 zł,Bielsko-Biała,Wapienica,59.7 m²,3 pokoje,parter
1787,1-pokojowe mieszkanie 27m2 + ogródek,363 768 zł,Gdańsk,Jasień,27.92 m²,1 pokoje,1 piętro
1788,3-pokojowe mieszkanie 57m2 + ogródek Bezpośrednio,603 500 zł,Brak danych,Brak danych,57.1 m²,3 pokoje,parter
1789,"Panorama Park – prestiż, spokój i zieleń",745 860 zł,Ruda,Maków,80.2 m²,3 pokoje,1 piętro
1790,Koncertowe Wzgórze | mieszkanie 3-pok. | B2_45,571 727 zł,Lublin,Północny,57.23 m²,3 pokoje,parter
1791,1-pokojowe mieszkanie 28m2 + balkon Bez Prowizji,391 368 zł,Warszawa,Białołęka,28.36 m²,1 pokoje,1 piętro
1792,K​W͏A​D​R͏A​T I​I | mieszkanie 4-pok. | M9,651 360 zł,Rzeszów,Drabinianka,67.85 m²,4 pokoje,2 piętro
1793,Sprzedam mieszkanie na osiedlu Marysin okolice ul. Wycieczkowej,782 000 zł,Łódź,Bałuty,68 m²,3 pokoje,Brak danych
1794,"Mieszkanie 3 pokojowe; 55,7 m2; po remoncie",320 000 zł,Radom,Pionki,55.7 m²,3 pokoje,parter
1795,"Zadbane, w pełni umeblowane 3 pokojowe mieszkanie w okolicach Emki",445 000 zł,Koszalin,Wąwozowa,59 m²,3 pokoje,3 piętro
1796,2-pokojowe mieszkanie 43m2 + loggia,624 225 zł,Kraków,Biały,43.05 m²,2 pokoje,parter
1797,Pod Klonami | Oferta Specjalna | A.0.03,564 375 zł,Brak danych,Brak danych,53.75 m²,3 pokoje,parter
1798,Kolejova 1 | mieszkanie 2-pok. | B.01.04,723 360 zł,Poznań,Wilda,54.8 m²,2 pokoje,1 piętro
1799,Osiedle Linea | mieszkanie 3-pok. | B_L​G_7_7,434 537 zł,Poznań,Buk,54.17 m²,3 pokoje,1 piętro
1800,4-pokojowe mieszkanie 71m2 + ogródek Bez Prowizji,91 016 578 zł,Kraków,Biały,71.59 m²,4 pokoje,parter
1801,2-pokojowe mieszkanie 47m2 + balkon Bezpośrednio,969 192 zł,Warszawa,Wilanów,47.25 m²,2 pokoje,2 piętro
1802,2-pokojowe mieszkanie 31m2 + balkon,382 000 zł,Gdańsk,Jasień,31.08 m²,2 pokoje,3 piętro
1803,4-pokojowe mieszkanie 62m2 + balkon Bez Prowizji,592 176 zł,Poznań,Jeżyce,62.4 m²,4 pokoje,5 piętro
1804,Słoneczny Nowy Otok | mieszkanie 3-pok. | 13C,425 420 zł,Brak danych,Brak danych,47.8 m²,3 pokoje,1 piętro
1805,4-pokojowe mieszkanie 78m2 + 2 ogródki,625 000 zł,Brak danych,Brak danych,78.92 m²,4 pokoje,parter
1806,3-pokojowe mieszkanie 60m2 + balkon,819 000 zł,Brak danych,Brak danych,60.8 m²,3 pokoje,1 piętro
1807,2-pokojowe mieszkanie 50m2 + balkon Bezpośrednio,464 876 zł,Sosnowiec,Śródmieście,50.53 m²,2 pokoje,2 piętro
1808,4-pokojowe mieszkanie 66m2 + balkon Bezpośrednio,683 800 zł,Poznań,Jeżyce,66.46 m²,4 pokoje,3 piętro
1809,4-pokojowe mieszkanie 80m2 + balkon,832 416 zł,Poznań,Grunwald,80.04 m²,4 pokoje,5 piętro
1810,ul. Powstańców | mieszkanie 3-pok. | E 9,801 370 zł,Kraków,Mistrzejowice,63.1 m²,3 pokoje,2 piętro
1811,2-pokojowe mieszkanie 43m2 + loggia,624 225 zł,Kraków,Biały,43.05 m²,2 pokoje,parter
1812,4 pokoi / balkon/ogrodzona działka /GARAŻ /parking / STUDIO przyziemi,700 000 zł,Słupsk,Włodkowica,111.7 m²,4 pokoje,1 piętro
1813,Apartamenty Kopernika | mieszkanie 2-pok. | C_M08,386 592 zł,Tychy,Honorata,40.27 m²,2 pokoje,parter
1814,3-pokojowe mieszkanie 54m2 + ogródek Bez Prowizji,793 295 zł,Kraków,Biały,54.71 m²,3 pokoje,parter
1815,4-pokojowe mieszkanie 73m2 + balkon Bezpośrednio,723 436 zł,Katowice,Józefowiec,73.82 m²,4 pokoje,1 piętro
1816,2-pokojowe mieszkanie 42m2 + balkon Bez Prowizji,443 400 zł,Gdańsk,Kolbudy,42.39 m²,2 pokoje,1 piętro
1817,2-pokojowe mieszkanie 39m2 + balkon Bez Prowizji,458 214 zł,Brak danych,Brak danych,39.76 m²,2 pokoje,1 piętro
1818,4-pokojowe mieszkanie 66m2 + 2 balkony,925 146 zł,Kraków,Dębniki,66.61 m²,4 pokoje,1 piętro
1819,Nowa Legnica | mieszkanie 2-pok. | 11,338 000 zł,Legnica,Brak danych,40.64 m²,2 pokoje,1 piętro
1820,"Mieszkanie 34 m kw, 2- pokojowe, miejsce postojowe",469 000 zł,Brak danych,Brak danych,33.9 m²,2 pokoje,2 piętro
1821,Osiedle przy Azalii | mieszkanie 3-pok. | B21,507 500 zł,Brak danych,Brak danych,73.56 m²,3 pokoje,2 piętro
1822,Osiedle Łagody | Apartament C6.4 | 93m2,695 452 zł,Brak danych,Brak danych,93.98 m²,3 pokoje,6 piętro
1823,3-pokojowe mieszkanie 50m2 + balkon,697 288 zł,Wrocław,Fabryczna,50.99 m²,3 pokoje,2 piętro
1824,"Na sprzedaż mieszkanie w kamienicy – Kętrzyn, ul. Daszyńskiego",209 000 zł,Brak danych,Brak danych,47.8 m²,2 pokoje,parter
1825,Daszyńskiego Square | Oferta Specjalna | B.1.69,563 004 zł,Brak danych,Brak danych,48.12 m²,1 pokoje,1 piętro
1826,"2 Pokoje z balkonem - cicho, kameralnie, idealnie!",650 000 zł,Warszawa,Białołęka,41 m²,2 pokoje,2 piętro
1827,"‼️4 pokoje + Hala Garażowa, obok Ursus Factory‼️ + Duży Rabat",781 500 zł,Warszawa,Ursus,60.01 m²,4 pokoje,1 piętro
1828,Luksusowy Apartament w kompleksie Onyx AquaMarina.,470 000 zł,Brak danych,Brak danych,23.6 m²,1 pokoje,1 piętro
1829,OSTATNIE PIĘTRO - PIĘKNY WIDOK - TRAMWAJ - PARKING GRATIS,744 200 zł,Wrocław,Krzyki,56.6 m²,3 pokoje,8 piętro
1830,Mieszkanie 2 pokoje + piwnica 60m2,540 000 zł,Warszawa,Rembertów,48.5 m²,2 pokoje,1 piętro
1831,Przestronne słoneczne mieszkanie 3 pokojowe,249 000 zł,Brak danych,Brak danych,87 m²,3 pokoje,parter
1832,2-pokojowe mieszkanie 44m2 + loggia Bez Prowizji,899 200 zł,Kraków,Czerwony,44.06 m²,2 pokoje,8 piętro
1833,5-pokojowe mieszkanie 137m2 + 2 tarasy,91 589 000 zł,Kraków,Biały,137.4 m²,5 pokoje,1 piętro
1834,Nowa 32 | mieszkanie 2-pok. | 22,392 700 zł,Kielce,Śródmieście,33 m²,2 pokoje,3 piętro
1835,1-pokojowe mieszkanie 28m2 + balkon,281 000 zł,Brak danych,Brak danych,28.72 m²,1 pokoje,4 piętro
1836,4-pokojowe mieszkanie 86m2 + 2 balkony,954 975 zł,Kraków,Krzesławickie,86.74 m²,4 pokoje,3 piętro
1837,"Zabrze, Centrum, Os. Dzierżona, Janek",325 000 zł,Zabrze,Brak danych,43 m²,2 pokoje,parter
1838,3-pokojowe mieszkanie 56m2 + balkon Bezpośrednio,648 600 zł,Wrocław,Pole,56.4 m²,3 pokoje,3 piętro
1839,3-pokojowe mieszkanie 58m2 Bezpośrednio,582 516 zł,Lublin,Kośminek,58.31 m²,3 pokoje,2 piętro
1840,ul. Stawowa | mieszkanie 4-pok. | 2.2,101 087 500 zł,Kraków,Biały,72.5 m²,4 pokoje,parter
1841,2-pokojowe mieszkanie 43m2 + balkon Bez Prowizji,433 155 zł,Chorzów,Maja,43.1 m²,2 pokoje,2 piętro
1842,ul. Glogera | mieszkanie 5-pok. | G_32,101 476 530 zł,Kraków,Biały,95.26 m²,5 pokoje,3 piętro
1843,Luksusowy Apartament w kompleksie Onyx AquaMarina.,470 000 zł,Brak danych,Brak danych,23.6 m²,1 pokoje,1 piętro
1844,Przestronne 3-pokojowe mieszkanie,349 000 zł,Brak danych,Brak danych,49.63 m²,3 pokoje,parter
1845,2-pokojowe mieszkanie w spokojnej okolicy - bez pośredników,310 000 zł,Brak danych,Brak danych,39 m²,2 pokoje,1 piętro
1846,Mieszkanie Kórnik Radzewo,459 000 zł,Poznań,Kórnik,80.51 m²,4 pokoje,Brak danych
1847,Diamentowe Tarasy | ustawne mieszkanie D/M27,388 211 zł,Lublin,Wrotków,38.86 m²,2 pokoje,2 piętro
1848,Wilkońskich 3 | mieszkanie 2-pok. | A_m.22,565 488 zł,Poznań,Jeżyce,44 m²,2 pokoje,1 piętro
1849,3-pokojowe mieszkanie 67m2 Bez Pośredników,457 912 zł,Brak danych,Brak danych,67.35 m²,3 pokoje,3 piętro
1850,4 pokoje na strzeżonym osiedlu w Brwinowie_Centrum,940 000 zł,Brak danych,Brak danych,86 m²,4 pokoje,2 piętro
1851,3-pokojowe mieszkanie 57m2 + balkon,597 584 zł,Brak danych,Brak danych,57.46 m²,3 pokoje,1 piętro
1852,"1_3 | 3-pokojowe mieszkanie 62,02 m2 + loggia",528 650 zł,Brak danych,Brak danych,62.02 m²,3 pokoje,1 piętro
1853,Dobry Poranek | mieszkanie 3-pok. | E.2.10,627 300 zł,Brak danych,Brak danych,60 m²,3 pokoje,2 piętro
1854,Pilotów 21 | mieszkanie 1-pok. | C/44,687 988 zł,Gdańsk,Młyniec,36.69 m²,1 pokoje,5 piętro
1855,4 pokoje | ul. Chabrowa | Klimatyzacja | Taras | miejsca postojowe,969 000 zł,Wrocław,Kobierzyce,85.95 m²,4 pokoje,1 piętro
1856,Ville Garden | mieszkanie 3-pok. | C.31,101 734 258 zł,Katowice,Panewniki,99.67 m²,3 pokoje,4 piętro
1857,4-pokojowe mieszkanie 76m2 + ogródek Bez Prowizji,871 092 zł,Wrocław,Fabryczna,76.1 m²,4 pokoje,parter
1858,Łagodna Apartamenty | mieszkanie 3-pok. | B_3,673 413 zł,Bielsko-Biała,Łany,72.41 m²,3 pokoje,parter
1859,3-pokojowe mieszkanie 57m2 + balkon,525 070 zł,Wrocław,Długołęka,57.7 m²,3 pokoje,1 piętro
1860,"2 pokoje w kamienicy, Stary Mokotów, winda",151 270 000 zł,Warszawa,Mokotów,53 m²,2 pokoje,5 piętro
1861,4-pokojowe mieszkanie 63m2 + balkon,91 035 884 zł,Warszawa,Bielany,63.68 m²,4 pokoje,5 piętro
1862,Ultradom | mieszkanie 1-pok. | M027,232 388 zł,Radom,Brak danych,28.34 m²,1 pokoje,1 piętro
1863,3-pokojowe mieszkanie 58m2 + loggia,91 370 000 zł,Warszawa,Wola,58.16 m²,3 pokoje,5 piętro
1864,Diamentowe Tarasy | ustawne mieszkanie D/M27,388 211 zł,Lublin,Wrotków,38.86 m²,2 pokoje,2 piętro
1865,MEGA PROMOCJA❗️Klucze JUŻ❗️Zielona Okolica✅M.Post w HALI G.✅Zadzwoń,599 659 zł,Poznań,Miasto,52 m²,3 pokoje,4 piętro
1866,Apartament Nowa Zamiejska,750 000 zł,Słupsk,Zamiejska,68 m²,3 pokoje,parter
1867,⭐️Niska zabudowa⭐️Dużo zieleni⭐️Gotowe do wprowadz,749 000 zł,Warszawa,Południe,52 m²,2 pokoje,1 piętro
1868,Ultradom | mieszkanie 1-pok. | M027,232 388 zł,Radom,Brak danych,28.34 m²,1 pokoje,1 piętro
1869,3-pokojowe mieszkanie 58m2 + loggia,91 370 000 zł,Warszawa,Wola,58.16 m²,3 pokoje,5 piętro
1870,"Okazja, dwupoziomowe, nowoczesne z ogródkiem",885 000 zł,Brak danych,Brak danych,130 m²,5 pokoje,1 piętro
1871,Krakowska Rogatka | mieszkanie 1-pok. | 1_25,303 241 zł,Kielce,Śródmieście,25.59 m²,1 pokoje,1 piętro
1872,2-pokojowe mieszkanie 35m2 + balkon Bez Prowizji,618 000 zł,Kraków,Duchackie,35.24 m²,2 pokoje,1 piętro
1873,Osiedle Horyzont | etap 2 | mieszkanie B27,449 000 zł,Brak danych,Brak danych,64.71 m²,3 pokoje,3 piętro
1874,Ogrody Dubois | mieszkanie 2-pok. | 12,369 665 zł,Łódź,Górna,43.6 m²,2 pokoje,1 piętro
1875,2-pokojowe mieszkanie 42m2 + balkon,459 972 zł,Łódź,Polesie,42.59 m²,2 pokoje,1 piętro
1876,58m Dachowa ul. Turkusowa 47 działka 634m2,404 000 zł,Poznań,Kórnik,58 m²,3 pokoje,parter
1877,"3-pokojowe mieszkanie 52m2 + balkon 5,39+10,88m2",81 118 150 zł,Warszawa,Mokotów,52.25 m²,3 pokoje,1 piętro
1878,"2 pokoje, balkon, os. Kolorowe do zamieszkania.",335 000 zł,Brak danych,Brak danych,51.8 m²,2 pokoje,3 piętro
1879,Słoneczny Łąkoszyn | mieszkanie 2-pok. | 4.2.M9,291 900 zł,Brak danych,Brak danych,41.7 m²,2 pokoje,2 piętro
1880,4-pokojowe mieszkanie 84m2 + balkon Bezpośrednio,91 078 272 zł,Kraków,Biały,84.24 m²,4 pokoje,1 piętro
1881,Gotowe 4 pokoje + 2xGARAŻ + Tylko SPÓŁKA/JDG + 10min CENTRUM,968 400 zł,Warszawa,Ursus,82 m²,4 pokoje,Brak danych
1882,Najtańsze 2 pokoje + GARAŻ + Umów termin na DNI OTWARTE + HIT,602 300 zł,Warszawa,Ursus,38 m²,2 pokoje,Brak danych
1883,Słoneczne 2 pokoje +Garderoba +GARAŻ + 5min do SKM + D.OTWARTE,636 300 zł,Warszawa,Ursus,41 m²,2 pokoje,parter
1884,Mieszkanie z potencjałem w dzielnicy muzycznej,347 000 zł,Bydgoszcz,Śródmieście,47.45 m²,2 pokoje,4 piętro
1885,"Mieszkanie po remoncie , 3 pokojowe",450 000 zł,Brak danych,Brak danych,46.4 m²,3 pokoje,4 piętro
1886,⭐Odbierz duży Rabat- 2 pokoje + Hala Garażowa⭐ Umów się na dni Otwarte,618 900 zł,Warszawa,Ursus,41.15 m²,2 pokoje,3 piętro
1887,Okazja dla inwestora Eng/ua,430 894 zł,Wrocław,Fabryczna,33.3 m²,2 pokoje,1 piętro
1888,3 pokoje z 2 balkonami Czechów,469 000 zł,Lublin,Północny,52.6 m²,3 pokoje,7 piętro
1889,Las i Staw – 4 pok. + Balkon + Garaż + Ogródek – Czapury / Poznań,659 000 zł,Poznań,Brak danych,75.15 m²,4 pokoje,1 piętro
1890,3-pokojowe mieszkanie 61m2 + ogródek Bezpośrednio,741 004 zł,Brak danych,Brak danych,61.24 m²,3 pokoje,parter
1891,Ultradom | mieszkanie 1-pok. | M027,232 388 zł,Radom,Brak danych,28.34 m²,1 pokoje,1 piętro
1892,Centrum Południe 2-pok CO Miejskie 1-piętro Blok + Klatka po remoncie,225 000 zł,Zabrze,Południe,47 m²,2 pokoje,1 piętro
1893,Mieszkanie na sprzedaż- nad Jeziorem Osiek,555 000 zł,Brak danych,Brak danych,83 m²,4 pokoje,parter
1894,"Możliwość 2 pokoi, niski czynsz dobra lokalizacja",539 000 zł,Warszawa,Ursynów,29.97 m²,2 pokoje,parter
1895,2-pokojowe mieszkanie 36m2 + balkon Bezpośrednio,476 970 zł,Brak danych,Brak danych,36.69 m²,2 pokoje,1 piętro
1896,Wiślane Klimaty,13 300 zł,Kraków,Podgórze,76 m²,4 pokoje,Brak danych
1897,2-pokojowe mieszkanie 43m2 + balkon Bezpośrednio,504 965 zł,Poznań,Miasto,43.91 m²,2 pokoje,1 piętro
1898,Apartamenty Nowy Świat,10 495 zł,Gliwice,Śródmieście,84 m²,5 pokoje,Brak danych
1899,Wow jaki Rabat 210 tys na Gotowe 3pok +Garaż+komórka k. WEstfield,51 043 419 zł,Warszawa,Mokotów,66.57 m²,3 pokoje,1 piętro
1900,przestronne mieszkanie w centrum Gliwic z niskim czynszem i piwnicą,347 000 zł,Gliwice,Śródmieście,52 m²,2 pokoje,2 piętro
1901,Mieszkanie z balkonem w ścisłym centrum miasta,299 000 zł,Brak danych,Brak danych,41.02 m²,2 pokoje,3 piętro
1902,Mieszkanie w centrum Lęborka,239 900 zł,Brak danych,Brak danych,40.78 m²,2 pokoje,parter
1903,Dwupokojowe nowoczesne mieszkanie na Woli S,191 250 000 zł,Warszawa,Wola,51 m²,2 pokoje,6 piętro
1904,Sprzedam 3 pokojowe mieszkanie 60 m Bez pośredników cena do Negocjacji,333 000 zł,Brak danych,Brak danych,60 m²,3 pokoje,3 piętro
1905,2 pokoje po remoncie na parterze - Wyżyny,315 000 zł,Bydgoszcz,Wyżyny,31 m²,2 pokoje,parter
1906,Wow Jaki rabat: 120tys na Gotowe 2pokoje k WEstfield i MEtro Wierzbno,681 175 zł,Warszawa,Mokotów,37.82 m²,2 pokoje,1 piętro
1907,‼️15min Skm do Centrum - 2 pok + Hala Garażowa‼️,616 900 zł,Warszawa,Ursus,41.11 m²,2 pokoje,1 piętro
1908,"3-pokojowe mieszkanie z 2 ogródkami – Wrocław, Psie Pole, Bez PCC",774 000 zł,Wrocław,Brak danych,55.31 m²,3 pokoje,3 piętro
1909,⭐Ustawne 2 pokoje + Parking GRATIS+ 15min Plaża/Centrum + UMÓW ZOBACZ⭐,379 000 zł,Gdynia,Wiczlino,33 m²,2 pokoje,Brak danych
1910,"ul. Cetnarskiego, Łańcut. NOWA INWESTYCJA W CENTRUM MIASTA.",576 027 zł,Brak danych,Brak danych,66.21 m²,3 pokoje,1 piętro
1911,Ciche Dwustrone mieszkanie w systemie 20/80,809 000 zł,Warszawa,Włochy,45 m²,2 pokoje,2 piętro
1912,Twoje mieszkanie gotowe do wprowadzenia- Fordon,440 000 zł,Bydgoszcz,Fordon,44.11 m²,2 pokoje,1 piętro
1913,3 pokoje do remontu | świetna lokalizacja,449 000 zł,Poznań,Wilda,45 m²,3 pokoje,parter
1914,Przytulne studio z widokiem na nabrzeże | Po remoncie | Centrum,490 000 zł,Brak danych,Brak danych,24.67 m²,1 pokoje,1 piętro
1915,Mieszkanie 2 pok.Muranów,599 000 zł,Warszawa,Wola,36.5 m²,2 pokoje,2 piętro
1916,2-pokojowe mieszkanie 36m2 + balkon Bezpośrednio,476 970 zł,Brak danych,Brak danych,36.69 m²,2 pokoje,1 piętro
1917,"Apartament 2 piętro, winda, Idealna lokalizacja",620 000 zł,Brak danych,Brak danych,44.43 m²,2 pokoje,2 piętro
1918,"centrum ul. Lipowa| eleganckie | zaciszne |wys. 3,5 m |",469 000 zł,Białystok,Centrum,32 m²,2 pokoje,1 piętro
1919,Super oferta inwestycyjna!,379 000 zł,Warszawa,Włochy,24.62 m²,1 pokoje,1 piętro
1920,Kawalerka na 1 piętrze. 36m2 + balkon.,400 902 zł,Gliwice,Ostropa,36.78 m²,1 pokoje,1 piętro
1921,Orzeszkowej 3 pok 61m2 balkon 629.000 Wyłączność,629 000 zł,Wrocław,Śródmieście,61 m²,3 pokoje,3 piętro
1922,Atrakcyjny Penthouse na Kabatach Sprzedam Bezpośrednio,181 970 000 zł,Warszawa,Ursynów,132 m²,4 pokoje,5 piętro
1923,Pod Klucz| Nowoczesny Budynek| 2 Pokoje,415 000 zł,Brak danych,Brak danych,36 m²,2 pokoje,2 piętro
1924,3 pokoje! Prądnik Czerwony - ul. Łepkowskiego 11,938 764 zł,Kraków,Czerwony,63.43 m²,3 pokoje,1 piętro
1925,"Mieszkanie Września, ul. Kościuszki 6",540 000 zł,Brak danych,Brak danych,69.8 m²,3 pokoje,parter
1926,"Do wejścia, 3 pokoje, os. Borek",609 000 zł,Brak danych,Brak danych,67.03 m²,3 pokoje,parter
1927,Okazja! Mieszkanie 3 pokoje + balkon – 499 tys.,499 000 zł,Brak danych,Brak danych,60.05 m²,3 pokoje,3 piętro
1928,"5-pokojowe mieszkanie 77,54m2+ 2 ogródki",930 480 zł,Kraków,Krzesławickie,77.54 m²,5 pokoje,parter
1929,Dwupoziomowe | 3 Sypialnie | M.Postojowe | Taras,759 000 zł,Wrocław,Fabryczna,76.3 m²,4 pokoje,2 piętro
1930,"Komfortowe mieszkanie: 3 pokoje, Strażacka 52C,garaż + miejsce w cenie",799 000 zł,Rzeszów,Drabinianka,68.69 m²,3 pokoje,3 piętro
1931,3 pokoje z garderobą i balkonem | Apartamenty Radzikowskiego,995 000 zł,Kraków,Biały,63.94 m²,3 pokoje,3 piętro
1932,"Ruczaj ul. Przemiarki, 3-pokojowe z ogromnym tarasem",890 000 zł,Kraków,Dębniki,62.19 m²,3 pokoje,parter
1933,Prado Katowice | mieszkanie 4-pok. | A3_0_01,938 790 zł,Katowice,Brak danych,76.95 m²,4 pokoje,parter
1934,Lipowa Nowy Świat 3 Perła w Białymstoku Centrum 4 pokoje !,969 000 zł,Białystok,Centrum,81 m²,4 pokoje,2 piętro
1935,Mieszkanie 2-pokojowe w centrum,550 000 zł,Brak danych,Brak danych,41 m²,2 pokoje,4 piętro
1936,Dwa Pokoje 43m2 z ogródkiem - Kąty Grodziskie,660 000 zł,Warszawa,Białołęka,43.06 m²,2 pokoje,parter
1937,"Nowe mieszkanie, dwupoziomowe, 6 pokoi, 113 m2!!!",880 000 zł,Brak danych,Brak danych,112.97 m²,6 pokoje,1 piętro
1938,Faktoria Młyn | lokal inwestycyjny B1.B2.P3.L​U.8,629 160 zł,Kraków,Bieńczyce,42.8 m²,1 pokoje,3 piętro
1939,2 Pokoje z Osobną Kuchnią na Sienkiewicza,365 000 zł,Rzeszów,Lecia,37.7 m²,2 pokoje,9 piętro
1940,Najtaniej Cisza Ogródek Park 0%Prowizji,515 694 zł,Wrocław,Fabryczna,42.27 m²,3 pokoje,parter
1941,2pok*48mkw*ciche*przy metrze Racławicka,899 000 zł,Warszawa,Mokotów,47.68 m²,2 pokoje,2 piętro
1942,3 BALKONY | Park Brochowski | Szkoła 2 min | Oglądaj i rezerwuj!,1 042 528 zł,Wrocław,Krzyki,97.89 m²,5 pokoje,1 piętro
1943,"58,5m2, 3 pokoje, balkon, piwnica, Tarchomin!!!",740 000 zł,Warszawa,Białołęka,61.49 m²,3 pokoje,3 piętro
1944,2 pokoje | garaż | Dębowa | 2010 rok,449 000 zł,Kielce,Sady,47 m²,2 pokoje,3 piętro
1945,"Mieszkanie 69m, 3 pokoje, taras 50m, garaż,piwnica",945 000 zł,Brak danych,Brak danych,69.89 m²,3 pokoje,1 piętro
1946,❤️2 km od Rynku | Wysoki standard | Nowoczesne 4-pok. mieszkanie,"191 438 400,76 zł",Kraków,Miasto,76.31 m²,4 pokoje,2 piętro
1947,"Aktualne 2 pokoje stan developerski, widok na park",599 000 zł,Kraków,Podgórze,41.13 m²,2 pokoje,4 piętro
1948,"Nowoczesne mieszkanie z antresolą i tarasem, 4 pokoje.",389 000 zł,Szczecin,Sulinowo,55.7 m²,4 pokoje,2 piętro
1949,"Mieszkanie 45,5 m2 + 3,8 piwnica PARTER Zegrze płd",489 000 zł,Brak danych,Brak danych,45.5 m²,3 pokoje,parter
1950,Najtańsze 4 pokoje + GARAŻ/BOKS + 15min CENTRUM + UMÓW DNI OTWARTE,585 100 zł,Gdynia,Wiczlino,56 m²,4 pokoje,Brak danych
1951,Wielki Rabat do sob + Garaż Umów wizytę_zieleń !!,649 467 zł,Gdynia,Wiczlino,63.9 m²,4 pokoje,1 piętro
1952,⭐Wow 2pok za 360tys ‼️18min plaża ⭐Parking za 0‼️,379 607 zł,Gdynia,Wiczlino,33.13 m²,2 pokoje,1 piętro
1953,Mieszkanie w Śremie do wprowadzenia zwalizką,375 000 zł,Brak danych,Brak danych,49.3 m²,2 pokoje,4 piętro
1954,"RYNEK 5,9KM | Własny ogródek + taras | Park Brochowski | Rezerwuj!",953 345 zł,Wrocław,Krzyki,88.89 m²,5 pokoje,parter
1955,Kawalerka na 1 piętrze. 36m2 + balkon.,400 902 zł,Gliwice,Ostropa,36.78 m²,1 pokoje,1 piętro
1956,Apartament Nowa Zamiejska,750 000 zł,Słupsk,Zamiejska,68 m²,3 pokoje,parter
1957,I​V​Y by Blockhaus. | mieszkanie 3-pok. | A_06,563 640 zł,Brak danych,Brak danych,64.05 m²,3 pokoje,2 piętro
1958,3 Pokoje 65 m2 Parter Balkon Klima Alarm Idealne Prywatnie,649 999 zł,Radom,Brak danych,65 m²,3 pokoje,parter
1959,W CENIE: miejsce postojowe # bez prowizji i podatku,353 249 zł,Brak danych,Brak danych,57.09 m²,3 pokoje,1 piętro
1960,Wow Cena +Garaż w promocji 5min od Starówki +komórka odbiór w tym roku,518 607 zł,Gdańsk,Siedlce,36.69 m²,2 pokoje,1 piętro
1961,Świetna inwestycja blisko morza,21 020 000 zł,Gdańsk,Wielkie,40 m²,2 pokoje,1 piętro
1962,Kompaktowe mieszkanie I Natura,338 760 zł,Gdańsk,Osowa,28.23 m²,2 pokoje,1 piętro
1963,Mieszkanie 32m2 na Kazimierza Wielkiego blisko Starego Rynku,299 000 zł,Płock,Wielkiego,32.26 m²,1 pokoje,1 piętro
1964,2 pokojowe mieszkanie od strony zachodniej - bez parkingu!!,620 000 zł,Brak danych,Brak danych,46.23 m²,2 pokoje,1 piętro
1965,Na sprzedaż mieszkanie Warszawa Wola,535 000 zł,Warszawa,Brak danych,26.9 m²,1 pokoje,1 piętro
1966,2 pokoje os Robotnicze,320 000 zł,Brak danych,Brak danych,51 m²,2 pokoje,2 piętro
1967,"PRAWIE GOTOWE | Rynek 5,9 km | Park Brochowski | Zostaw wiadomość!",1 028 790 zł,Wrocław,Krzyki,96.6 m²,5 pokoje,1 piętro
1968,ul. Kościuszki 61 - trzy pokoje z balkonem po remoncie,731 500 zł,Wrocław,Krzyki,48.78 m²,3 pokoje,1 piętro
1969,2 pokoje| dla studenta| pod wynajem| taniej niż u dewelopera| Centrum,499 900 zł,Wrocław,Miasto,30.02 m²,2 pokoje,1 piętro
1970,balkon | 3-pokojowe | do remontu |,560 000 zł,Warszawa,Targówek,47.5 m²,3 pokoje,2 piętro
1971,5Min Do Rynku/Pl.Grunwaldzkiego-Świeżo po remoncie,520 000 zł,Wrocław,Krzyki,35.5 m²,2 pokoje,2 piętro
1972,Twoje miejsce w Sosnowcu/Piękny Apartament/Taras,632 100 zł,Sosnowiec,Sielec,79.45 m²,4 pokoje,1 piętro
1973,Zielona Lutynia,855 zł,Brak danych,Brak danych,58 m²,3 pokoje,Brak danych
1974,Przestronne mieszkanie w Centrum.,155 000 zł,Wałbrzych,Śródmieście,66.3 m²,3 pokoje,parter
1975,"2-pokojowe mieszkanie 35m2 + balkon 7,72+4,68m2",791 363 zł,Warszawa,Mokotów,35.25 m²,2 pokoje,4 piętro
1976,"Mieszkanie o pow. 36,74m2 Bydgoszcz / Górzyskowo",355 000 zł,Bydgoszcz,Brak danych,36 m²,1 pokoje,3 piętro
1977,"Piaskowa Góra, 3 pokoje, 2 piętro w czwórce.",235 000 zł,Wałbrzych,Góra,45 m²,3 pokoje,2 piętro
1978,"Idealne na start! całkowicie wyposażone, Fiqus",539 000 zł,Poznań,Grunwald,36 m²,1 pokoje,2 piętro
1979,"Bezpośrednio od dewelopera, bez pcc, bez prowizji",429 000 zł,Brak danych,Brak danych,66 m²,4 pokoje,1 piętro
1980,"Bezpośrednio od dewelopera, bez pcc, bez prowizji",225 000 zł,Brak danych,Brak danych,30 m²,2 pokoje,1 piętro
1981,"Bezpośrednio od dewelopera, bez pcc, bez prowizji",195 000 zł,Brak danych,Brak danych,30 m²,2 pokoje,1 piętro
1982,Nowa inwestycja/Blisko Krakowa/Miejsce postojowe,466 364 zł,Brak danych,Brak danych,37.61 m²,2 pokoje,1 piętro
1983,"Słoneczne mieszkanie z pięknym balkonem, Ataner",699 000 zł,Poznań,Grunwald,51 m²,3 pokoje,5 piętro
1984,"2 pokojowe mieszkanie z KOMÓRKĄ LOKATORSKĄ, BALKONEM i PIWNICĄ",455 000 zł,Szczecin,Śródmieście,48.65 m²,2 pokoje,3 piętro
1985,TANIO ! Centrum Poznań 2 niezalezne pokoje oddzielna kuchnia,470 000 zł,Poznań,Brak danych,63 m²,2 pokoje,3 piętro
1986,⭐️ balkon⭐️winda ⭐️Mokotowska 24 ⭐️kamienica⭐️,141 180 000 zł,Warszawa,Śródmieście,46.75 m²,2 pokoje,5 piętro
1987,W CENIE: miejsce postojowe # bez prowizji i podatku,353 249 zł,Brak danych,Brak danych,57.09 m²,3 pokoje,1 piętro
1988,DOM w zabudowie bliźniaczej z garażem - DUŻY OGRÓD,181 150 000 zł,Gdańsk,Brak danych,148.49 m²,5 pokoje,1 piętro
1989,SPRZEDAM MIESZKANIE / UL. POKOJU / 2 POKOJE / BALKON / PARTER,249 000 zł,Brak danych,Brak danych,49.8 m²,2 pokoje,parter
1990,"2 pokojowe mieszkanie z KOMÓRKĄ LOKATORSKĄ, BALKONEM i PIWNICĄ",455 000 zł,Szczecin,Śródmieście,48.65 m²,2 pokoje,3 piętro
1991,TANIO ! Centrum Poznań 2 niezalezne pokoje oddzielna kuchnia,470 000 zł,Poznań,Brak danych,63 m²,2 pokoje,3 piętro
1992,⭐️ balkon⭐️winda ⭐️Mokotowska 24 ⭐️kamienica⭐️,141 180 000 zł,Warszawa,Śródmieście,46.75 m²,2 pokoje,5 piętro
1993,⭐️sufity 3m ⭐ balkon ⭐️niski czynsz⭐️kamienica⭐️,879 999 zł,Warszawa,Śródmieście,38 m²,2 pokoje,3 piętro
1994,Mieszkanie 2 pokojowe Godula ul Podlas,199 000 zł,Ruda,Godula,48 m²,2 pokoje,4 piętro
1995,"OGRÓDEK | Idealne na start | Rynek 2,9km | Rezerwuj dziś!",436 626 zł,Katowice,Józefowiec,37.62 m²,2 pokoje,parter
1996,K12 Apartamenty - Rewolucja mieszkaniowa w Żorach,443 653 zł,Brak danych,Brak danych,52.33 m²,3 pokoje,1 piętro
1997,K12 Apartamenty - Rewolucja mieszkaniowa w Żorach,379 676 zł,Brak danych,Brak danych,41.92 m²,2 pokoje,1 piętro
1998,"35 M2 + balkon, wysoki standard, bez Pcc",739 000 zł,Wrocław,Miasto,35 m²,1 pokoje,1 piętro
1999,K12 Apartamenty - Rewolucja mieszkaniowa w Żorach,576 254 zł,Brak danych,Brak danych,71.62 m²,4 pokoje,7 piętro
2000,"Dwupokojowe mieszkanie na Bojarach, 2 piętro",540 000 zł,Białystok,Bojary,45 m²,2 pokoje,2 piętro
2001,"Przestronne, słoneczne mieszkanie 64 m2",572 000 zł,Opole,Krajowej,64 m²,3 pokoje,3 piętro
2002,Gotowe 2 pok Cena Wow ZObacz na żywo +PArking_13min od Centrum,390 521 zł,Gdańsk,Łostowice,37.72 m²,2 pokoje,1 piętro
2003,Wysoki Potencjał! Blisko Metra!Zaraz Oddanie/Promocja!,71 094 290 zł,Warszawa,Mokotów,69.7 m²,3 pokoje,1 piętro
2004,Ostatnie 2 pokoje z OGRÓDKIEM I TARASEM + 15min CENTRUM +Sobota ZOBACZ,436 200 zł,Gdynia,Wiczlino,38 m²,2 pokoje,parter
2005,To mieszkanie dla Twojej Rodziny Winnica,191 190 000 zł,Toruń,Winnica,97.59 m²,3 pokoje,parter
2006,"2 - pokojowe mieszkanie w stanie deweloperskim, Łańcut CENTRUM.",384 085 zł,Brak danych,Brak danych,40.43 m²,2 pokoje,4 piętro
2007,2 pok. I Gotowe do wejścia | Poddasze | Ogródek,399 000 zł,Gdańsk,Zachodnie,38 m²,2 pokoje,2 piętro
2008,Sprzedam komfortowe 73 m.mieszkanie w centrum Sosnowca,420 000 zł,Sosnowiec,Śródmieście,73 m²,3 pokoje,parter
2009,3 pokoje z balkonem wśród zieleni – ul. Rydygiera,369 000 zł,Toruń,Rubinkowo,48.15 m²,3 pokoje,3 piętro
2010,4-pokojowe ze strefą biurową,549 000 zł,Toruń,Skarpie,79.5 m²,4 pokoje,4 piętro
2011,"2-pokojowe, URSUS, umeblowane",559 000 zł,Warszawa,Ursus,27 m²,2 pokoje,7 piętro
2012,2 Pok/Po remoncie/Centrum/Niskie Opłaty,479 000 zł,Wrocław,Śródmieście,37 m²,2 pokoje,4 piętro
2013,USTAWNE M3 | Nowe od dewelopera | Bonus do 31.07 | Rezerwuj ustnie!,547 481 zł,Katowice,Józefowiec,51.23 m²,3 pokoje,parter
2014,4 pokojowe mieszkanie w centrum.,201 050 000 zł,Gdańsk,Migowo,78 m²,4 pokoje,2 piętro
2015,"Mieszkanie ul.Drzymały, IIpiętro, balkon, 4 pokoje",379 000 zł,Bytom,Śródmieście,101.65 m²,4 pokoje,2 piętro
2016,"Przytulne 2 pokoje z balkonem, ładny widok",519 000 zł,Wrocław,Pole,41.02 m²,2 pokoje,7 piętro
2017,3 pokojowe z ogródkiem i 2 miejscami postojowymi,746 990 zł,Brak danych,Brak danych,83 m²,3 pokoje,parter
2018,2 pokojowe mieszkanie na ostatnim pietrze,595 000 zł,Warszawa,Ursus,39.25 m²,2 pokoje,8 piętro
2019,"Harmonia, światło, wykończenie bez kompromisów",181 699 000 zł,Warszawa,Ochota,68.6 m²,3 pokoje,6 piętro
2020,Apartament obok RZEKI - Blisko W. Spichrzów - Zobacz na żywo!,389 400 zł,Gdańsk,Śródmieście,37 m²,2 pokoje,1 piętro
2021,Dom Hygge Twin - Odbiór kluczy w tym roku!,"905 012,50 zł",Warszawa,Mokotów,43.25 m²,2 pokoje,2 piętro
2022,Dom Hygge Twin - Odbiór kluczy w tym roku!,"773 737,50 zł",Warszawa,Mokotów,35.25 m²,2 pokoje,2 piętro
2023,"2 pokojowe mieszkanie z KOMÓRKĄ LOKATORSKĄ, BALKONEM i PIWNICĄ",455 000 zł,Szczecin,Śródmieście,48.65 m²,2 pokoje,3 piętro
2024,Nowy apartament na nowym osiedlu w centrum-3 pokoje-parter-do zamieszk,673 000 zł,Radom,Śródmieście,62.69 m²,3 pokoje,parter
2025,Sprzedam przechodnie mieszkanie do remontu.,160 000 zł,Wrocław,Brak danych,54 m²,2 pokoje,1 piętro
2026,"BEZ PROWIZJI! Wrocław Hallera – 3 pokoje, widok, loggia!",859 850 zł,Wrocław,Brak danych,59.3 m²,3 pokoje,6 piętro
2027,Apartament 3 pokojowy - przy Motławie - obok Wyspa Spichrzów,602 800 zł,Gdańsk,Śródmieście,50 m²,3 pokoje,3 piętro
2028,Dom Hygge Twin - Odbiór kluczy w tym roku!,"71 184 686,50 zł",Warszawa,Mokotów,56.83 m²,3 pokoje,2 piętro
2029,Dom Hygge Twin - Odbiór kluczy w tym roku!,71 400 352 zł,Warszawa,Mokotów,65.92 m²,3 pokoje,4 piętro
2030,Dom Hygge Twin - Odbiór kluczy w tym roku!,"71 330 322,50 zł",Warszawa,Mokotów,59.45 m²,3 pokoje,4 piętro
2031,Dom Hygge Twin - Odbiór kluczy w tym roku!,71 460 590 zł,Warszawa,Mokotów,67.9 m²,4 pokoje,1 piętro
2032,Dom Hygge Twin - Miejsce Postojowe Za Pół Ceny!,682 380 zł,Warszawa,Mokotów,30.6 m²,2 pokoje,3 piętro
2033,Apartament z ogródkiem w gm.Lesznowola,603 500 zł,Brak danych,Brak danych,57.1 m²,3 pokoje,parter
2034,"kompaktowe 3 pokojowe na Ratajach, niski blok, dużo zieleni dookoła",479 000 zł,Poznań,Miasto,47.2 m²,3 pokoje,4 piętro
2035,Gotowa kawalerka + Ogródek -> Zobacz na żywo! Wysokie Rabaty,295 900 zł,Gdańsk,Śródmieście,25.3 m²,1 pokoje,parter
2036,Wysoki potencjał! Blisko Metra!Promocja,681 167 zł,Warszawa,Mokotów,37.3 m²,2 pokoje,1 piętro
2037,"Sprzedam bezpośrednio 49,7m ul.Leszczynowa, do remontu, 1 piętro.",390 000 zł,Białystok,Brak danych,49.7 m²,2 pokoje,1 piętro
2038,JEDYNE TAKIE | Własny ogród + taras | Bonus do 31.07 | Rezerwuj ustnie,613 179 zł,Katowice,Józefowiec,59.41 m²,4 pokoje,parter
2039,"Ciche, komfortowe 5-cio pokojowe mieszanie",947 000 zł,Brak danych,Brak danych,118.49 m²,5 pokoje,3 piętro
2040,Apartament w budynku jednorodzinnym w Nowej Woli,776 750 zł,Brak danych,Brak danych,73.5 m²,3 pokoje,1 piętro
2041,Apartament z ogródkiem w gm.Lesznowola,603 500 zł,Brak danych,Brak danych,57.1 m²,3 pokoje,parter
2042,Apartament z ogródkiem w gm.Lesznowola,603 500 zł,Brak danych,Brak danych,57.1 m²,3 pokoje,parter
2043,Nowoczesny Apartament w Nowej Woli,720 900 zł,Brak danych,Brak danych,63.7 m²,4 pokoje,parter
2044,Dom Hygge Twin - Promocja - 20 000 Zł Rabatu!,879 828 zł,Warszawa,Mokotów,39.64 m²,2 pokoje,5 piętro
2045,Dom Hygge Twin - Promocja - 20 000 Zł Rabatu!,769 446 zł,Warszawa,Mokotów,36.38 m²,2 pokoje,1 piętro
2046,Kameralny Apartament w Nowej Woli,624 500 zł,Brak danych,Brak danych,59.5 m²,3 pokoje,1 piętro
2047,Dom Hygge Twin - Promocja - 20 000 Zł Rabatu!,875 306 zł,Warszawa,Mokotów,39.88 m²,2 pokoje,4 piętro
2048,Rodzinny azyl na Sadybie – 4 pokoje,161 080 000 zł,Warszawa,Mokotów,64.5 m²,4 pokoje,4 piętro
2049,"⭐️Dla dużej rodziny, piękna sypialnia, zieleń ⭐️",599 000 zł,Chorzów,Centrum,120 m²,4 pokoje,2 piętro
2050,Na sprzedaż mieszkanie gotowe do zamieszkania,660 000 zł,Warszawa,Bielany,36.5 m²,2 pokoje,3 piętro
2051,Słoneczne mieszkanie z widokiem na morze i las,409 000 zł,Gdynia,Leśniczówka,29.2 m²,2 pokoje,4 piętro
2052,⭐ 3 pokoje ⭐ 47m2 ⭐ parter ⭐ dwustronne ⭐,480 000 zł,Poznań,Miasto,47.2 m²,3 pokoje,parter
2053,"⭐Lokal w centrum Poznania – ul. Zielona ⭐31,65m2⭐",350 000 zł,Poznań,Miasto,31.65 m²,1 pokoje,suterena
2054,Gaj |balkon | bardzo dobra komunikacja | na start| inwestycyjne| 10/90,455 350 zł,Wrocław,Krzyki,26 m²,1 pokoje,1 piętro
2055,Przestronne 2-pokojowe mieszkanie z balkonem,265 000 zł,Brak danych,Brak danych,35 m²,2 pokoje,1 piętro
2056,2 pokoje | Kameralne | Z Ogródkiem | W Centrum,599 000 zł,Warszawa,Mokotów,27 m²,2 pokoje,parter
2057,PO Remoncie Jasna kawalerka z parkietem i balkonem,475 000 zł,Warszawa,Mokotów,25 m²,1 pokoje,3 piętro
2058,PARTER - 2 BALKONY - Cicha Sypialnia - TRAMWAJ - BLISKO A4 -INTERNET,691 700 zł,Wrocław,Krzyki,51.7 m²,3 pokoje,parter
2059,2 POKOJE | Idealne na start | Od dewelopera | Rezerwuj dziś!,379 606 zł,Gdynia,Wiczlino,32.76 m²,2 pokoje,1 piętro
2060,Nowe Mieszkanie blisko Centrum | Huby,699 000 zł,Wrocław,Krzyki,48.61 m²,3 pokoje,parter
2061,Apartament 3 pokojowy - przy Motławie - obok Wyspa Spichrzów,602 800 zł,Gdańsk,Śródmieście,50 m²,3 pokoje,3 piętro
2062,2-pokojowe mieszkanie 40m2 + ogródek,440 500 zł,Poznań,Miasto,40.91 m²,2 pokoje,parter
2063,Nowe Południe,298 zł,Gdańsk,Brak danych,78 m²,4 pokoje,Brak danych
2064,Nowy Sikornik,500 zł,Gliwice,Sikornik,88 m²,4 pokoje,Brak danych
2065,Motława Garden,13 471 zł,Gdańsk,Olszynka,138 m²,5 pokoje,Brak danych
2066,3-pokojowe mieszkanie 55m2 + ogródek Bez Prowizji,730 587 zł,Wrocław,Pole,55.77 m²,3 pokoje,parter
2067,EkoSucharskiego,12 225 zł,Kraków,Prokocim,67 m²,4 pokoje,Brak danych
2068,"ul. Lenartowicza, os. Złote Łany, parter",470 000 zł,Bielsko-Biała,Łany,50 m²,2 pokoje,parter
2069,Piękne Mieszkanie 116mkw Z Garażem i Działką Super Lokalizacja,749 000 zł,Łódź,Bałuty,116 m²,4 pokoje,Brak danych
2070,Dwupokojowy apartament z tarasem,599 000 zł,Brak danych,Brak danych,42.65 m²,2 pokoje,parter
2071,"Sprzedam mieszkanie 3-pokojowe we Wrześni , Pilska osiedle zamknięte",497 000 zł,Brak danych,Brak danych,54 m²,3 pokoje,3 piętro
2072,Służewiec || 4 pok. || Dwa balkony || Recepcja ||,211 750 000 zł,Warszawa,Mokotów,102.95 m²,4 pokoje,3 piętro
2073,JEDYNE TAKIE | Własny ogród + taras | Bonus do 31.07 | Rezerwuj!,436 128 zł,Gdynia,Wiczlino,37.76 m²,2 pokoje,parter
2074,3 pokoje na zielonych Winogradach | balkon | piwnica,479 000 zł,Poznań,Miasto,56 m²,3 pokoje,2 piętro
2075,"Ciche, Przestronne, 3 Pokoje z Dużym Balkonem",830 000 zł,Warszawa,Mokotów,53.3 m²,3 pokoje,2 piętro
2076,Metro| Podwójny Parking| Ogródek| Cicho| 3.20 H|,211 200 000 zł,Warszawa,Bielany,58.84 m²,3 pokoje,parter
2077,"CO miejskie, super lokalizacja, możliwa zamiana.",140 000 zł,Sosnowiec,Klimontów,26 m²,1 pokoje,2 piętro
2078,2 Pak | 2-pokojowe + kawalerka | Balkon | Rataje,818 500 zł,Poznań,Miasto,70 m²,3 pokoje,1 piętro
2079,ul. Madalińskiego- Bez PCC-2%/Parking/Ogród/2025r.,659 000 zł,Wrocław,Krzyki,40.72 m²,2 pokoje,parter
2080,3 pokojowe-komfortowe-miejsce postojowe za szlabanem,570 000 zł,Brak danych,Brak danych,63.9 m²,3 pokoje,2 piętro
2081,Mieszkanie 2-pok z widokiem na naturę z Balkonu,429 000 zł,Brak danych,Brak danych,36 m²,2 pokoje,1 piętro
2082,Piaseczno | 2pok | gotowe do wejścia | balkon |,675 000 zł,Brak danych,Brak danych,51.1 m²,2 pokoje,5 piętro
2083,**Kryńska**,160 000 zł,Brak danych,Brak danych,38 m²,1 pokoje,1 piętro
2084,| Dwa poziomy | spokojna okolica | balkon | Piaseczno |,760 000 zł,Brak danych,Brak danych,78.7 m²,3 pokoje,3 piętro
2085,"Marchołta| 54,1 mkw| Garaż| Do Wejścia",760 000 zł,Kraków,Czerwony,54.1 m²,2 pokoje,7 piętro
2086,Okazja / do remontu / 1 pok. / Ożarów,260 000 zł,Brak danych,Brak danych,32.48 m²,1 pokoje,1 piętro
2087,Nowoczesne mieszkanie! Ofiar Grudnia 70!,449 000 zł,Gdańsk,Brak danych,32.76 m²,2 pokoje,3 piętro
2088,Sprzedam kawalerkę na nowym osiedlu w Gliwicach w Ligocie Zabrskiej,325 000 zł,Gliwice,Zabrska,27.83 m²,1 pokoje,parter
2089,USTAWNE M4 | Otrzymaj dodatkowy bonus | Tylko do 31.07 | Rezerwuj!,652 514 zł,Gdynia,Wiczlino,62.21 m²,4 pokoje,2 piętro
2090,|Na sprzedaż| ul. Jana Pawła II| wysoki standard|,579 000 zł,Rzeszów,Budziwój,49.68 m²,3 pokoje,1 piętro
2091,3 Pokoje | Bemowo | Pełna własność | Dwustronne,739 000 zł,Warszawa,Bemowo,61.6 m²,3 pokoje,4 piętro
2092,mieszkanie 3-pokojowe na sprzedaż,325 000 zł,Brak danych,Brak danych,50.02 m²,3 pokoje,2 piętro
2093,"Przytulne 3-pokojowe, bezczynszowe mieszkanie z balkonem i garażem !",530 000 zł,Brak danych,Brak danych,67.32 m²,3 pokoje,3 piętro
2094,3-pokojowe mieszkanie 57m2 + ogródek,603 500 zł,Brak danych,Brak danych,57.1 m²,3 pokoje,parter
2095,Osiedle Józefowska,10 400 zł,Katowice,Józefowiec,116 m²,5 pokoje,Brak danych
2096,Błońska Enklawa,000 zł,Brak danych,Brak danych,74 m²,3 pokoje,Brak danych
2097,Chmielna Duo | zapytaj o cenę promocyjną,28 307 zł,Warszawa,Wola,89 m²,3 pokoje,Brak danych
2098,Osiedle Zagajnik | mieszkanie 3-pok. | 46 / B,684 049 zł,Poznań,Miasto,76.09 m²,3 pokoje,1 piętro
2099,I na co szukać dalej ? 3 pokoje bliskie oddaniu !!,869 000 zł,Kraków,Dębniki,66 m²,3 pokoje,1 piętro
2100,"Mieszkanie 47 m2 ! Tarnów, spokojna okolica !",489 000 zł,Tarnów,Brak danych,47 m²,2 pokoje,1 piętro
2101,"Ponad 140 m2 ogródka !! Narożne, cisza spokój !",884 000 zł,Brak danych,Brak danych,67 m²,4 pokoje,parter
2102,"apartament 3pokojowy, 2 balkony na Nowym Złotnie",674 900 zł,Łódź,Polesie,61 m²,3 pokoje,5 piętro
2103,"Nowoczesne 2-pok z oddzielną kuchnią, Sobola Biel",435 000 zł,Brak danych,Brak danych,48.38 m²,2 pokoje,4 piętro
2104,Mieszkania w nowoczesnej kamienicy,234 000 zł,Brak danych,Brak danych,30 m²,2 pokoje,Brak danych
2105,Apartament nad morzem,960 000 zł,Brak danych,Brak danych,68.8 m²,3 pokoje,1 piętro
2106,Gaj - Kawalerka-apartament ul.Brzoskwiniowa,440 000 zł,Wrocław,Krzyki,25.25 m²,1 pokoje,5 piętro
2107,"Apartament garaż Stone Hill basen , sauna",859 770 zł,Brak danych,Brak danych,35.1 m²,2 pokoje,3 piętro
2108,Stylowe 48m2 po generalnym remoncie - wprowadź się od razu.,539 000 zł,Opole,Zaodrze,48 m²,2 pokoje,2 piętro
2109,| 2pok. | spokojna okolica | balkon | do odświeżenia |,899 000 zł,Warszawa,Mokotów,49.63 m²,2 pokoje,1 piętro
2110,Mieszkanie w super lokalizacji z potencjałem !,399 000 zł,Tarnów,Westerplatte,59 m²,3 pokoje,5 piętro
2111,2pok. | spokojna okolica | balkon | narożne |,915 000 zł,Warszawa,Mokotów,48.9 m²,2 pokoje,1 piętro
2112,2pok. | dobry rozkład | do remontu | Ochota |,639 000 zł,Warszawa,Mokotów,41.3 m²,2 pokoje,3 piętro
2113,2 osobne pokoje w odrestaurowanej kamienicy - Stare Miasto - 50 m2,849 000 zł,Kraków,Miasto,50 m²,2 pokoje,3 piętro
2114,USTAWNE M4 | Otrzymaj dodatkowy bonus | Tylko do 31.07 | Rezerwuj!,652 514 zł,Gdynia,Wiczlino,62.21 m²,4 pokoje,2 piętro
2115,"Wykończone lux, ciche, słoneczne z ogrodem tuż przy lesie.",213 364 000 zł,Warszawa,Bielany,116 m²,4 pokoje,parter
2116,4 pokoi / balkon/ogrodzona działka /GARAŻ /parking / STUDIO przyziemi,700 000 zł,Słupsk,Włodkowica,111.7 m²,4 pokoje,1 piętro
2117,Sprzedam przechodnie mieszkanie do remontu.,160 000 zł,Wrocław,Brak danych,54 m²,2 pokoje,1 piętro
2118,"Nowe 3-pokoje, stan deweloperski",201 061 584 zł,Warszawa,Bemowo,58.1 m²,3 pokoje,4 piętro
2119,Nowa kawalerka 25 mkw.,313 125 zł,Lublin,Ponikwoda,25.05 m²,1 pokoje,3 piętro
2120,Mieszkanie na koniec 2025 roku,656 250 zł,Lublin,Dziesiąta,62.5 m²,2 pokoje,5 piętro
2121,Jedna z ostatnich dostępnych kawalerek,379 785 zł,Lublin,Ponikwoda,67.68 m²,4 pokoje,3 piętro
2122,"Mieszkanie w centrum 49 m2, ul. Włókiennicza",430 000 zł,Białystok,Centrum,49.7 m²,2 pokoje,4 piętro
2123,Mieszkanie z dużym potencjałem! Blisko Krakowa !,211 199 000 zł,Brak danych,Brak danych,98.51 m²,4 pokoje,3 piętro
2124,"2-pokojowe mieszkanie-ul.Zagłoby|Rzeszów,blisko Ur",450 000 zł,Rzeszów,Brak danych,41.8 m²,2 pokoje,3 piętro
2125,2 Pokoje przy Wiśle! Nowy blok przy porcie!,665 000 zł,Kraków,Podgórze,41.45 m²,2 pokoje,2 piętro
2126,Legnicka Residence/2Pokoje/Balkon/Siłownia,749 000 zł,Wrocław,Miasto,36.5 m²,2 pokoje,4 piętro
2127,"Przytulne 3p, z widokiem na zieleń, cisza. Wawer",715 000 zł,Warszawa,Wawer,50 m²,3 pokoje,1 piętro
2128,"Sprzedam mieszkanie 37m2 A. Bielerzewskiej, RATAJE",579 990 zł,Poznań,Miasto,36.93 m²,2 pokoje,6 piętro
2129,Sprzedam/Kawalerkę/26m2/ul.Nadgórników/NoHo,499 000 zł,Katowice,Śródmieście,26 m²,1 pokoje,3 piętro
2130,Kawalerka na os. Bocianek - 27 m2,269 900 zł,Kielce,Bocianek,27.6 m²,1 pokoje,parter
2131,"Gotowe 4p, Marysin Wawerski, 18 min do Centrum Skm",91 318 060 zł,Warszawa,Wawer,89.87 m²,4 pokoje,4 piętro
2132,"3p, blisko PKP Ursus, Oddanie III KW",800 000 zł,Warszawa,Ursus,56.37 m²,3 pokoje,1 piętro
2133,Dla rodziny. Do zamieszkania. Ogródek,719 000 zł,Gdańsk,Matarnia,55.3 m²,3 pokoje,parter
2134,Mieszkanie 3-pokojowe / ul. Wielkopolska,240 000 zł,Jastrzębie,Wielkopolska,55.7 m²,3 pokoje,3 piętro
2135,"os. Górali, 66m2, 3 pokoje wysoki standard komfort",919 000 zł,Kraków,Huta,66 m²,3 pokoje,3 piętro
2136,Jedyne mieszkanie na parterze|możliwość prowadzenia działalności|0%PCC,449 000 zł,Brak danych,Brak danych,50.58 m²,2 pokoje,parter
2137,Piękne mieszkanie z ogródkiena sprzedaż Kościlisko,840 000 zł,Brak danych,Brak danych,41.18 m²,2 pokoje,Brak danych
2138,3 Pokoje blisko centrum / CO Miejskie,279 000 zł,Bytom,Rozbark,52.17 m²,3 pokoje,4 piętro
2139,Kamienica z klimatem- 107 m2 centrum miasta,629 000 zł,Szczecin,Śródmieście,107.31 m²,3 pokoje,3 piętro
2140,Wysoki Potencjał!Blisko Metra!Zaraz Oddanie!,71 244 763 zł,Warszawa,Mokotów,54.6 m²,3 pokoje,5 piętro
2141,Piękne widokowe mieszkanie na Polanie Szaflarskiej,"888 052,50 zł",Brak danych,Brak danych,68.05 m²,3 pokoje,3 piętro
2142,"2 pokoje z ogródkiem, wysoki standard",775 000 zł,Brak danych,Brak danych,37.39 m²,2 pokoje,parter
2143,"mieszkanie 38,71 m2 SOHO HOUSE Centrum miasta !!",334 000 zł,Brak danych,Brak danych,38.71 m²,2 pokoje,1 piętro
2144,Premium kawalerka | Bez Pcc | Klucze we wrześniu,863 000 zł,Warszawa,Mokotów,29.15 m²,1 pokoje,1 piętro
2145,Idealne na wynajem.Można zrobić 3 pokój z aneksem!,549 000 zł,Gdańsk,Górny,43 m²,3 pokoje,4 piętro
2146,W Sercu Miasta/ pod inwestycję/ dla rodziny/,590 000 zł,Wrocław,Miasto,50 m²,3 pokoje,1 piętro
2147,Piękne 2-pok z tarasem w pobliżu lasu | gotowe do wprowadzenia,529 000 zł,Brak danych,Brak danych,44.04 m²,2 pokoje,2 piętro
2148,"Nowe 3-pokoje, stan deweloperski",1 061 584 zł,Warszawa,Bemowo,58.1 m²,3 pokoje,4 piętro
2149,Dwupoziomowe mieszkanie z widokiem 81 m2 | Blisko centrum |,799 000 zł,Brak danych,Brak danych,81.1 m²,5 pokoje,1 piętro
2150,"Gotowe do zamieszkania, umeblowane w samym centrum",349 999 zł,Kielce,Sady,32.8 m²,2 pokoje,3 piętro
2151,"Bezpośrednio lokal 37,89 m2 - CENA BRUTTO","535 954,05 zł",Brak danych,Brak danych,37.89 m²,2 pokoje,1 piętro
2152,Mieszkanie w Sopocie z widokiem na morze,850 000 zł,Brak danych,Brak danych,46.7 m²,3 pokoje,7 piętro
2153,Mieszkanie z wyjątkowym klimetem w sercu Wrzeszcz,629 000 zł,Gdańsk,Górny,60.7 m²,2 pokoje,5 piętro
2154,"Nowe osiedle, blisko morza, 2 miejsca postojowe",885 000 zł,Gdańsk,Brzeźno,45.46 m²,2 pokoje,1 piętro
2155,Nowe ekonomiczne mieszkanie z dużym ogródkiem południowo-zachodnim.,525 000 zł,Brak danych,Brak danych,51.7 m²,2 pokoje,parter
2156,I piętro ! Duży balkon ! Garderoba !,625 000 zł,Brak danych,Brak danych,56.5 m²,2 pokoje,1 piętro
2157,Mieszkanie 41.81 m2 SOHO HOUSE Centrum miasta !!,351 000 zł,Brak danych,Brak danych,41.81 m²,2 pokoje,1 piętro
2158,klimatyczny segment w Grodzisku Mazowieckim,849 000 zł,Brak danych,Brak danych,78 m²,3 pokoje,parter
2159,Apartament z pięknym ogrodem,869 000 zł,Opole,Chmielowice,85 m²,3 pokoje,parter
2160,"Stylowe, nowoczesne mieszkanie z ogródkiem",629 000 zł,Opole,Wieś,49.5 m²,2 pokoje,parter
2161,Unikalne 3-pok po generalnym remoncie! 700m metro,989 000 zł,Warszawa,Ursynów,53 m²,3 pokoje,6 piętro
2162,Bezczynszowe 2 pokoje piwnica centrum Wejherowa,399 000 zł,Brak danych,Brak danych,64.19 m²,2 pokoje,2 piętro
2163,"Aqua Tower 1 piętro 3 pokoje Winda 3,2m wysokości",625 000 zł,Brak danych,Brak danych,49.37 m²,3 pokoje,1 piętro
2164,Nowe Wykończone | 3 Pokoje | Ruczaj | tramwaj,995 000 zł,Kraków,Dębniki,57.19 m²,3 pokoje,2 piętro
2165,Kamienica Stare Miasto Toruń 12 mieszkań,213 900 000 zł,Toruń,Brak danych,604.53 m²,Brak danych,Brak danych
2166,"Urysnów, 93,68m m, garaż na 2 samochody, piwnica, działka 360 m",211 720 000 zł,Warszawa,Ursynów,93.68 m²,3 pokoje,3 piętro
2167,Pilnie sprzedam Apartament 102m2 Wysoki Standard Józefosław,121 199 000 zł,Brak danych,Brak danych,103 m²,4 pokoje,2 piętro
2168,"Ul. Starowiejska, 2 pokoje, dzień otwarty 23.07",200 000 zł,Elbląg,Starowiejska,34.6 m²,2 pokoje,1 piętro
2169,Komfortowy 5-pokojowy apartament nad Wisłą,141 915 000 zł,Warszawa,Północ,95.98 m²,5 pokoje,4 piętro
2170,"Dla komfortowego życia: na sprzedaż 3-pok, Gocław",930 000 zł,Warszawa,Południe,70 m²,3 pokoje,4 piętro
2171,"Ursus ul. Chełmońskiego, 88,70 m ,GARAŻ, 2 komórkI",211 295 000 zł,Warszawa,Ursus,88.7 m²,3 pokoje,3 piętro
2172,Kawalerka z potencjałem + możliwość zakupu ogródka działkowego!,420 000 zł,Wrocław,Fabryczna,30.9 m²,1 pokoje,Brak danych
2173,Apartamenty Liściasta – Komfort w Otoczeniu Natury,468 000 zł,Brak danych,Brak danych,58.5 m²,4 pokoje,parter
2174,3 Pokoje Gdynia Witomino,519 000 zł,Gdynia,Brak danych,49 m²,3 pokoje,4 piętro
2175,Bezczynszowe mieszkanie na Ustroniu IV,645 000 zł,Brak danych,Brak danych,90 m²,3 pokoje,2 piętro
2176,"Mieszkanie 2 pok. z balkonem, na parterze, Serbinowska",259 000 zł,Brak danych,Brak danych,38.87 m²,2 pokoje,parter
2177,Mieszkanie 2-pok. na oś. Fuzja/ Tylko w M2Poland Estate!,465 405 zł,Łódź,Widzew,40.47 m²,2 pokoje,3 piętro
2178,1. piętro | 3 pokoje | INWESTYCJA,454 000 zł,Brak danych,Brak danych,59.61 m²,3 pokoje,1 piętro
2179,"PROMOCJA!!! ODDANE 4-pok 2balkony stan dew 80,58m2",821 916 zł,Warszawa,Białołęka,80.58 m²,4 pokoje,2 piętro
2180,"NOWE 3-pok wykończone 60,85m2 NISKA CENA",791 050 zł,Warszawa,Białołęka,60.85 m²,3 pokoje,2 piętro
2181,✅Klimatyzacja✅ Balkon ✅ Garaż podziemny,960 000 zł,Kraków,Podgórze,59 m²,2 pokoje,6 piętro
2182,Na sprzedaż lokal mieszkalno-usługowy -bezczynszowy– Gliwice,480 000 zł,Gliwice,Brak danych,50 m²,2 pokoje,1 piętro
2183,"PROMOCJA! NOWE, ODDANE, 4POK 76,62M2 BLISKO KANAŁKU ŻERAŃSKIEGO",804 510 zł,Warszawa,Białołęka,76.62 m²,4 pokoje,2 piętro
2184,"2pak 2niezależne kawalerki, Wola ul. Jana Krysta",367 000 zł,Warszawa,Wola,27 m²,1 pokoje,2 piętro
2185,3-pokojowe mieszkanie 59m2 + loggia Bez Prowizji,851 433 zł,Kraków,Biały,59.62 m²,3 pokoje,6 piętro
2186,Mieszkanie w Sopocie z widokiem na morze,850 000 zł,Brak danych,Brak danych,46.7 m²,3 pokoje,7 piętro
2187,✅DOŚWIETLONY UKŁAD✅ 8 piętro | Duży SALON❗️PROMOCJA❗️Tanie M.Postojowe,469 469 zł,Poznań,Miasto,42.51 m²,2 pokoje,8 piętro
2188,"Wykończone lux, ciche, słoneczne z ogrodem tuż przy lesie.",213 364 000 zł,Warszawa,Bielany,116 m²,4 pokoje,parter
2189,5900ZŁ/m2 - 2/3 pokoje - ogródek - FIRST MINUTE,299 999 zł,Brak danych,Brak danych,50.84 m²,3 pokoje,parter
2190,2-pokojowe mieszkanie 57m2 + ogródek Bez Prowizji,10 975 zł,Gdańsk,Jasień,99 m²,4 pokoje,Brak danych
2191,3-pokojowe mieszkanie 55m2 + balkon,971 838 zł,Warszawa,Mokotów,55.9 m²,3 pokoje,1 piętro
2192,-Okazja-Gądów-Med.Miejskie-Balkon-Rozkład-2stronne,559 899 zł,Wrocław,Fabryczna,51.5 m²,2 pokoje,1 piętro
2193,!-Okazja-5min Do Rynku-2pok-Media Miejskie-Zieleń-,455 000 zł,Wrocław,Miasto,42.1 m²,2 pokoje,1 piętro
2194,M2 w centrum na sprzedaż,299 000 zł,Brak danych,Brak danych,34.6 m²,2 pokoje,parter
2195,2- pok. mieszkanie do remontu ul. Pułaskiego,290 000 zł,Łódź,Bałuty,45.13 m²,2 pokoje,3 piętro
2196,"NOWE, WYKOŃCZONE, GOTOWE DO ZAMIESZKANIA 40,18M2 BALKON",602 700 zł,Warszawa,Białołęka,40.18 m²,2 pokoje,1 piętro
2197,1-pok.mieszkanie z garażem przy latarni morskiej !,590 000 zł,Brak danych,Brak danych,37.77 m²,1 pokoje,2 piętro
2198,"Mieszkanie w samym Śródmieściu - klimatyzacja, winda",543 612 zł,Katowice,Śródmieście,61.08 m²,2 pokoje,2 piętro
2199,Gotowiec inwestycyjny - Idealne na start,250 000 zł,Brak danych,Brak danych,43.6 m²,2 pokoje,1 piętro
2200,Mieszkanie 3-pokojowe z tarasem i ogrodem! Miejsce+Komórka lokatorska,730 000 zł,Brak danych,Brak danych,52.9 m²,3 pokoje,parter
2201,3 pokojowe mieszkanie-Kraków-ul. Łepkowskiego,729 000 zł,Kraków,Brak danych,55 m²,3 pokoje,parter
2202,Mieszkanie z klimatem – 3 pokoje z dużym balkonem,860 000 zł,Warszawa,Białołęka,52.72 m²,3 pokoje,1 piętro
2203,Mieszkanie do zakupu inwestycyjnego w Śródmieściu Katowic,570 180 zł,Katowice,Śródmieście,55.9 m²,2 pokoje,1 piętro
2204,Apartament przy Szczecińskiej Gubałówce !!!,699 000 zł,Szczecin,Północ,92 m²,4 pokoje,1 piętro
2205,Sprzedam atrakcyjny Apartament Ustronie Morskie w 1 linii brzegowej,599 000 zł,Brak danych,Brak danych,29.34 m²,1 pokoje,2 piętro
2206,Wyjątkowy apartament - dzielnica muzyczna,131 200 000 zł,Bydgoszcz,Bartodzieje,80 m²,3 pokoje,4 piętro
2207,Inwestycyjne 2 pokoje + 15min PLAŻA/CENTRUM + Umów dni OTWARTE ZOBACZ,379 000 zł,Gdynia,Wiczlino,34 m²,2 pokoje,Brak danych
2208,Słoneczne 4 pokoje + 15min Centrum/PLAŻA + Umów termin DNI OTWARTE,640 800 zł,Gdynia,Wiczlino,62 m²,4 pokoje,Brak danych
2209,⭐Nowe 3 pokoje + GARAŻ ⭐+ 15min CENTRUM/PLAŻA + Umów dni OTWARTE⭐,515 500 zł,Gdynia,Wiczlino,50 m²,3 pokoje,Brak danych
2210,Kawalerka z osobną kuchnią- Kraków- ul. Strzelców,459 000 zł,Kraków,Brak danych,32.23 m²,1 pokoje,parter
2211,Wyjątkowy dwupoziomowy apartament z tarasem i podziemną halą garażową,999 000 zł,Brak danych,Brak danych,154 m²,4 pokoje,parter
2212,"3 pokoje, centrum, 1 piętro",345 000 zł,Brak danych,Brak danych,60 m²,3 pokoje,1 piętro
2213,3 pokoje | Świetna lokalizacja | Atrakcyjna Cena,"830 415,85 zł",Warszawa,Północ,55.27 m²,3 pokoje,1 piętro
2214,Luksusowy APARTAMENT na POLANCE o WYJĄTKOWYM charakterze blisko MALTY,191 049 000 zł,Poznań,Miasto,65 m²,3 pokoje,2 piętro
2215,3 pokoje/balkon/Heleny/ 3 piętro,449 000 zł,Szczecin,Śródmieście,58.13 m²,3 pokoje,3 piętro
2216,2-pok. mieszkanie w zielonej okolicy*Nowe Miasto,480 000 zł,Białystok,Miasto,57.25 m²,2 pokoje,3 piętro
2217,Apartament na 25. piętrze | 3 pokoje | Wola,"52 755 596,44 zł",Warszawa,Wola,85.8 m²,3 pokoje,10 piętro
2218,"2 pokoje, cicha okolica, garaż, komórka lokatorska",404 000 zł,Rzeszów,Bzianka,46.6 m²,2 pokoje,1 piętro
2219,Katowice ul. Witosa 60 m2⭐ 3 pokoje + duży balkon,479 000 zł,Katowice,Brak danych,60 m²,3 pokoje,5 piętro
2220,3 pokoje | Ursus | ul Silnikowa | blisko kolei,800 000 zł,Warszawa,Ursus,56.37 m²,3 pokoje,1 piętro
2221,Sobieskiego | Inwestycyjnie | 2 kawalerki,760 000 zł,Warszawa,Mokotów,47.5 m²,2 pokoje,3 piętro
2222,❗️OSTATNI TAKI UKŁAD❗️Dwie str. świata | 2 BALKONY✅TANIE M.Post w HALI,581 145 zł,Poznań,Miasto,57.08 m²,4 pokoje,4 piętro
2223,"Rondo Solidarności, Szpital CKD, Wydział Prawa⭐2xgaraż⭐komórka",685 900 zł,Łódź,Śródmieście,80 m²,4 pokoje,4 piętro
2224,Atrakcyjne mieszkanie - PARTER,415 000 zł,Brak danych,Brak danych,35 m²,2 pokoje,parter
2225,Do sprzedaży M-4 pow. 64 m/kw ul. Sieroszewskiego blok IV pietro,319 000 zł,Częstochowa,Raków,64 m²,3 pokoje,4 piętro
2226,"Mokotowska 100 m od Pl. Zbawiciela, 3 pokoje",112 299 000 zł,Warszawa,Śródmieście,94.36 m²,3 pokoje,3 piętro
2227,Nowoczesny Apartament Przy Bulwarach Wiślanych!,161 800 000 zł,Kraków,Zwierzyniec,49.29 m²,2 pokoje,1 piętro
2228,Świeżo wykończone 3 pokoje przy ul.Relaksowej,699 000 zł,Lublin,Sławin,55.78 m²,3 pokoje,3 piętro
2229,Sprzedam bezpośrednio kawalerkę w kamienicy Praga Północ,385 000 zł,Warszawa,Północ,20.69 m²,1 pokoje,2 piętro
2230,"Apartament blisko centrum Koszalina, ul. Komisji Edukacji Narodowej",438 900 zł,Koszalin,Brak danych,39.29 m²,1 pokoje,3 piętro
2231,"3 pokojowe mieszkanie na Mokotowie. Komórka, garaż",211 300 000 zł,Warszawa,Mokotów,65 m²,3 pokoje,4 piętro
2232,"4 mikro kawalerki, ROI 8%, przy metrze",101 590 000 zł,Warszawa,Targówek,88 m²,4 pokoje,1 piętro
2233,Blok 2 pietra+ winda+ niski czynsz,463 000 zł,Warszawa,Białołęka,35 m²,2 pokoje,2 piętro
2234,Apartament Typu Studio Z Widokiem Na ŚNieŻkĘ,585 000 zł,Brak danych,Brak danych,27.65 m²,1 pokoje,parter
2235,Wysoki standard mieszkanie Tarnów,437 000 zł,Tarnów,Brak danych,48 m²,3 pokoje,2 piętro
2236,Moje Bielany,13 857 zł,Warszawa,Bielany,81 m²,5 pokoje,Brak danych
2237,Słoneczny 2-poziomowy Apartament z działką 296m2,290 000 zł,Chorzów,Centrum,90 m²,3 pokoje,1 piętro
2238,Mokotów | 2 pokoje | balkon | idealne pod wynajem,690 000 zł,Warszawa,Mokotów,43.4 m²,2 pokoje,9 piętro
2239,Revital: Stylowy Mikroapartament - Widok na Morze - Garaż - 23% VAT,429 000 zł,Brak danych,Brak danych,18.2 m²,1 pokoje,2 piętro
2240,Urocza kawalerka Plac Słowiański Bytom,995 888 zł,Bytom,Brak danych,32.07 m²,1 pokoje,4 piętro
2241,Słoneczne mieszkanie 2-pokojowe w kołobrzeskim PORCIE,480 000 zł,Brak danych,Brak danych,31.02 m²,2 pokoje,3 piętro
2242,Białołęka Książkowa ⭐2 pokoje z opcją 3 + balkon,619 000 zł,Warszawa,Białołęka,44.6 m²,2 pokoje,parter
2243,2 pokoje z balkonem | Doskonały start |,615 000 zł,Kraków,Biały,38.84 m²,2 pokoje,4 piętro
2244,Dwupokojowe mieszkanie na Osiedlu Młodych,320 000 zł,Brak danych,Brak danych,40.5 m²,2 pokoje,3 piętro
2245,15 Min do Pl.Grunwald-Rozkład-3/4pok-Miejskie Med.,548 999 zł,Wrocław,Pole,64 m²,3 pokoje,6 piętro
2246,Okazyjne 2 pokoje na wynajem,339 000 zł,Bydgoszcz,Wolności,37 m²,2 pokoje,3 piętro
2247,Kawalerka przy Kasowej,186 000 zł,Łódź,Górna,20 m²,1 pokoje,4 piętro
2248,"2 pokoje, gotowe do wprowadzenia, bez PCC",121 399 000 zł,Warszawa,Wola,47.89 m²,2 pokoje,2 piętro
2249,Nowy lokal przy kolei WKD bez PCC bez prowizji,224 000 zł,Warszawa,Ursus,18 m²,1 pokoje,1 piętro
2250,"M-4, Jastrzębie-Zdrój, ul.Wielkopolska.",319 000 zł,Jastrzębie,Brak danych,55.7 m²,3 pokoje,10 piętro
2251,"2 pokoje, wykończone, bez PCC",71 049 000 zł,Warszawa,Wola,32.22 m²,2 pokoje,2 piętro
2252,2-pokojowe mieszkanie 40m2 + ogródek Bezpośrednio,632 zł,Poznań,Kostrzyn,54 m²,3 pokoje,Brak danych
2253,3-pokojowe mieszkanie 54m2 + ogródek Bezpośrednio,524 064 zł,Łódź,Górna,54.59 m²,3 pokoje,parter
2254,Do sprzedaży M-4 pow. 64 m/kw ul. Sieroszewskiego blok IV pietro,319 000 zł,Częstochowa,Raków,64 m²,3 pokoje,4 piętro
2255,"BEZ PROWIZJI! Wrocław Hallera – 3 pokoje, widok, loggia!",859 850 zł,Wrocław,Brak danych,59.3 m²,3 pokoje,6 piętro
2256,2-pokojowe mieszkanie 40m2 + ogródek Bezpośrednio,389 025 zł,Łódź,Górna,40.95 m²,2 pokoje,parter
2257,Villa Rosenthal,816 145 zł,Wrocław,Pole,94 m²,4 pokoje,Brak danych
2258,Apartament 5 pokoi na Baranówku,860 000 zł,Kielce,Baranówek,96.77 m²,5 pokoje,1 piętro
2259,Nowe 3-pokojowe mieszkanie z balkonem! PROMOCJA - Bezposrednio,476 364 zł,Brak danych,Brak danych,56.71 m²,3 pokoje,1 piętro
2260,Kraków ul. Zygmuntowska 2-poziomowe 0% PROWIZJI,840 000 zł,Kraków,Brak danych,93 m²,5 pokoje,4 piętro
2261,2 pokojowe mieszkanie w centrum Połańca,266 000 zł,Brak danych,Brak danych,45.2 m²,2 pokoje,2 piętro
2262,"4 mikro kawalerki, ROI 8,5%, metro Bemowo, nowe.",121 499 000 zł,Warszawa,Bemowo,75.2 m²,4 pokoje,2 piętro
2263,Mieszkanie na sprzedaż M3 - 50 m - Pabianice Bugaj ul. Mokra,355 000 zł,Brak danych,Brak danych,50.02 m²,2 pokoje,4 piętro
2264,Duże 3pok_Zobacz na żywo❗️Ostatnie Gotowe,397 500 zł,Brak danych,Brak danych,57.2 m²,4 pokoje,3 piętro
2265,3 - pokoje z możliwością zrobienia 4 pokoi + piwnica,755 000 zł,Wrocław,Śródmieście,75.11 m²,4 pokoje,parter
2266,Kawalerka w Okazyjnej Cenie – Idealna na Start!,389 000 zł,Kraków,Krzesławickie,25.96 m²,1 pokoje,parter
2267,"2 pokoje z oddzielną widną kuchnią, bezpośrednio",469 000 zł,Warszawa,Targówek,37.7 m²,2 pokoje,6 piętro
2268,2 pokoje z pięknym widokiem centrum warszawy,735 000 zł,Warszawa,Wola,37 m²,2 pokoje,10 piętro
2269,Mieszkanie 3pok. po remoncie na Zaodrze,559 000 zł,Opole,Zaodrze,56.9 m²,3 pokoje,4 piętro
2270,2-pokojowe mieszkanie z garderobą i klimatyzacją,849 000 zł,Warszawa,Wilanów,45 m²,2 pokoje,3 piętro
2271,"51,30 m2 na Wawrze ul. Dzięcieliny",710 000 zł,Warszawa,Wawer,51.3 m²,2 pokoje,1 piętro
2272,Lokal inwestycyjny z miejscem parkingowym Warszawa,415 000 zł,Warszawa,Brak danych,25.7 m²,1 pokoje,2 piętro
2273,Komfortowe studio z ogródkiem 25m2 na Kamionku,618 000 zł,Warszawa,Południe,30.9 m²,1 pokoje,parter
2274,"Przytulne, nowe 3-pokojowe mieszkanie na Białołęce",657 780 zł,Brak danych,Brak danych,47.32 m²,3 pokoje,2 piętro
2275,"przytulne, nowe 3 pokojowe mieszkanie",664 698 zł,Warszawa,Białołęka,47.82 m²,3 pokoje,2 piętro
2276,"Mieszkanie 2-pok, 30.86 m2, ul. Lubraniecka",158 000 zł,Elbląg,Brak danych,30.86 m²,2 pokoje,1 piętro
2277,"Mieszkanie 3 pokojowe, 60 m2, ul.Poniatowskiego",459 000 zł,Brak danych,Brak danych,60.39 m²,3 pokoje,4 piętro
2278,Wyjątkowe mieszkanie w sercu Świdnicy,419 000 zł,Brak danych,Brak danych,63 m²,2 pokoje,Brak danych
2279,Ciche mieszkanie w świetnej lokalizacji,211 400 000 zł,Warszawa,Wola,73.08 m²,3 pokoje,2 piętro
2280,"48,90 m2, ul.Biedronki, z dużym balkonem i piwnicą",410 000 zł,Lublin,Północne,48.9 m²,2 pokoje,3 piętro
2281,"56 m2, ul. Podzamcze , po remoncie",589 000 zł,Lublin,Śródmieście,55.84 m²,2 pokoje,1 piętro
2282,"*** Szerokie, ul. Sławin, dla rodziny ***",764 000 zł,Lublin,Szerokie,76.68 m²,3 pokoje,1 piętro
2283,2 pokoje- idealne na inwestycję,338 000 zł,Warszawa,Południe,36 m²,2 pokoje,suterena
2284,Szeregówka z Garażem 7min od Tramwaju_Zobacz pokazowy dom_przy zieleni,850 500 zł,Gdańsk,Jasień,92.88 m²,4 pokoje,parter
2285,M3 - Cicha Sypialnia - TRAMWAJ - BLISKO A4 - DARMOWY INTERNET,671 000 zł,Wrocław,Krzyki,51.3 m²,3 pokoje,8 piętro
2286,NOWE mieszkanie WIDOK NA MORZE XIII piętro,695 000 zł,Gdańsk,Letnica,29.3 m²,1 pokoje,10 piętro
2287,2-pokojowe mieszkanie 40m2 + ogródek Bezpośrednio,389 025 zł,Łódź,Górna,40.95 m²,2 pokoje,parter
2288,✅NAJWIĘKSZE M2 w NOWEJ Inwestycji❗️RABATY❗️Dostępne inne piętra❗️0%PCC,468 867 zł,Poznań,Miasto,43 m²,2 pokoje,2 piętro
2289,Cena do negocjacji! Przestronne 3-pokojowe mieszkanie z balkonem,295 000 zł,Jastrzębie,Turystyczna,57.91 m²,3 pokoje,2 piętro
2290,"4 pokoje, mieszkanie na sprzedaż z działką+garaż",980 000 zł,Gliwice,Polskiego,118.47 m²,4 pokoje,1 piętro
2291,Sprzedam mieszanie 2 pokoje Sępolno Wrocław,775 000 zł,Wrocław,Brak danych,56 m²,2 pokoje,1 piętro
2292,"Mieszkanie w kamienicy 42 m, pierwsze pietro.",189 000 zł,Bydgoszcz,Szwederowo,43 m²,2 pokoje,1 piętro
2293,Krowodrza G. ⭐Rusznikarska Deptak ⭐3 pok+ parking,695 000 zł,Kraków,Biały,54 m²,4 pokoje,parter
2294,Luksusowe mieszkanie przy Parku Szczęśliwickim,181 100 000 zł,Warszawa,Ochota,50 m²,2 pokoje,1 piętro
2295,BLISKO RZEKI ✅Premium✅Klimatyzacja ✅SPA I SIŁOWNIA ✅,211 499 000 zł,Wrocław,Miasto,61.05 m²,3 pokoje,1 piętro
2296,"Słoneczne, przestronne, umeblowane do zamieszkania",499 000 zł,Brak danych,Brak danych,66.6 m²,3 pokoje,3 piętro
2297,"Wyposażone mieszkanie po remoncie, Centrum Chorzowa",250 000 zł,Chorzów,Centrum,52.56 m²,2 pokoje,2 piętro
2298,Na sprzedaż 3 pokojowe mieszkanie w Kołobrzegu,499 000 zł,Brak danych,Brak danych,53.16 m²,3 pokoje,4 piętro
2299,"Mieszkanie 49 m2, ul. Sekutowicza z dużym balkonem",549 000 zł,Lublin,Ponikwoda,49 m²,2 pokoje,1 piętro
2300,Po generalnym remoncie | Przy Wiśle | Komórka i Mp,699 900 zł,Warszawa,Białołęka,52.7 m²,3 pokoje,parter
2301,Kawalerka - stan deweloperski–idealna inwestycja,283 470 zł,Bydgoszcz,Śródmieście,25.77 m²,1 pokoje,5 piętro
2302,Idealny apartmanet na inwestycję lub second home,211 090 000 zł,Gdańsk,Oliwa,45 m²,2 pokoje,6 piętro
2303,Na sprzedaż 3 pokojowe mieszkanie na Pomorzanach,480 000 zł,Szczecin,Zachód,57.2 m²,3 pokoje,9 piętro
2304,Nowość! 3-pokojowe mieszkanie na Śmiałego,549 000 zł,Poznań,Miasto,62.3 m²,3 pokoje,10 piętro
2305,PIOTRKOWSKA 44: Apartament Idealny Na Krótki Najem,889 065 zł,Łódź,Śródmieście,77.31 m²,3 pokoje,1 piętro
2306,3 Pokoje| Las| Oddzielna Kuchnia| Od Zaraz,545 000 zł,Brak danych,Brak danych,64.2 m²,3 pokoje,2 piętro
2307,Niesamowita kawalerka/stan deweloperski/Bytom,223 175 zł,Bytom,Brak danych,28.25 m²,1 pokoje,1 piętro
2308,Świetna lokalizacja,235 000 zł,Łódź,Górna,32.11 m²,2 pokoje,3 piętro
2309,os. Jana III Sobieskiego 3 pok 63 mkw,579 000 zł,Poznań,Miasto,63 m²,3 pokoje,1 piętro
2310,Gotowe do wprowadzenia,349 000 zł,Łódź,Górna,35 m²,1 pokoje,9 piętro
2311,Enklawa Ciszy i Spokoju,699 000 zł,Łódź,Bałuty,80 m²,4 pokoje,3 piętro
2312,Mieszkanie gotowe do wprowadzenia!,242 000 zł,Elbląg,Ogrodowa,27.11 m²,1 pokoje,3 piętro
2313,Metro| Oddzielna kuchnia| KW do założenia,850 000 zł,Warszawa,Mokotów,60 m²,2 pokoje,1 piętro
2314,Wow wielki Rabat 160tys Gotowe 3ppok+hala k. Westfield_Umów się dziś!,1 043 419 zł,Warszawa,Mokotów,66.44 m²,3 pokoje,1 piętro
2315,"Widok na jezioro, taras i wysoki standard – 2 pokoje, 44m2, Olecko",400 000 zł,Brak danych,Brak danych,44.44 m²,2 pokoje,2 piętro
2316,Słoneczne mieszkanie M3 blisko centrum miasta,225 000 zł,Lublin,Tysiąclecia,34 m²,2 pokoje,3 piętro
2317,Kawalerka na os. Panorama + balkon + miejsce postojowe + piwnica,330 000 zł,Brak danych,Brak danych,26.92 m²,1 pokoje,1 piętro
2318,2 pokoje | dobra komunikacja| inwestyccyjne | na start,556 895 zł,Wrocław,Krzyki,36 m²,2 pokoje,1 piętro
2319,Mieszkanie na wysokim piętrze w centrum Warszawy,749 900 zł,Warszawa,Wola,49 m²,2 pokoje,10 piętro
2320,Metro-12min |Oddzielna kuchnia| Pełna własność,549 000 zł,Warszawa,Południe,33.5 m²,1 pokoje,parter
2321,Sprzedam mieszanie 2 pokoje Sępolno Wrocław,775 000 zł,Wrocław,Brak danych,56 m²,2 pokoje,1 piętro
2322,3-pokojowe mieszkanie 74m2 + taras Bezpośrednio,858 973 zł,Gliwice,Śródmieście,74.37 m²,3 pokoje,5 piętro
2323,Mieszkanie Kórnik Radzewo,459 000 zł,Poznań,Kórnik,80.51 m²,4 pokoje,Brak danych
2324,Mieszkanie Żory Powstańców Śl M4 niski blok Balkon,349 000 zł,Brak danych,Brak danych,55.47 m²,3 pokoje,3 piętro
2325,SPRZEDAM MIESZKANIE,255 000 zł,Gliwice,Łabędy,47.2 m²,2 pokoje,1 piętro
2326,3 pokoje w paryskim stylu na Saskiej Kępie,930 000 zł,Warszawa,Południe,48 m²,3 pokoje,parter
2327,Mieszkanie z dużym ogrodem na osiedlu z jeziorkami,927 000 zł,Warszawa,Ursynów,45.62 m²,2 pokoje,parter
2328,Apartament 2-pok | balkon | garaż | Wola Justowska,141 050 000 zł,Kraków,Zwierzyniec,44.79 m²,2 pokoje,3 piętro
2329,Eleganckie| 2 poziomy |2 tarasy| 2xparking| 100m2,172 699 000 zł,Warszawa,Wola,100 m²,4 pokoje,2 piętro
2330,"Gotowe do wejścia! 2 pokoje + balkon, Reden",359 000 zł,Brak danych,Brak danych,38 m²,2 pokoje,2 piętro
2331,Mieszkanie z ogrodem i garażem - Projektant,689 000 zł,Rzeszów,Przybyszówka,63 m²,3 pokoje,parter
2332,5 pokojowe z dużym tarasem | 2 miejsca postojowe | Stan deweloperski,151 049 000 zł,Lublin,Południowy,96 m²,5 pokoje,1 piętro
2333,"Gotowe, komfortowe z balkonem, garaż I Grunwald ul. Wojskowa 2008r.",625 000 zł,Poznań,Grunwald,48.4 m²,2 pokoje,3 piętro
2334,"3 pokoje, II piętro, blok",305 000 zł,Brak danych,Brak danych,46.1 m²,3 pokoje,2 piętro
2335,"super widok na las, cisza, spokój",141 200 000 zł,Warszawa,Żoliborz,43.15 m²,2 pokoje,parter
2336,3-pokojowe mieszkanie | Doskonała lokalizacja,680 000 zł,Warszawa,Wola,48.8 m²,3 pokoje,2 piętro
2337,Przy lesie |Balkon|Piwnica| możliwość założenia KW,670 000 zł,Warszawa,Wawer,47.5 m²,3 pokoje,2 piętro
2338,Wykończone|Bez podatku PCC|Przy Szkole,740 000 zł,Brak danych,Brak danych,62 m²,3 pokoje,1 piętro
2339,|Metro|Po Remoncie|10. piętro|Widokowe|,765 000 zł,Warszawa,Mokotów,50 m²,3 pokoje,10 piętro
2340,Funkcjonalne M3 niski blok parter,219 000 zł,Jastrzębie,Krasickiego,37.82 m²,2 pokoje,parter
2341,"Funkcjonalne, 2 pokojowe mieszkanie w Swarzędzu!",439 000 zł,Poznań,Swarzędz,48 m²,2 pokoje,1 piętro
2342,Apartament z ogródkiem i 2 miejscami postojowymi !,799 000 zł,Brak danych,Brak danych,76.13 m²,3 pokoje,parter
2343,Nowe mieszkanie 2-pokojowe - w nowej inwestycji,420 910 zł,Brak danych,Brak danych,42.95 m²,2 pokoje,1 piętro
2344,Jasne I Przestronne Mieszkanie W Borkowie!,211 099 000 zł,Gdańsk,Brak danych,102.6 m²,5 pokoje,1 piętro
2345,Apartament w kameralnej willi z widokiem na park,193 150 000 zł,Warszawa,Bielany,136.93 m²,4 pokoje,1 piętro
2346,2-pokojowe mieszkanie z dużym balkonem | Nowoczesna inwestycja,649 000 zł,Kraków,Biały,39.35 m²,2 pokoje,4 piętro
2347,Wyjątkowa lokalizacja | NG Development | 2 pokoje,554 550 zł,Rzeszów,Drabinianka,36.97 m²,2 pokoje,3 piętro
2348,Unikatowy apartament z prywatnym tarasem dachowym,211 899 900 zł,Gdańsk,Osowa,139 m²,3 pokoje,4 piętro
2349,OGRZEWANIE MIEJSKIE - 2 pokoje - blisko CENTRUM - OKAZJA bezpośrednio,469 000 zł,Wrocław,Fabryczna,40 m²,2 pokoje,1 piętro
2350,Jasne / Przestronne / z Ogródkiem / Ostatnie!,609 855 zł,Wrocław,Pole,54.5 m²,3 pokoje,parter
2351,SPÓŁDZIELCZE/Tylko u nas/blok/Koszalińska/niski czynsz/Umeblowane,289 000 zł,Słupsk,Koszalińska,32.5 m²,2 pokoje,4 piętro
2352,"Bezpośrednio, Wyremontowane 2ostatnie M3 po 37m!",429 000 zł,Łódź,Polesie,37 m²,2 pokoje,5 piętro
2353,M4 I PRZYSTOSOWANE DLA NIEPEŁNOSPRAWNYCH I,974 720 zł,Brak danych,Brak danych,76.15 m²,4 pokoje,parter
2354,|BEZ PROWIZJI | Bardzo jasne M3 | DO REMONTU | 53m2 | Bródno |,630 000 zł,Warszawa,Targówek,53.16 m²,3 pokoje,6 piętro
2355,Mieszkanie trzypokojowe - otwarta kuchnia,420 000 zł,Brak danych,Brak danych,62.8 m²,3 pokoje,3 piętro
2356,"4 pokoje, Gaj, balkon, dwustronne",750 000 zł,Wrocław,Krzyki,71.5 m²,4 pokoje,8 piętro
2357,Mieszkanie Żory Powstańców Śl M4 niski blok Balkon,349 000 zł,Brak danych,Brak danych,55.47 m²,3 pokoje,3 piętro
2358,2 pokoje 45m2 z ogródkiem 30m2 w Zamieniu koło Ursynowa,599 000 zł,Warszawa,Ursynów,44.68 m²,2 pokoje,parter
2359,Sprzedaż mieszkania na Lwa blisko Malty,517 000 zł,Poznań,Miasto,43.07 m²,2 pokoje,parter
2360,Stylowo wykończone M z GARDEROBĄ na Polance,649 000 zł,Poznań,Miasto,41.88 m²,2 pokoje,5 piętro
2361,"Nowe, wykończone mieszkanie bez 2% PCC",395 000 zł,Brak danych,Brak danych,38.84 m²,2 pokoje,1 piętro
2362,Mieszkanie 4 pokojowe z balkonem-Krakowska,485 000 zł,Rzeszów,Przybyszówka,61.65 m²,4 pokoje,1 piętro
2363,"UMEBLOWANE/2p./Hubalczyków/NISKI CZYNSZ/słoneczne, gotowe od jutra!",274 999 zł,Słupsk,Gdyńskich,32.5 m²,2 pokoje,2 piętro
2364,Spacerem na Politechnikę,750 000 zł,Poznań,Miasto,77.2 m²,3 pokoje,3 piętro
2365,Vidok Residence,190 zł,Brak danych,Brak danych,69 m²,4 pokoje,Brak danych
2366,Mieszkanie w bloku z widną/NISKI CZYNSZ/blisko żłobek i sklepy/NOWOŚĆ!,309 000 zł,Słupsk,Maja,38 m²,2 pokoje,6 piętro
2367,Dwa Pokoje po Remoncie w Centrum - Politechnika,395 000 zł,Rzeszów,Roweckiego,33.99 m²,2 pokoje,5 piętro
2368,70/15585/OMS,320 000 zł,Brak danych,Brak danych,52 m²,2 pokoje,4 piętro
2369,"Stylowe, Dwustronne Mieszkanie w Loftowym Stylu",683 000 zł,Gdańsk,Śródmieście,46 m²,2 pokoje,1 piętro
2370,ul. Mazowiecka | 3 pok. mieszkanie | 89m2 | wysoki parter | do remontu,31 100 000 zł,Kraków,Krowodrza,89 m²,3 pokoje,parter
2371,Przestronne mieszkanie dwupoziomowe,850 000 zł,Wrocław,Miasto,82.2 m²,4 pokoje,Brak danych
2372,Do sprzedania mieskzkanie 4 pokojowe Nysa ul. Sudecka,320 000 zł,Brak danych,Brak danych,69 m²,4 pokoje,10 piętro
2373,Kawalerka / studio Ząbki ul. Ułańska,230 000 zł,Brak danych,Brak danych,19.36 m²,1 pokoje,parter
2374,2 pokoje | centrum | na start | inwestycyjne | okolice Magnolii,635 660 zł,Wrocław,Fabryczna,42 m²,2 pokoje,3 piętro
2375,"Mieszkanie na Piastowskim z oszałamiającym widokiem, możliwa zamiana !",379 000 zł,Wrocław,Brak danych,46.4 m²,2 pokoje,2 piętro
2376,Sprzedam mieszkanie 3 pokojowe w Kozienicach,455 000 zł,Brak danych,Brak danych,60.56 m²,3 pokoje,parter
2377,W sercu Łodzi - Mickiewicza 15,795 000 zł,Łódź,Śródmieście,72 m²,2 pokoje,2 piętro
2378,"2- pokojowe mieszkanie, niski blok, Zabrze",235 000 zł,Zabrze,Brak danych,48.7 m²,2 pokoje,parter
2379,Przestronne mieszkanie w kamienicy w centrum !,559 000 zł,Gorzów,Śródmieście,103 m²,3 pokoje,3 piętro
2380,2 pokojowe i przestronne po remoncie. Przylesie!,365 000 zł,Koszalin,Cassino,47.6 m²,2 pokoje,6 piętro
2381,3 pokoje + jadalnia z potencjałem na 4. pokój,449 000 zł,Brak danych,Brak danych,60.66 m²,3 pokoje,4 piętro
2382,"Kawalerka z ogródkiem, garażem, komórką",297 000 zł,Łódź,Polesie,25.24 m²,1 pokoje,parter
2383,"Garsoniera blisko Rondo Polsadu , Quattro, nowy tramwaj.",399 000 zł,Kraków,Czerwony,25 m²,1 pokoje,1 piętro
2384,Tanie mieszkanie w kamienicy naprzeciwko parku | 100m od Piotrkowskiej,235 000 zł,Łódź,Górna,54.97 m²,2 pokoje,parter
2385,❗️PROMOCJA❗️M3 z GARDEROBĄ❗️Dwustronne❗️2x Balkon✅Świetny układ✅ZOBACZ,580 093 zł,Poznań,Miasto,56.6 m²,3 pokoje,4 piętro
2386,2-pokojowe mieszkanie 38m2 + balkon Bez Prowizji,515 632 zł,Warszawa,Rembertów,38.48 m²,2 pokoje,5 piętro
2387,Przedsprzedaż Magnoliowa Polana,699 000 zł,Kraków,Prokocim,98 m²,5 pokoje,1 piętro
2388,"3-pokojowe mieszkanie na sprzedaż | Kętrzyn, ul. Słowackiego",249 000 zł,Brak danych,Brak danych,55.1 m²,3 pokoje,3 piętro
2389,Na start!Pod inwestycje! Rataje,388 895 zł,Poznań,Miasto,25.09 m²,1 pokoje,parter
2390,2 pok. przestronne mieszkanie przy rondzie ONZ.,800 000 zł,Warszawa,Śródmieście,38.8 m²,2 pokoje,1 piętro
2391,150 m od plaży! Basen i Ogródek. apartament,550 000 zł,Brak danych,Brak danych,45.19 m²,2 pokoje,parter
2392,Dwupoziomowe mieszkanie z tarasem na dachu w sercu Krakowa,191 880 000 zł,Kraków,Grzegórzki,92 m²,3 pokoje,5 piętro
2393,3 pokoje z garażem na zamkniętym osiedlu!,589 000 zł,Gliwice,Łabędy,50.54 m²,3 pokoje,1 piętro
2394,"Nowoczesne M-4 ul.Polna, loftowe, klimatyzacja, BEZ POŚREDNIKÓW",360 000 zł,Brak danych,Brak danych,55 m²,4 pokoje,4 piętro
2395,3 osobne pokoje | Siłownia | Sauna | Kort | Morena,211 140 000 zł,Gdańsk,Migowo,76.1 m²,3 pokoje,parter
2396,4 pokoje | ogródek | 2 miejsca parkingowe,839 000 zł,Gdańsk,Brak danych,77.58 m²,4 pokoje,parter
2397,3 pokoje | Osobna kuchnia | Komórka,699 000 zł,Gdańsk,Brak danych,70.89 m²,3 pokoje,2 piętro
2398,widok | dwa miejsca w hali | do zamieszkania,201 199 000 zł,Gdańsk,Małe,60 m²,3 pokoje,10 piętro
2399,3pokoje | Garaż | Widać Zatokę | Słoneczna Morena,795 000 zł,Gdańsk,Migowo,54.85 m²,3 pokoje,8 piętro
2400,Garaż+komórka| Umeblowane| Kameralne osiedle,545 000 zł,Gdańsk,Jasień,42 m²,2 pokoje,1 piętro
2401,Ładne mieszkanie 52m2 na Osadzie Jana - 3 pokoje,299 000 zł,Brak danych,Brak danych,52 m²,3 pokoje,8 piętro
2402,⭐Zaraz Gotowe 2 pokoje + GARAŻ/BOKS_Tylko na DNI OTWARTE UMÓW TERMIN⭐,557 000 zł,Gdańsk,Siedlce,41 m²,2 pokoje,Brak danych
2403,Hot cena - 3 pok I piękne I Park I centrum,619 843 zł,Poznań,Grunwald,59.62 m²,3 pokoje,parter
2404,Doskonała oferta inwestycyjna,161 100 000 zł,Gdańsk,Górny,105.45 m²,7 pokoje,2 piętro
2405,"3-pokojowe mieszkanie 70m2 w Scala + balkon, nowoczesne, wyposażone",181 790 000 zł,Gdańsk,Śródmieście,70.48 m²,3 pokoje,3 piętro
2406,"2/3-pokojowe, gotowe, obok parku, Płaszów",668 000 zł,Kraków,Podgórze,43.28 m²,3 pokoje,4 piętro
2407,"Wygodne, przestronne, na kameralnym osiedlu !",211 290 000 zł,Gdańsk,Małe,70 m²,3 pokoje,1 piętro
2408,"Warszawa Mokotów, ul. Modra, pierwsze piętro, 3 pok z balkonem",161 578 000 zł,Warszawa,Brak danych,70 m²,3 pokoje,1 piętro
2409,Piętro domu w Szczawnie Zdrój z garażem i ogrodem,666 000 zł,Brak danych,Brak danych,98 m²,4 pokoje,1 piętro
2410,"3 pokoje/48,73m2 /taras 13m2/aranżacja wnętrza/od już/klimatyzacja",619 000 zł,Rzeszów,Staroniwa,48.73 m²,3 pokoje,1 piętro
2411,Urokliwe i funkcjonalne mieszkanie na Szwederowie,609 000 zł,Bydgoszcz,Szwederowo,54.7 m²,3 pokoje,2 piętro
2412,Gotowiec inwestycyjny – 2 niezależne mieszkania,349 000 zł,Brak danych,Brak danych,58.8 m²,3 pokoje,9 piętro
2413,Mieszkanie 3 pokoje. Bez prowizji !!!,465 000 zł,Brak danych,Brak danych,47.1 m²,3 pokoje,2 piętro
2414,Przytulne i rodzinne 3 pokoje z balkonem | Sosnowiec Dębowa Góra.,450 000 zł,Sosnowiec,Brak danych,84.33 m²,3 pokoje,4 piętro
2415,"Mieszkanie 50 m od Rynku – klimatyczne, 3 pokoje, miejskie CO",416 950 zł,Gliwice,Śródmieście,46 m²,3 pokoje,1 piętro
2416,Piękne mieszkanie od szęśliwej rodziny |po remoncie| loggia |piwnica,748 000 zł,Warszawa,Bemowo,46.8 m²,2 pokoje,2 piętro
2417,Brak prowizji i PCC | 4 pokoje | Taras na dachu!,830 000 zł,Kraków,Prokocim,67.89 m²,4 pokoje,1 piętro
2418,Ładne mieszkanie z dużym tarasem i dwustanowiskowym miejscem garażowym,599 900 zł,Szczecin,Zachód,50.14 m²,3 pokoje,5 piętro
2419,NA SPRZEDAŻ! 3 pokojowe Plac Jana Pawła,599 000 zł,Gorzów,Górczyn,71.66 m²,3 pokoje,parter
2420,❗️OSTATNI TAKI UKŁAD❗️Dwie str. świata | 2 BALKONY✅TANIE M.Post w HALI,581 145 zł,Poznań,Miasto,57.08 m²,4 pokoje,4 piętro
2421,3-pokojowe mieszkanie 74m2 + taras Bezpośrednio,858 973 zł,Gliwice,Śródmieście,74.37 m²,3 pokoje,5 piętro
2422,Piękne mieszkanie z widokiem na jezioro Malta,449 000 zł,Poznań,Miasto,34.39 m²,2 pokoje,5 piętro
2423,kompleksowo urządzone po generalnym remoncie,299 000 zł,Brak danych,Brak danych,26 m²,2 pokoje,1 piętro
2424,Jasny soft-loft 15 min piechotą od rynku Wrocław,995 000 zł,Wrocław,Brak danych,56.37 m²,3 pokoje,5 piętro
2425,Gotowe Mieszkanie z Duzym ogródkiem-Od Dewelopera,495 000 zł,Rzeszów,Przybyszówka,54.88 m²,3 pokoje,0 piętro
2426,Kameralne dwupokojowe mieszkanie | Garaż | Wszystkie meble w cenie!,679 000 zł,Warszawa,Wola,34.3 m²,2 pokoje,3 piętro
2427,"Mieszkanie na sprzedaż, Wrocław, 3 pokoje",515 000 zł,Wrocław,Mieszkanie Na Sprzedaż,58 m²,3 pokoje,4 piętro
2428,Ciche mieszkanie - wygodny rozkład,999 000 zł,Gdańsk,Letnica,62 m²,3 pokoje,3 piętro
2429,Przytulne mieszkanie 2 pokojowe,525 000 zł,Gdynia,Maksymiliana,31.6 m²,2 pokoje,2 piętro
2430,Gotowe do zamieszkania 2 pokoje - Witomino,525 000 zł,Gdańsk,Brak danych,40.6 m²,2 pokoje,9 piętro
2431,MIESZKANIE przestronne 3 pokojowe os.Manhattan,499 000 zł,Gorzów,Górczyn,65 m²,3 pokoje,4 piętro
2432,2-pok. mieszkanie z widokiem na panoramę Krakowa.,687 000 zł,Kraków,Czerwony,43 m²,2 pokoje,7 piętro
2433,Kawalerka gotowa do zamieszkania/Mistrzejowice,560 000 zł,Kraków,Mistrzejowice,34 m²,1 pokoje,7 piętro
2434,2-pokojowe mieszkanie z ogródkiem – ul. Żabiniec,759 000 zł,Kraków,Krowodrza,47 m²,2 pokoje,parter
2435,"Duże, 4 pok. mieszkanie z balkonem, 77,83m2.",615 000 zł,Szczecin,Zachód,77.83 m²,4 pokoje,parter
2436,"Piękny Widok Na Zieleń | Mokotów | 2 pokoje | 48,2 m2 | 10p| Narożne",749 000 zł,Warszawa,Mokotów,48.2 m²,2 pokoje,10 piętro
2437,3 Pokoje Wojszyce Krzyki Iwaszkiewicza Taras Ogród Obok Ołtaszyn,795 000 zł,Wrocław,Krzyki,52.57 m²,3 pokoje,parter
2438,"Centrum obok rynku, bez pośredników, klima,",629 000 zł,Kielce,Śródmieście,75.87 m²,3 pokoje,3 piętro
2439,Mieszkanie Zieleniec bezpośrednio,545 000 zł,Toruń,Przedmieście,54 m²,3 pokoje,1 piętro
2440,"0%, 2/3pok. Ataner z Wyposażeniem",659 000 zł,Poznań,Grunwald,50 m²,2 pokoje,5 piętro
2441,Dobry Poranek,10 250 zł,Brak danych,Brak danych,68 m²,3 pokoje,Brak danych
2442,Dzień Otwarty 24/07 | Wyremonotowane | Przytulne,579 000 zł,Gdańsk,Łostowice,53.1 m²,2 pokoje,parter
2443,"Nowa cena! Słoneczne mieszkanie 3 pokojowe, blisko centrum",479 000 zł,Szczecin,Śródmieście,61 m²,3 pokoje,1 piętro
2444,"Pruszków WKD 63 m2, 3 pokoje, pierwsze piętro",850 000 zł,Brak danych,Brak danych,63 m²,3 pokoje,1 piętro
2445,"Mieszkanie M4 z 60 m2 tarasem i balkonem, świetna lokalizacja.",595 000 zł,Brak danych,Brak danych,67.7 m²,3 pokoje,parter
2446,ZAMIEŃ MIESZKANIE NA DOM W TEJ SAMEJ CENIE,659 000 zł,Lublin,Śródmieście,74 m²,3 pokoje,parter
2447,Wyjątkowy apartament z widokiem na zieleń,131 763 019 zł,Kraków,Dębniki,85.17 m²,4 pokoje,2 piętro
2448,kompleksowo urządzone po generalnym remoncie,299 000 zł,Brak danych,Brak danych,26 m²,2 pokoje,1 piętro
2449,Sprzedam mieszkanie na osiedlu Marysin okolice ul. Wycieczkowej,782 000 zł,Łódź,Bałuty,68 m²,3 pokoje,Brak danych
2450,"Mieszkanie 3-pokojowe 58,78m2|słoneczna ekspozycja Płn-Płd|Złotniki",469 000 zł,Poznań,Las,58.78 m²,3 pokoje,2 piętro
2451,Dwupokojowe mieszkanie ul. Sasankowa dzielnica Cz,432 000 zł,Lublin,Północne,50.6 m²,2 pokoje,4 piętro
2452,Słoneczne 3 pokoje po remoncie z klimatyzacja,899 000 zł,Warszawa,Mokotów,56.6 m²,3 pokoje,1 piętro
2453,Magnoliowa Polana 3,799 000 zł,Kraków,Prokocim,116 m²,4 pokoje,parter
2454,M3 / centrum / Kamienica z zachowaniem duszy,370 000 zł,Częstochowa,Śródmieście,52 m²,2 pokoje,1 piętro
2455,Rewal ul. Klifowa 22 | apartament 1-pok. | B.2.1,384 867 zł,Brak danych,Brak danych,25.83 m²,1 pokoje,2 piętro
2456,Perełka w przedwojennej kamienicy | Stan dew.,211 499 000 zł,Warszawa,Południe,92 m²,4 pokoje,3 piętro
2457,3- pokojowe mieszkanie na Osiedlu Zawiszów!,529 100 zł,Brak danych,Brak danych,65 m²,3 pokoje,3 piętro
2458,Ciepłe I Ciche M3 - Jaworzno Gigant,335 000 zł,Jaworzno,Brak danych,54.32 m²,2 pokoje,3 piętro
2459,Krakowska 35 - apartamenty inwestycyjne,11 470 zł,Wrocław,Krzyki,87 m²,3 pokoje,Brak danych
2460,Przestrzeń | Idealne dla rodziny | Do wejścia,181 249 000 zł,Warszawa,Południe,93 m²,4 pokoje,3 piętro
2461,Nowa Pabianicka,14 992 zł,Wrocław,Krzyki,163 m²,6 pokoje,Brak danych
2462,Kleszczewo Park,989 zł,Poznań,Kleszczewo,67 m²,3 pokoje,Brak danych
2463,M2/ Kontkiewicza Na Sprzedaż,215 000 zł,Częstochowa,Aniołów,30.65 m²,1 pokoje,3 piętro
2464,Os. Dąbrówka - Leśna Polana,968 zł,Poznań,Dopiewo,58 m²,3 pokoje,Brak danych
2465,Miasteczko Brzeziny II,10 549 zł,Warszawa,Białołęka,80 m²,4 pokoje,Brak danych
2466,3 pokoje z widokiem na rzekę!,171 050 000 zł,Wrocław,Śródmieście,62.89 m²,3 pokoje,4 piętro
2467,Kawalerka Śródmiescie,210 000 zł,Katowice,Śródmieście,22.26 m²,1 pokoje,6 piętro
2468,Dwupokojowe mieszkanie ul. Sasankowa dzielnica Cz,432 000 zł,Lublin,Północne,50.6 m²,2 pokoje,4 piętro
2469,✅NAJWIĘKSZE M2 w NOWEJ Inwestycji❗️RABATY❗️Dostępne inne piętra❗️0%PCC,468 867 zł,Poznań,Miasto,43 m²,2 pokoje,2 piętro
2470,"Mieszkanie na sprzedaż Mokotów, Siekierki, 28,92 m2",647 000 zł,Warszawa,Mokotów,28.92 m²,1 pokoje,3 piętro
2471,Apartament Czarna Góra Resort Biała Perła,820 000 zł,Brak danych,Brak danych,52.32 m²,2 pokoje,1 piętro
2472,2 pokoje w pięknej i spokojnej okolicy,621 716 zł,Gdańsk,Łostowice,59.38 m²,2 pokoje,2 piętro
2473,2 pokojowe mieszkanie w otulinie lasu,569 444 zł,Gdańsk,Łostowice,53.74 m²,2 pokoje,3 piętro
2474,3-pokojowe mieszkanie Gdańsk Zakoniczyn,627 988 zł,Gdańsk,Brak danych,61.46 m²,3 pokoje,parter
2475,"Folwark, 2-pokojowe mieszkanie idealne dla Ciebie",614 226 zł,Gdańsk,Łostowice,59.38 m²,2 pokoje,1 piętro
2476,Waszyngtona 14 – przestronne 3 pokoje z ogromnym potencjałem,430 000 zł,Białystok,Piaski,48 m²,3 pokoje,3 piętro
2477,2-pokojowe mieszkanie 74m2 + taras Bez Pośredników,81 141 830 zł,Gdańsk,Sobieszewska,74.2 m²,2 pokoje,1 piętro
2478,4-pokojowe mieszkanie 72m2 + ogródek Bez Prowizji,655 000 zł,Brak danych,Brak danych,72.56 m²,4 pokoje,parter
2479,"2 pokoje centrum Foksal, Kopernika, Szczygla",749 000 zł,Warszawa,Śródmieście,28.7 m²,2 pokoje,1 piętro
2480,M3/Tysiąclecie po remoncie,359 000 zł,Częstochowa,Tysiąclecie,45 m²,2 pokoje,10 piętro
2481,"Raków - 2 pokojowe, balkon, parter, kameralny budynek",184 000 zł,Częstochowa,Raków,36.09 m²,2 pokoje,parter
2482,Wolne od zaraz,915 000 zł,Gdańsk,Letnica,57.51 m²,3 pokoje,5 piętro
2483,Apartament blisko centrum Koszalina ul. Komisji Edukacji Narodowej,418 900 zł,Koszalin,Brak danych,45.5 m²,1 pokoje,4 piętro
2484,Rewal ul. Klifowa 22 | apartament 2-pok. | C.2.3,625 660 zł,Brak danych,Brak danych,38.15 m²,2 pokoje,2 piętro
2485,"Wykończone, ciche- 150 M od Rynku Nowego Miasta",687 000 zł,Warszawa,Śródmieście,23.79 m²,1 pokoje,3 piętro
2486,Komfort/ Jasne / Na styku Krakowa i Skawiny,529 000 zł,Brak danych,Brak danych,50.79 m²,2 pokoje,2 piętro
2487,Trzy pokoje z cegły Stary Żoliborz przy Parku.,895 000 zł,Warszawa,Żoliborz,55.15 m²,3 pokoje,2 piętro
2488,idealne na Start | 2 pokoje | spokojna okolica,285 000 zł,Bydgoszcz,Błonie,36.6 m²,2 pokoje,3 piętro
2489,Sprzedam mieszkanie,519 000 zł,Brak danych,Brak danych,53 m²,3 pokoje,2 piętro
2490,gotowe do wprowadzenia | bez nakładów finansowych,849 000 zł,Bydgoszcz,Szwederowo,73.23 m²,3 pokoje,parter
2491,Apartament A105 w Baltic Jet,51 168 500 zł,Brak danych,Brak danych,29.34 m²,1 pokoje,1 piętro
2492,Pomiędzy Parkiem Krajobr. a pełną infrastrukturą!,181 331 000 zł,Gdańsk,Strzyża,76 m²,3 pokoje,1 piętro
2493,2 pok. z garderobą balkonem i miejscem postojowym,599 000 zł,Kraków,Prokocim,39 m²,2 pokoje,1 piętro
2494,Bez Prowizji/niebawem Gotowe/blisko Natury,418 000 zł,Gliwice,Brak danych,42 m²,2 pokoje,1 piętro
2495,Na Sprzedaż Eleganckie mieszkanie z salonem i balkonem w SOSNOWCU !,440 000 zł,Sosnowiec,Śródmieście,53.7 m²,3 pokoje,3 piętro
2496,2 pokoje w centrum,215 000 zł,Częstochowa,Śródmieście,51 m²,2 pokoje,parter
2497,Słoneczna kawalerka z os.kuchnią/Wrzosowiak/Błeszno/1 piętro/winda,166 000 zł,Częstochowa,Wrzosowiak,32.5 m²,1 pokoje,1 piętro
2498,OKAZJA: Atrakcyjne mieszkanie Sosnowiec centrum,289 000 zł,Sosnowiec,Brak danych,37 m²,2 pokoje,10 piętro
2499,Bez Prowizji/okazja Cenowa/blisko Natury,568 000 zł,Gliwice,Brak danych,58 m²,3 pokoje,3 piętro
2500,Obniżka CEN/BEZPROWIZYJNIE/20mkw Loggia,422 000 zł,Katowice,Śródmieście,34 m²,1 pokoje,5 piętro
2501,Gotowe mieszkania przy Nałęczowskiej,673 400 zł,Lublin,Sławinek,67.34 m²,3 pokoje,7 piętro
2502,Nowa Inwestycja/bez Prowizji/harmonogramy,723 000 zł,Katowice,Bogucice,60 m²,3 pokoje,3 piętro
2503,2 pokoje w pięknej i spokojnej okolicy,621 716 zł,Gdańsk,Łostowice,59.38 m²,2 pokoje,2 piętro
2504,❗️OKAZJA❗️Ostatnie takie M4 w NOWEJ INWESTYCJI✅Piętro 4/8✅Smart Home✅,581 145 zł,Poznań,Miasto,57 m²,4 pokoje,4 piętro
2505,2 Pokojowe Mieszkanie z Widokiem na Park,690 000 zł,Wrocław,Pole,46.21 m²,2 pokoje,1 piętro
2506,Bez Prowizji/okazyjna Cena/blisko Natury,536 000 zł,Gliwice,Brak danych,54 m²,2 pokoje,4 piętro
2507,Nowe 3 pokoje w sercu miasta – odbiór w 2025!,940 076 zł,Gdańsk,Dolny,60.87 m²,3 pokoje,1 piętro
2508,2pak Inwestycyjny/bez Prowizji/harmonogramy,61 018 000 zł,Katowice,Bogucice,97 m²,4 pokoje,7 piętro
2509,1 pokojowe z osobną kuchnią przy dwóch parkach,475 000 zł,Kraków,Huta,31.73 m²,1 pokoje,4 piętro
2510,ZOBACZ NA ŻYWO⭐KLUCZE SIERPIEŃ⭐obok Wydziału Prawa⭐1km Szpital CKD,541 190 zł,Łódź,Śródmieście,57.97 m²,3 pokoje,1 piętro
2511,⭐Jasne⭐ Ciche⭐ 3/4 pok ⭐Brazylijska ⭐️ Saska Kępa⭐,679 000 zł,Warszawa,Południe,47.68 m²,3 pokoje,2 piętro
2512,Mieszkanie 3 pokojowe w Stargardzie,386 000 zł,Brak danych,Brak danych,59.73 m²,3 pokoje,1 piętro
2513,Gotowe! 4pok.mieszkanie z ogrodem w zielonej okoli,900 000 zł,Wrocław,Krzyki,85.22 m²,4 pokoje,parter
2514,"Barwinek, 3 pokoje + kuchnia, generalny remont",615 000 zł,Kielce,Uroczysko,59.32 m²,3 pokoje,2 piętro
2515,Mieszk/z ogrode/kawaler/pod wynajem/dla studenta/c,565 250 zł,Wrocław,Miasto,31.44 m²,1 pokoje,parter
2516,2pok*45.38mkw*obok Kampinosu*oddzielna kuchnia,585 402 zł,Warszawa,Bielany,45.38 m²,2 pokoje,2 piętro
2517,"56,05m2, klimatyzacja, ogródek, garaż_ul. Budziwojska",532 475 zł,Rzeszów,Budziwój,56.05 m²,3 pokoje,parter
2518,Mieszkanie do własnej aranżacji,789 000 zł,Warszawa,Ochota,60.9 m²,3 pokoje,10 piętro
2519,Wilkońskiego Janikowo parter 58m M3/M4 do remontu,269 000 zł,Wrocław,Brak danych,58.2 m²,2 pokoje,parter
2520,Kobylinica ul. Dworcowa - lokal mieszkalny,135 000 zł,Poznań,Swarzędz,32.47 m²,2 pokoje,poddasze
2521,To mieszkanie może być Twoje!,659 000 zł,Brak danych,Brak danych,73.76 m²,3 pokoje,parter
2522,"Zadbane 2 Pokoje, Gotowe Do Wprowadzenia",379 000 zł,Kielce,Brak danych,40 m²,2 pokoje,5 piętro
2523,Mieszkanie przy stacji Pkp !,741 290 zł,Brak danych,Brak danych,67.39 m²,2 pokoje,2 piętro
2524,Mieszkanie 2-pokojowe na sprzedaż w Świdnicy,320 000 zł,Brak danych,Brak danych,40.5 m²,2 pokoje,3 piętro
2525,Nowe mieszkanie 2 pokoje|przy parku|garaż,567 650 zł,Wrocław,Krzyki,42.35 m²,2 pokoje,2 piętro
2526,Mieszkanie w nowej inwestycji !,498 000 zł,Brak danych,Brak danych,43.31 m²,2 pokoje,2 piętro
2527,"Piękne mieszkanie z duszą, dla konesera.",813 802 zł,Wrocław,Śródmieście,57.34 m²,2 pokoje,3 piętro
2528,⭐Młynów⭐blok z cegły⭐winda⭐metro 5 minut,849 000 zł,Warszawa,Wola,59.77 m²,3 pokoje,1 piętro
2529,Nowy Elegancki Apartament z Parkingiem |Jagodno,648 000 zł,Wrocław,Krzyki,37.03 m²,2 pokoje,parter
2530,Sprzedam mieszkanie 3-pok 103 m2 Wałbrzyska 25/7,930 000 zł,Wrocław,Krzyki,103 m²,3 pokoje,3 piętro
2531,"2 pokoje z ogródkiem, Węgierskie",275 000 zł,Poznań,Kostrzyn,55 m²,2 pokoje,1 piętro
2532,ALFA PARK Gdańsk 2 pokoje bezpośrednio,799 000 zł,Gdańsk,Brak danych,44.7 m²,2 pokoje,2 piętro
2533,Mieszkania w centrum Ustronia,480 000 zł,Brak danych,Brak danych,41 m²,2 pokoje,1 piętro
2534,CENTRUM --- 3 SYPIALNIE --- OGRÓDEK---TARNOWSKIE GÓRY UL.F. PIESTRAKA,575 000 zł,Brak danych,Brak danych,77.3 m²,4 pokoje,parter
2535,Ostatnie mieszkania na Os. W. Rutkiewicz w Łańcucie.,327 672 zł,Brak danych,Brak danych,39.96 m²,2 pokoje,parter
2536,ZOBACZ NA ŻYWO⭐KLUCZE SIERPIEŃ⭐obok Wydziału Prawa⭐1km Szpital CKD,405 126 zł,Łódź,Śródmieście,40.26 m²,2 pokoje,1 piętro
2537,2-pokojowe mieszkanie z balkonem w Rybniku,240 000 zł,Rybnik,Brak danych,46.2 m²,2 pokoje,3 piętro
2538,"4 osobne pokoje Za Żelazną Bramą, BEZPOŚREDNIO",201 190 000 zł,Warszawa,Wola,57.5 m²,4 pokoje,3 piętro
2539,Piękne mieszkanie w kamienicy na Wilczej,192 490 000 zł,Warszawa,Śródmieście,95.4 m²,4 pokoje,3 piętro
2540,Dwupoziomowe mieszkanie w Zakopanem - Hrube Wyżne,800 000 zł,Brak danych,Brak danych,39.99 m²,2 pokoje,1 piętro
2541,Bez Prowizji/okazyjna Cena/blisko Natury,536 000 zł,Gliwice,Brak danych,54 m²,2 pokoje,4 piętro
2542,Kawalerka nad Balatonem - ul. Rogalskiego,425 000 zł,Warszawa,Południe,28 m²,1 pokoje,10 piętro
2543,"Słoneczne mieszkanie na Wildzie, blisko centrum.",520 000 zł,Poznań,Wilda,51.08 m²,3 pokoje,1 piętro
2544,Os. Piastów - mieszkanie 3 pokojowe z balkonem,399 999 zł,Gdańsk,Brak danych,65.87 m²,3 pokoje,4 piętro
2545,Mieszkanie na Dzielnicy Muzycznej sprzedam,279 000 zł,Bydgoszcz,Śródmieście,40.28 m²,2 pokoje,3 piętro
2546,Prado Katowice | mieszkanie 4-pok. | A3_2_02,81 135 395 zł,Katowice,Brak danych,98.73 m²,4 pokoje,2 piętro
2547,Od ręki*Parking*Balkon*Spacer plaża szkoły* Dwustronne,619 750 zł,Gdańsk,Dolny,45 m²,2 pokoje,3 piętro
2548,"Zamieszkaj przy ul. Krysiewicza, w Żelazku",569 000 zł,Poznań,Miasto,23.15 m²,1 pokoje,2 piętro
2549,3 pokojowe mieszkanie z widokiem na morze,699 000 zł,Gdańsk,Brak danych,46.4 m²,3 pokoje,9 piętro
2550,"Inwestycja Apartament w Karpaczu, bardzo dobra lokalizacja",395 000 zł,Brak danych,Brak danych,35 m²,2 pokoje,parter
2551,"Atrakcyjne mieszkanie 2-pokojowe Oława , Ul. Południowa ( Nowy Otok )",498 000 zł,Brak danych,Brak danych,41.5 m²,2 pokoje,2 piętro
2552,Klimatyczne dwupoziomowe mieszkanie na Jasieniu,211 199 000 zł,Gdańsk,Jasień,111.39 m²,6 pokoje,1 piętro
2553,2 pokoje | Panorama Kwiatkowskiego | NIE PRZEGAP❤️,540 945 zł,Rzeszów,Drabinianka,40.07 m²,2 pokoje,10 piętro
2554,"Sprzedam mieszkanie 3-pokojowe, dzielnica Węglinek, ulica Cyrkoniowa",713 900 zł,Lublin,Południowy,59 m²,3 pokoje,4 piętro
2555,Przestronny słoneczny apartament 2-poziomowy w zielonej części Bemowa,201 918 000 zł,Warszawa,Bemowo,174.4 m²,5 pokoje,3 piętro
2556,ZOBACZ NA ŻYWO⭐KLUCZE SIERPIEŃ⭐obok Wydziału Prawa⭐1km Szpital CKD,290 778 zł,Łódź,Śródmieście,26.46 m²,1 pokoje,2 piętro
2557,Meridian 59m2 | Chłodna 48 | Loggia | Wola,161 400 000 zł,Warszawa,Wola,58.73 m²,2 pokoje,4 piętro
2558,Ks. Pomorskich 2 pokoje z balkonem,400 000 zł,Szczecin,Północ,47.1 m²,2 pokoje,8 piętro
2559,Eleganckie mieszkania w gminie Mogilany,599 000 zł,Brak danych,Brak danych,69.36 m²,3 pokoje,1 piętro
2560,2-pokojowe mieszkanie z balkonem na Pomorzanach,365 000 zł,Szczecin,Zachód,33.34 m²,2 pokoje,2 piętro
2561,"Pl. Unii Lubelskiej, Kamienica, dwustronne, 3m wysokość",855 000 zł,Warszawa,Śródmieście,39 m²,2 pokoje,3 piętro
2562,Mieszkanie 2 pokojowe – niedaleko centrum Gdańska,399 000 zł,Gdańsk,Brak danych,37.5 m²,2 pokoje,2 piętro
2563,Słoneczny Łąkoszyn | mieszkanie 2-pok. | 4.2.M13,336 140 zł,Brak danych,Brak danych,48.02 m²,2 pokoje,2 piętro
2564,Piękny apartament dwupoziomowy w sercu Prądnika!,211 999 000 zł,Kraków,Biały,114 m²,5 pokoje,2 piętro
2565,Apartament 93 m2 na Wiślanych Tarasach 2.0 + ogród,202 380 000 zł,Kraków,Grzegórzki,93.45 m²,4 pokoje,parter
2566,Przestronne 3 -pokojowe mieszkanie w Śremie,337 000 zł,Brak danych,Brak danych,59.1 m²,3 pokoje,4 piętro
2567,Nowe mieszkanie | stan deweloperski | bez prowizji,91 334 242 zł,Gdańsk,Oliwa,49.96 m²,2 pokoje,1 piętro
2568,Wykończone 57m2 z Ogrodem,999 000 zł,Kraków,Fałęcki,57 m²,3 pokoje,parter
2569,Super lokalizacja w dobrej cenie!!,599 000 zł,Gdańsk,Śródmieście,38.1 m²,1 pokoje,parter
2570,Osiedle Źródlane | 2-pok. z balkonem | 1E/1,423 360 zł,Brak danych,Brak danych,43.2 m²,2 pokoje,parter
2571,"Warszawa, Wola, Waliców, Krochmalna",725 000 zł,Warszawa,Brak danych,33.7 m²,2 pokoje,3 piętro
2572,Bez*Posrednikow**Słoneczne*2 Pokojowe*Mieszkanie*Zadbana*Kamienica,189 000 zł,Wałbrzych,Kamionek,29 m²,2 pokoje,1 piętro
2573,Wykończone//Prywatnie//Bez PCC//ul.Banacha,979 000 zł,Kraków,Biały,54.5 m²,3 pokoje,2 piętro
2574,Wyjątkowy apartament z dużym ogrodem bez prowizji!,880 000 zł,Kraków,Swoszowice,55.24 m²,3 pokoje,parter
2575,3-pokojowe mieszkanie 72m2 + ogródek,91 289 000 zł,Warszawa,Wilanów,72.53 m²,3 pokoje,parter
2576,Lokum Verde - gotowe mieszkania,10 498 zł,Wrocław,Pole,88 m²,4 pokoje,Brak danych
2577,4-pokojowe mieszkanie 79m2 + ogródek Bez Prowizji,91 439 000 zł,Warszawa,Wilanów,79.98 m²,4 pokoje,parter
2578,Dwupoziomowe mieszkanie w samym sercu Ruczaju !,629 000 zł,Kraków,Dębniki,50 m²,2 pokoje,4 piętro
2579,Wyremontowana kawalerka w centrum Międzyzdrojów,469 000 zł,Brak danych,Brak danych,33.6 m²,1 pokoje,1 piętro
2580,Kawalerka w stanie deweloperskim,640 000 zł,Warszawa,Południe,34.02 m²,1 pokoje,4 piętro
2581,Stylowe 2-pokojowe mieszkanie z balkonem,349 000 zł,Brak danych,Brak danych,50 m²,2 pokoje,parter
2582,Nowoczesny apartament z ogródkiem | Prądnik Biały,859 000 zł,Kraków,Biały,43.4 m²,2 pokoje,parter
2583,2-pokojowy apartament z pięknym widokiem na Kraków,889 000 zł,Kraków,Brak danych,43.24 m²,2 pokoje,5 piętro
2584,"Wrocławska 53E | 51,4 mkw | 2-pok",141 055 000 zł,Kraków,Krowodrza,51.4 m²,2 pokoje,5 piętro
2585,"Gotowiec inwestycyjny | Roi 6,25%",480 000 zł,Kraków,Krowodrza,27.42 m²,1 pokoje,parter
2586,2 Pokoje na strzeżonym osiedlu w Ząbkach,649 000 zł,Brak danych,Brak danych,49.4 m²,2 pokoje,2 piętro
2587,po remoncie/ komórka/garaż/ 2009 r. budynek/ teren zamknięty,857 000 zł,Warszawa,Północ,51 m²,2 pokoje,2 piętro
2588,W pełni wykończone dwupoziomowe mieszkanie,890 000 zł,Brak danych,Brak danych,128 m²,5 pokoje,1 piętro
2589,"Ustawne M3 po remoncie. ul. Paderewskiego. Balkon, Winda, DUŻY PARKING",419 900 zł,Łódź,Górna,45.3 m²,2 pokoje,9 piętro
2590,"2 pokoje z ogródkiem i garażem 43,78m2, Metro",755 000 zł,Warszawa,Bemowo,43.78 m²,2 pokoje,parter
2591,Piękna Kamienica | Stary Mokotów | Metro | Ciche,131 630 000 zł,Warszawa,Mokotów,79 m²,3 pokoje,3 piętro
2592,"Atrakcyjne, Idealne Dla Rodziny",850 000 zł,Warszawa,Ursus,63.6 m²,3 pokoje,5 piętro
2593,Kawalerka nad Balatonem - ul. Rogalskiego,425 000 zł,Warszawa,Południe,28 m²,1 pokoje,10 piętro
2594,Inwestycja | Z parkingiem | Kamienica | Do wejścia,630 000 zł,Warszawa,Wola,27.3 m²,1 pokoje,4 piętro
2595,Mieszkanie 40m centrum Wrzeszcza balkon bezposrednio,499 000 zł,Gdańsk,Oliwa,40 m²,2 pokoje,4 piętro
2596,Sprzedam mieszkanie po remoncie 1 pietro,235 000 zł,Brak danych,Brak danych,27 m²,2 pokoje,1 piętro
2597,Klimatyczne z osobną sypialnią na Starym Podgórzu,518 000 zł,Kraków,Podgórze,25 m²,2 pokoje,1 piętro
2598,"Mieszkanie 2-pokojowe 40m2 + balkon, klimatyzacja",680 000 zł,Kraków,Zwierzyniec,39.6 m²,2 pokoje,parter
2599,"Katowice Tysiąclecie naprzeciwko parku, 3 pokojowe z garażem",459 000 zł,Katowice,Brak danych,65 m²,3 pokoje,10 piętro
2600,2 pokoje. Metro Ursynów 300m,640 000 zł,Warszawa,Ursynów,44 m²,2 pokoje,10 piętro
2601,"Idealna inwestycja przy ul. Wspólnej, Centrum.",780 000 zł,Warszawa,Śródmieście,29.78 m²,1 pokoje,3 piętro
2602,Kawalerka/ 2 pok. Arkońskie/Warszewo,279 000 zł,Szczecin,Północ,29.5 m²,2 pokoje,4 piętro
2603,Mieszkanie inwestycyjne blisko centrum Jeleniej Góry,199 000 zł,Brak danych,Brak danych,43.28 m²,2 pokoje,parter
2604,Metro Wilanowska + uczelnia = 60 m - własny kąt lub wynajem! Mokotów,131 040 000 zł,Warszawa,Mokotów,60 m²,3 pokoje,15 piętro
2605,apartamenty Kościelisko,211 690 000 zł,Brak danych,Brak danych,75 m²,4 pokoje,3 piętro
2606,Widok na Oś Królewską,201 830 800 zł,Warszawa,Wilanów,92 m²,4 pokoje,3 piętro
2607,"Promocja!Duże mieszkanie w kamienicy, Moniuszki BB",211 050 000 zł,Bielsko-Biała,Przedmieście,144.96 m²,3 pokoje,parter
2608,"Nowsze budownictwo, duży balkon, z wyposażeniemi, 1 piętro.",320 000 zł,Koszalin,Odrodzenia,32.8 m²,1 pokoje,1 piętro
2609,"2 pokoje I 1. piętro I Piwnica 4,7 m2",219 000 zł,Brak danych,Brak danych,35.7 m²,2 pokoje,1 piętro
2610,Cisza z widokiem na zieleń | otulina lasu,191 200 000 zł,Gdynia,Leszczynki,60.45 m²,3 pokoje,3 piętro
2611,"NOWOCZESNE MIESZKANIE , GOTOWE DO ZAMIESZKANIA",399 000 zł,Brak danych,Brak danych,48 m²,3 pokoje,2 piętro
2612,"Rozkładowe 3 pokoje, ul. Mazurska",239 000 zł,Bytom,Szombierki,48.5 m²,3 pokoje,4 piętro
2613,ul. Totus Tuus Tesoro Verde Residence 57m2,999 000 zł,Kraków,Fałęcki,57 m²,3 pokoje,parter
2614,"Zielona okolica, świetne połączenia – mieszkanie 2 pokoje Czyżyny",759 822 zł,Kraków,Czyżyny,48.09 m²,2 pokoje,1 piętro
2615,"Nowe deweloperskie GOTOWE 2-pok z aneksem, loggia",377 036 zł,Koszalin,Portugalska,45.98 m²,2 pokoje,parter
2616,"M4 Bykowina, ul. Plebiscytowa",260 000 zł,Ruda,Bykowina,53.01 m²,3 pokoje,4 piętro
2617,Metro Imielin 3 pokoje widok na las i centrum,850 000 zł,Warszawa,Ursynów,69 m²,3 pokoje,9 piętro
2618,"M4, ul. Modrzejewska, 2 piętro",250 000 zł,Ruda,Godula,55.1 m²,3 pokoje,2 piętro
2619,Apartamenty Eko Żelków,900 zł,Brak danych,Brak danych,80.27 m²,3 pokoje,Brak danych
2620,"Nowe mieszkanie 3-pokojowe Ruczaj, ul. Łany",131 044 381 zł,Kraków,Dębniki,57.07 m²,3 pokoje,parter
2621,ul. Jahna- Parking/Komórka/Balkon/Lux-2016r.,699 000 zł,Wrocław,Fabryczna,58.8 m²,3 pokoje,2 piętro
2622,Nałkowskiej 12 - mieszkanie na parterze !,299 999 zł,Częstochowa,Tysiąclecie,38 m²,2 pokoje,parter
2623,"Nowe, gotowe mieszkanie, 5 pokoi, przy lesie - Boj",569 000 zł,Brak danych,Brak danych,87 m²,5 pokoje,1 piętro
2624,Taras 10 m2 + parking! Kameralnie na Widzewie,499 000 zł,Łódź,Widzew,51.83 m²,2 pokoje,2 piętro
2625,Blisko Park Decjusza|prywatny ogródek|4 pokoje|na Woli,111 713 600 zł,Kraków,Zwierzyniec,85.68 m²,4 pokoje,parter
2626,Mieszkanie z widokiem na góry!,289 000 zł,Bielsko-Biała,Leszczyny,32.7 m²,2 pokoje,3 piętro
2627,Zamieszkaj przy ul. Wymarzonej !!!,575 000 zł,Szczecin,Północ,63 m²,4 pokoje,1 piętro
2628,✅ GOTOWE OD RĘKI 3 POKOJE Z BALKONEM ✅ BEZCZYNSZOWE ✅,389 000 zł,Słupsk,Łotewska,51.24 m²,3 pokoje,1 piętro
2629,Inwestycja | Z parkingiem | Kamienica | Do wejścia,630 000 zł,Warszawa,Wola,27.3 m²,1 pokoje,4 piętro
2630,❗️PROMOCJA❗️M3 z GARDEROBĄ❗️Dwustronne❗️2x Balkon✅Świetny układ✅ZOBACZ,580 093 zł,Poznań,Miasto,56.6 m²,3 pokoje,4 piętro
2631,✅Nowoczesne 3-pok. mieszkanie z balkonem i garderobą✅ZOBACZ TEN UKŁAD,580 093 zł,Poznań,Miasto,56.56 m²,3 pokoje,3 piętro
2632,Ochora | Rakowiec | WUM,645 000 zł,Warszawa,Ochota,38.8 m²,2 pokoje,4 piętro
2633,Przytulna kawalerka | balkon | ogrodzony teren,555 000 zł,Kraków,Biały,32.7 m²,1 pokoje,3 piętro
2634,2 pokojowe w dobrym stanie oś. Bańgów,298 000 zł,Brak danych,Brak danych,51.05 m²,2 pokoje,2 piętro
2635,Apartament Magnolia/Dwupoziomowy/120m2+m.garażowe,201 320 000 zł,Radom,Akademickie,120 m²,4 pokoje,4 piętro
2636,"po remoncie, 2 piętro, ogrzewanie miejskie",239 000 zł,Ruda,Godula,29.6 m²,2 pokoje,2 piętro
2637,West Park 65m2 gotowe światłowód,549 000 zł,Kraków,Zwierzyniec,65 m²,3 pokoje,1 piętro
2638,Nullo |Rondo Mogilskie |54m2 | do wprowadzenia się,915 000 zł,Kraków,Grzegórzki,54.3 m²,2 pokoje,2 piętro
2639,3m wysokości / 2 pokoje / Kamienica,899 000 zł,Warszawa,Śródmieście,38 m²,2 pokoje,3 piętro
2640,ul. Totus Tuus Tesoro Verde Residence 82m2,201 180 000 zł,Kraków,Fałęcki,82 m²,4 pokoje,1 piętro
2641,"POD KLUCZ 44m2, 2 pokoje z balkonem, ok. ul.Wrocławskiej",849 000 zł,Kraków,Krowodrza,44 m²,2 pokoje,2 piętro
2642,Mieszkanie Radogoszcz Wschód parter z dużym balkonem,539 000 zł,Łódź,Bałuty,64 m²,2 pokoje,parter
2643,Wyjątkowa okazja! 2 pokoje+garaż GOTOWE do zamieszkania Górka Narodowa,729 000 zł,Kraków,Biały,36 m²,2 pokoje,4 piętro
2644,"Dwupoziomowe, 3-pokojowe mieszkanie - os. Korczak",455 000 zł,Brak danych,Brak danych,79.54 m²,3 pokoje,3 piętro
2645,"Mieszk. 4-pok., 2 balkony - Rezerwacja",515 000 zł,Brak danych,Brak danych,64.38 m²,4 pokoje,4 piętro
2646,Mieszkanie 4 pok. na parterze z balkonem Widok,406 000 zł,Brak danych,Brak danych,58.03 m²,4 pokoje,parter
2647,Na sprzedaż 3-pokojowe mieszkanie_os.Dobrzec,519 900 zł,Brak danych,Brak danych,61.87 m²,3 pokoje,1 piętro
2648,Apartamenty Prestige 3 Graniczna Skawina,528 900 zł,Brak danych,Brak danych,43 m²,2 pokoje,parter
2649,Mieszkanie rozkładowe - os. Asnyka,639 000 zł,Brak danych,Brak danych,66.6 m²,3 pokoje,1 piętro
2650,Kawalerka po remoncie w świetnej lokalizacji,229 000 zł,Brak danych,Brak danych,28.8 m²,1 pokoje,3 piętro
2651,Wyremontowane mieszkanie 4pok z balkonem Widok,487 000 zł,Brak danych,Brak danych,58.24 m²,4 pokoje,2 piętro
2652,Mieszkanie 3 pok z potencjałem,379 000 zł,Brak danych,Brak danych,69 m²,3 pokoje,1 piętro
2653,Mieszkanie 3-pokojowe - os. Serbinów,335 000 zł,Brak danych,Brak danych,53.2 m²,3 pokoje,1 piętro
2654,"Rozkładowe mieszkanie 2-pok. TBS, Dobrzec",169 000 zł,Brak danych,Brak danych,52 m²,2 pokoje,3 piętro
2655,Mieszkanie 2-pokojowe na zielonym osiedlu Ogrody,239 900 zł,Brak danych,Brak danych,32.3 m²,2 pokoje,3 piętro
2656,Mieszkanie 2 pok z balkonem z potencjałem,279 000 zł,Brak danych,Brak danych,46.64 m²,2 pokoje,4 piętro
2657,2-pokojowe mieszkanie ul. Mikołaja Kopernika,248 000 zł,Brak danych,Brak danych,34.51 m²,2 pokoje,4 piętro
2658,Mieszkanie klimatyczne 2 pok. Widok,269 000 zł,Brak danych,Brak danych,56.5 m²,2 pokoje,3 piętro
2659,2-pok. mieszkanie z balkonem z widokiem na zieleń,439 000 zł,Brak danych,Brak danych,57.7 m²,2 pokoje,3 piętro
2660,2-pok. mieszkanie po generalnym remoncie ul.Żwirki,248 500 zł,Brak danych,Brak danych,28.9 m²,2 pokoje,1 piętro
2661,3-pokojowe z balkonem - os. Dobrzec - rezerwacja,395 000 zł,Brak danych,Brak danych,61.4 m²,3 pokoje,2 piętro
2662,"2-pokojowe, nowy budynek parking 0%PROWIZJI",429 000 zł,Wrocław,Brak danych,40 m²,2 pokoje,1 piętro
2663,Apartamenty Prestige 3 Graniczna Skawina,712 500 zł,Brak danych,Brak danych,75 m²,3 pokoje,1 piętro
2664,Sprzedam mieszkanie,690 000 zł,Brak danych,Brak danych,74.49 m²,2 pokoje,parter
2665,Ochora | Rakowiec | WUM,645 000 zł,Warszawa,Ochota,38.8 m²,2 pokoje,4 piętro
2666,Mieszkanie na sprzedaż- nad Jeziorem Osiek,555 000 zł,Brak danych,Brak danych,83 m²,4 pokoje,parter
2667,Oaza spokoju w sercu Wilanowa!,870 000 zł,Warszawa,Wilanów,50 m²,2 pokoje,3 piętro
2668,NOWE Gotowe 71m2 DREWNIANA Podłoga 2 GARAŻE Klima 3p IIp Taras 32m2,958 000 zł,Kielce,Czarnów,71 m²,3 pokoje,2 piętro
2669,"Piękne Poddasze centrum, politechnika, inwestycja",680 000 zł,Gliwice,Śródmieście,90 m²,3 pokoje,4 piętro
2670,Apartament w sercu krakowskiego Kazimierza,989 000 zł,Kraków,Miasto,32.1 m²,1 pokoje,3 piętro
2671,Apartamenty Prestige 3 Graniczna Skawina,567 000 zł,Brak danych,Brak danych,54 m²,3 pokoje,parter
2672,Apartament nr 3 Willa Borgund,720 000 zł,Brak danych,Brak danych,51.57 m²,3 pokoje,1 piętro
2673,"** Rodzinne mieszkanie Palmowa * 5 pokoi 84,3m2 **",659 000 zł,Białystok,Brak danych,84.3 m²,5 pokoje,1 piętro
2674,"Mieszkanie, Dom? Taras, garaż, piwniczka, ogród.",550 000 zł,Łódź,Górna,66.54 m²,2 pokoje,parter
2675,Mieszkanie jak z WAKACJI/Słoneczne/3 pokoje/1 piętro/2 balkony!!!,499 000 zł,Poznań,Brak danych,69.5 m²,3 pokoje,1 piętro
2676,Gotowe do zamieszkania mieszkanie na parterze !!!,450 000 zł,Brak danych,Brak danych,64.4 m²,3 pokoje,parter
2677,Gotowe mieszkanie ul.Jerozolimska- wysoki standard,111 086 336 zł,Kraków,Podgórze,52.48 m²,2 pokoje,5 piętro
2678,"Tychy ul Wejchertów 2 pokojowe 35,6m2 ,duży balkon",339 000 zł,Tychy,Brak danych,35.6 m²,2 pokoje,6 piętro
2679,3-pokojowe mieszkanie na 1 piętrze - Os. Młodych!,495 000 zł,Brak danych,Brak danych,62 m²,3 pokoje,1 piętro
2680,"Arboretum, 89m2, 4 pokoje, 2 pietro",211 150 000 zł,Łódź,Górna,89 m²,4 pokoje,2 piętro
2681,"Dwustronne, rozkładowe 2pokoje na parterze|balkon",295 000 zł,Słupsk,Moniuszki,43.7 m²,2 pokoje,parter
2682,Apartamenty Prestige 3 Graniczna Skawina,799 000 zł,Brak danych,Brak danych,90 m²,4 pokoje,1 piętro
2683,II etap| przestronny apartament z ogródkiem| 4 pokoje| Wola Justowska,111 782 000 zł,Kraków,Zwierzyniec,89.1 m²,4 pokoje,parter
2684,Świnoujście - mieszkanie w kamienicy z potencjałem,900 000 zł,Brak danych,Brak danych,71.11 m²,3 pokoje,2 piętro
2685,mieszkanie z ogrodem,545 000 zł,Toruń,Bielany,62.53 m²,3 pokoje,1 piętro
2686,"Dmowskiego/blisko Rynku, klima, garderoba, komórka, garaż, 2 balkony!",151 190 000 zł,Wrocław,Śródmieście,72 m²,3 pokoje,5 piętro
2687,REZERWACJA Bezpośrednio 2 pokoje Ochota 37.2m2,499 999 zł,Warszawa,Włochy,37.2 m²,2 pokoje,4 piętro
2688,4 niezależne pokoje na Górczynie po remoncie,619 000 zł,Poznań,Grunwald,62.85 m²,4 pokoje,3 piętro
2689,Zacisze Marcelin,10 161 zł,Poznań,Grunwald,88 m²,4 pokoje,Brak danych
2690,Atrakcyjna kawalerka / wieżowiec / winda,169 000 zł,Brak danych,Brak danych,17.9 m²,1 pokoje,2 piętro
2691,Osiedle Imbramowskie,12 800 zł,Kraków,Biały,87 m²,4 pokoje,Brak danych
2692,3-pokojowe mieszkanie 68m2 + balkon Bezpośrednio,779 154 zł,Kraków,Krzesławickie,68.12 m²,3 pokoje,4 piętro
2693,"Piękne Poddasze centrum, politechnika, inwestycja",680 000 zł,Gliwice,Śródmieście,90 m²,3 pokoje,4 piętro
2694,"Dwupokojowe mieszkanie z pełną własnością, wyremontowane, umeblowane",219 000 zł,Bytom,Łagiewniki,41.7 m²,2 pokoje,1 piętro
2695,‼️2 pokoje Blisko Gumed oraz Stare Miasto + Hala Garażowa‼️,557 551 zł,Gdańsk,Siedlce,40 m²,2 pokoje,1 piętro
2696,Nowy apartament do zamieszkania-Os. Idea-2 pokoje,551 500 zł,Radom,Wacyn,47.96 m²,2 pokoje,1 piętro
2697,"3 pokoje i garderoba, nowoczesne wnętrza",639 000 zł,Poznań,Swarzędz,67.9 m²,3 pokoje,3 piętro
2698,Dom + ogród | Gortatowo | oddane do użytkowania,669 000 zł,Poznań,Swarzędz,83.5 m²,4 pokoje,1 piętro
2699,✅ 3 p ✅Rabaty✅ 0% ✅ Ogródek 40m2!✅klucze wrzesień,678 117 zł,Kraków,Mistrzejowice,45.01 m²,3 pokoje,parter
2700,Kameralne 2 pokoje z ogródkiem w Aquariusie!,121 290 000 zł,Brak danych,Brak danych,47 m²,2 pokoje,parter
2701,Bartodzieje | parking za szlabanem,409 000 zł,Bydgoszcz,Bartodzieje,49.3 m²,2 pokoje,4 piętro
2702,"Sosnowiec Pogoń, 3 pokoje.",369 900 zł,Sosnowiec,Brak danych,73 m²,3 pokoje,2 piętro
2703,Enklawa Ślichowice Nowe osiedle blisko lasu.,364 000 zł,Kielce,Rządowy,36.4 m²,1 pokoje,parter
2704,Sprzedam przytulną kawakerkę w centrum Poznania,390 000 zł,Poznań,Wilda,37.2 m²,1 pokoje,3 piętro
2705,3M|garaż_kom.lokatorska_ogródek_winda_umebowane|HIT!,790 000 zł,Wrocław,Fabryczna,61 m²,3 pokoje,parter
2706,3 pokoje/po remoncie/parking za szlabanem,749 000 zł,Warszawa,Żoliborz,41 m²,3 pokoje,parter
2707,2 pokoje/Słoneczne/ul. Jasna,419 000 zł,Szczecin,Prawobrzeże,51.4 m²,2 pokoje,4 piętro
2708,Mieszkanie w kamienicy przy Placu Inwalidów | Stary Żoliborz,789 000 zł,Warszawa,Żoliborz,47.72 m²,2 pokoje,1 piętro
2709,"Os. Mozarta – jasne, przestronne, 2 łazienki, odnowione, bez prowizji!",869 710 zł,Kraków,Biały,58 m²,2 pokoje,3 piętro
2710,Klasyczny apartament z dużym ogrodem | Noho,859 000 zł,Kraków,Czerwony,36.74 m²,2 pokoje,parter
2711,Wielka Kawalerka- Parking- Piwnica-Winda- Zadbany,469 000 zł,Wrocław,Pole,32.1 m²,1 pokoje,3 piętro
2712,0% - Sudecka 4 pokoje - zrób je sam lub zamów wykończenie pod klucz!,620 000 zł,Wrocław,Krzyki,58.63 m²,4 pokoje,parter
2713,Mieszkanie 2 pokojowe/ os.Nad Potokiem,295 000 zł,Radom,Potokiem,35.12 m²,2 pokoje,3 piętro
2714,"Dwupokojowe mieszkanie (48,4m2) z garażem",265 000 zł,Bydgoszcz,Szwederowo,48.4 m²,2 pokoje,1 piętro
2715,Damrota Garden | apartament 4-pok. |70,92 199 000 zł,Katowice,Muchowiec,157.14 m²,4 pokoje,8 piętro
2716,"Komfort, cisza i prestiż na zamkniętym osiedlu",131 099 000 zł,Kraków,Krowodrza,53.41 m²,2 pokoje,3 piętro
2717,"3 pokoje blisko Centrum, morza i Kamiennej Góry",789 000 zł,Gdynia,Góra,66.09 m²,3 pokoje,3 piętro
2718,Apartament w luksusowej inwestycji Noho!,211 275 000 zł,Kraków,Czerwony,65.32 m²,3 pokoje,1 piętro
2719,Mieszkanie Bytnara Rudego Zwm + Balkon Armii Krajo,610 000 zł,Opole,Krajowej,61.9 m²,3 pokoje,6 piętro
2720,Nowoczesna kawalerka w odnowionej kamienicy - Radwańska/Kościuszki,397 900 zł,Łódź,Śródmieście,30.62 m²,1 pokoje,4 piętro
2721,nowe mieszkanie na nowoczesnym osiedlu,449 000 zł,Brak danych,Brak danych,53.83 m²,2 pokoje,3 piętro
2722,Mieszkanie Premium/ Rozkład/ Bezpośrednio,181 095 000 zł,Wrocław,Krzyki,98.31 m²,3 pokoje,2 piętro
2723,Nowe mieszkanie blisko Rynku z klimatyzacją,449 000 zł,Brak danych,Brak danych,59 m²,3 pokoje,3 piętro
2724,"3 pokoje w budynku z 2015 r., komórka, m.postojowe",485 000 zł,Koszalin,Brak danych,51.33 m²,3 pokoje,2 piętro
2725,"Mieszkanie 2 pokojowe o pow. 55,1 m2 - Piła ul. Śródmiejska",349 000 zł,Brak danych,Brak danych,55.1 m²,2 pokoje,4 piętro
2726,"Dwupoziomowe, 4 pokoje w wysokim standardzie",869 000 zł,Elbląg,Topolowa,78.66 m²,4 pokoje,4 piętro
2727,Atrakcyjne mieszkanie - PARTER,415 000 zł,Brak danych,Brak danych,35 m²,2 pokoje,parter
2728,"Piękne mieszkanie , gotowe do zamieszkania .",398 000 zł,Brak danych,Brak danych,48 m²,2 pokoje,2 piętro
2729,Trzypokojowe mieszkanie w świetnej lokalizacji!,519 000 zł,Elbląg,Korczaka,59.32 m²,3 pokoje,4 piętro
2730,Trzy pokoje z balkonem w samym sercu Starówki!,570 000 zł,Elbląg,Bednarska,82.25 m²,3 pokoje,2 piętro
2731,"Apartament z tarasem, 3 miejscami parkingowymi",989 000 zł,Elbląg,Moniuszki,81.1 m²,3 pokoje,parter
2732,Mieszkanie - Gdynia Redłowo,749 900 zł,Gdynia,Brak danych,54.8 m²,2 pokoje,2 piętro
2733,Mieszkanie - Gdynia Grabówek,695 000 zł,Gdynia,Brak danych,55.4 m²,3 pokoje,10 piętro
2734,"Kraków - Zabłocie - ul. Pana Tadeusza - 39,90 m2",899 000 zł,Kraków,Brak danych,39.9 m²,2 pokoje,4 piętro
2735,I piętro 3 pokoje do wprowadzenia,719 000 zł,Gdańsk,Dolny,50.7 m²,3 pokoje,1 piętro
2736,3 pokoje | Taras | brak prowizji i PCC!,879 005 zł,Kraków,Prokocim,56.71 m²,3 pokoje,3 piętro
2737,M3 na Bałutach,199 000 zł,Łódź,Bałuty,44 m²,2 pokoje,parter
2738,Mieszkanie Gotowe do wprowadzenia- AGD oraz meble w cenie!,544 000 zł,Poznań,Jeżyce,36.6 m²,2 pokoje,1 piętro
2739,"Tanie mieszkanie 47,5m2 do remontu, ogród, garaż",109 000 zł,Brak danych,Brak danych,47.5 m²,3 pokoje,parter
2740,"❤️ Przestronne i przytulne 4 pokoje, gotowe do zamieszkania","211 495 053,43 zł",Kraków,Duchackie,91.42 m²,4 pokoje,3 piętro
2741,Dom w cenie mieszkania z miejscem postojowym gratis !,669 600 zł,Poznań,Miasto,71.7 m²,4 pokoje,Brak danych
2742,"Sopot - mieszkanie w zaciszu, z ogródkiem i garaże",211 139 000 zł,Brak danych,Brak danych,38.74 m²,2 pokoje,parter
2743,"Przytulna, słoneczna kawalerka w centrum Szczecina",239 000 zł,Szczecin,Brak danych,23.58 m²,1 pokoje,3 piętro
2744,"3-pokojowe mieszkanie z dużym balkonem ul. Szpitalna 58, Tarnów",410 000 zł,Tarnów,Brak danych,60.2 m²,3 pokoje,parter
2745,"Komfortowe, bezczynszowe mieszkanie z ogródkiem i garażem!!",560 000 zł,Tarnów,Krakowska,101.4 m²,3 pokoje,parter
2746,"Wysoka, Chabrowa 8 - kameralne osiedle z widokiem na Ślęże",880 zł,Wrocław,Kobierzyce,90 m²,4 pokoje,Brak danych
2747,"Apartament z widokiem na panoramę Warszawy, 104 m2",212 600 000 zł,Warszawa,Południe,104 m²,4 pokoje,10 piętro
2748,"Krowodrza, ul. Chocimska - Piętro w kamienicy",51 950 000 zł,Kraków,Krowodrza,112.76 m²,5 pokoje,parter
2749,"Kraków – Ruczaj – ul. Obozowa – 49,61m2",609 000 zł,Kraków,Brak danych,49.61 m²,2 pokoje,3 piętro
2750,Atrakcyjny Apartament W Super Stanie,749 000 zł,Łódź,Polesie,76 m²,3 pokoje,3 piętro
2751,3 pokoje Wandy 70 m2 z balkonem,351 000 zł,Jaworzno,Brak danych,70 m²,3 pokoje,4 piętro
2752,"Chartowo Tower / 44,5 mkw / 2 pokoje",519 000 zł,Poznań,Miasto,44.5 m²,2 pokoje,10 piętro
2753,Na Pańskiej Górze | mieszkanie 12A,250 849 zł,Jaworzno,Sportowa,31.36 m²,1 pokoje,1 piętro
2754,"Ciche 3 pokoje do remontu na Pradze, Wspólna Droga",768 000 zł,Warszawa,Południe,53 m²,3 pokoje,1 piętro
2755,ul. Rakowiecka - przy Placu Unii Lubelskiej / kawalerka / loggia,700 000 zł,Warszawa,Mokotów,37.54 m²,1 pokoje,5 piętro
2756,"3 pokoje, wysoki standard, nowe budownictwo!",679 000 zł,Elbląg,Łęczycka,60.25 m²,3 pokoje,parter
2757,Przestronne mieszkanie w świetnej lokalizacji ul Grunwaldzka,899 000 zł,Poznań,Grunwald,73 m²,3 pokoje,3 piętro
2758,Szybkie wydanie | Balkon | Dobra komunikacja,975 000 zł,Gdańsk,Łostowice,84.5 m²,4 pokoje,1 piętro
2759,Sielec 3 pokoje Do Zamieszkania Balkon,389 000 zł,Sosnowiec,Sielec,53 m²,3 pokoje,2 piętro
2760,Super apartament z dużym ogrodem z widokiem na las,769 000 zł,Katowice,Ochojec,61.1 m²,3 pokoje,parter
2761,Do zamieszkania | BEZ PROWIZJI | Świetna lokalizacja,275 000 zł,Elbląg,Tysiąclecia,40 m²,1 pokoje,8 piętro
2762,Trzypokojowe mieszkanie w świetnej lokalizacji!,519 000 zł,Elbląg,Korczaka,59.32 m²,3 pokoje,4 piętro
2763,Sprzedam mieszkanie w Ostrowie Wielkopolski,289 000 zł,Brak danych,Brak danych,38 m²,2 pokoje,3 piętro
2764,"Znakomita lokalizacja, przytulne, gotowe do wprowadzenia, Bokserska",770 000 zł,Warszawa,Ursynów,36.8 m²,2 pokoje,7 piętro
2765,Piasta Park V​I | mieszkanie 3-pok. | G1-10,703 026 zł,Kraków,Mistrzejowice,49.86 m²,3 pokoje,2 piętro
2766,Atrakcyjne duże dwupoziomowe mieszkanie przy ul. Ostroroga w Lesznie,529 000 zł,Brak danych,Brak danych,87.49 m²,4 pokoje,3 piętro
2767,2Pok+Balkon✔️Klucze Wrzesień 25'✔️Możliwość wydzielenia kuchni,627 000 zł,Wrocław,Krzyki,49.2 m²,2 pokoje,1 piętro
2768,"0% prowizji, winda, klimatyzacja, nowe 2 pok!",457 000 zł,Poznań,Grunwald,40.12 m²,2 pokoje,5 piętro
2769,"Funkcjonalne mieszkanie 2pok Sosnowiec, Pogoń Super lokalizacja OKAZJA",230 000 zł,Sosnowiec,Brak danych,40 m²,2 pokoje,parter
2770,Park Leśny Rembertów,11 700 zł,Warszawa,Rembertów,59 m²,3 pokoje,Brak danych
2771,Mieszkanie w topowej lokalizacji blisko Parku Wilsona i Targów,285 000 zł,Poznań,Grunwald,26.26 m²,2 pokoje,2 piętro
2772,NU2 Warszawa Wola,20 256 zł,Warszawa,Brak danych,95 m²,5 pokoje,Brak danych
2773,Ost.Piętro✔️Antresola✔️Duży Balkon✔️Gotowe!✔️Rabat,750 000 zł,Wrocław,Krzyki,73.49 m²,3 pokoje,3 piętro
2774,Perfumiarnia 2,15 130 zł,Poznań,Grunwald,163 m²,5 pokoje,Brak danych
2775,2 pokoje w bloku z windą.,365 000 zł,Brak danych,Brak danych,48.3 m²,2 pokoje,2 piętro
2776,5900ZŁ/m2 - 2/3 pokoje - ogródek - FIRST MINUTE,299 999 zł,Brak danych,Brak danych,50.84 m²,3 pokoje,parter
2777,M4 z balkonem ul. Skalskiego Zapraszamy,329 000 zł,Brak danych,Brak danych,46.5 m²,3 pokoje,2 piętro
2778,"50 metrów od Pkp, gotowa do zamieszkania",370 000 zł,Wrocław,Pole,34 m²,2 pokoje,parter
2779,Gocław Fieldorfa 3 pokoje oddzielna kuchnia moż. zakupu garaż podziem.,91 405 000 zł,Warszawa,Południe,74.4 m²,3 pokoje,6 piętro
2780,"Sprzedam mieszkanie, parter, 3 pokoje, 65,6m2, ul. Wojska Polskiego",270 000 zł,Brak danych,Brak danych,65.6 m²,3 pokoje,parter
2781,2-pokojowe mieszkanie 41m2 + ogródek,544 960 zł,Kraków,Podgórze,41.6 m²,2 pokoje,parter
2782,"2pokoje przy UE, idealne pod wynajem",499 000 zł,Wrocław,Krzyki,38 m²,2 pokoje,7 piętro
2783,2-pokojowe mieszkanie na sprzedaż - blisko uczelni,459 000 zł,Lublin,Rury,39.26 m²,2 pokoje,10 piętro
2784,"3M na Sołtysowicach z klimatyzacją,",744 000 zł,Wrocław,Pole,61.66 m²,3 pokoje,1 piętro
2785,M3 przy samej Promenadzie | Duży balkon | Zamykany korytarz | 52 m2,309 000 zł,Częstochowa,Północ,52 m²,2 pokoje,3 piętro
2786,Ostatnie 2pok poniżej 400tys +Zgarnij dodatkowy Rabat +18min od plaży,391 083 zł,Gdynia,Wiczlino,34.14 m²,2 pokoje,1 piętro
2787,⭐Wow Wielki Rabat na początek miesiąca⭐18minut od plaży⭐Parking/Hala,640 832 zł,Gdynia,Wiczlino,61.75 m²,4 pokoje,1 piętro
2788,⭐Wow Wielki Rabat na początek miesiąca⭐18minut od plaży⭐Parking/Hala,515 145 zł,Gdynia,Wiczlino,48.89 m²,3 pokoje,2 piętro
2789,Mieszkanie na pierwszym piętrze,260 000 zł,Brak danych,Brak danych,50 m²,3 pokoje,1 piętro
2790,Klimatyczne mieszkanie przy ul. 22 Lipca w Kożuchowie,295 000 zł,Brak danych,Brak danych,52 m²,3 pokoje,4 piętro
2791,Nowoczesne mieszkanie na Green Park,475 000 zł,Brak danych,Brak danych,50.32 m²,2 pokoje,1 piętro
2792,Kołobrzeg/Dźwirzyno-plaża-gotowe mieszkania,590 000 zł,Brak danych,Brak danych,30 m²,2 pokoje,3 piętro
2793,"3 pokoje, nowszy blok, ładnie wykończone",539 000 zł,Białystok,Młodych,51.9 m²,3 pokoje,2 piętro
2794,"Mieszkanie z pięknym widokiem na zieleń, garaż",211 025 000 zł,Warszawa,Mokotów,46 m²,2 pokoje,5 piętro
2795,24m2 | 1 pokój | do remontu | Wierzbno,430 000 zł,Warszawa,Mokotów,24.1 m²,1 pokoje,parter
2796,Mieszkanie do remontu | Kamienica | Śródmieście| ul. Mazurska,340 000 zł,Olsztyn,Kętrzyńskiego,44.2 m²,2 pokoje,3 piętro
2797,"Piękne mieszkanie z garażem podziemnym, Koralowa 2",690 000 zł,Lublin,Południowy,68.82 m²,3 pokoje,parter
2798,Komfort i spokój | Blisko komunikacji miejskiej,659 900 zł,Gdańsk,Brak danych,63.1 m²,3 pokoje,4 piętro
2799,"Dębica, ul Targowa 42m2",209 000 zł,Brak danych,Brak danych,42.1 m²,2 pokoje,2 piętro
2800,"Mieszkanie kawalerka 32,42 m2+komórka lok.- Św. Jana 2B Częstochowa",292 000 zł,Częstochowa,Brak danych,32.42 m²,2 pokoje,3 piętro
2801,Bezczynszowy | Parter domu z ogrodem | Przy lesie,790 000 zł,Gdańsk,Górny,84.45 m²,3 pokoje,parter
2802,3 pokojowe mieszkanie z meblami premium,385 000 zł,Bytom,Miechowice,50.09 m²,3 pokoje,2 piętro
2803,Klimatyczne mieszkanie! Super inwestycja,330 000 zł,Bielsko-Biała,Bielsko,31 m²,1 pokoje,2 piętro
2804,Apartament gotowy do wprowadzenia,869 000 zł,Opole,Chmielowice,84.54 m²,3 pokoje,parter
2805,"Dwa pokoje w kamienicy, Grochów ul. Żółkiewskiego",750 000 zł,Warszawa,Południe,48.6 m²,2 pokoje,2 piętro
2806,Mieszkanie M3 Pogoń 47m2,269 999 zł,Sosnowiec,Pogoń,47.3 m²,3 pokoje,parter
2807,Spokojna okolica | Dobra komunikacja | Do wejścia,899 000 zł,Warszawa,Białołęka,66.29 m²,3 pokoje,3 piętro
2808,Wow Odbiór 2025 4pok w Super cenie +dod Rabat_Garaż_5min od Starówki,969 150 zł,Gdańsk,Siedlce,71.42 m²,4 pokoje,1 piętro
2809,"Winogrady os. Kosmonautów 3 pokojowe, balkon",410 000 zł,Poznań,Miasto,47 m²,3 pokoje,4 piętro
2810,Parter z ogródkiem i dużym potencjałem | Choroszcz,379 000 zł,Brak danych,Brak danych,64.64 m²,4 pokoje,parter
2811,"Wysoki standard | Piękne, w pełni wyposażone",131 294 000 zł,Warszawa,Wilanów,56.3 m²,2 pokoje,parter
2812,Perełka♥️ na Złotnie,319 000 zł,Łódź,Polesie,32.24 m²,1 pokoje,2 piętro
2813,"Pełen rozkład, blisko do centrum",660 000 zł,Wrocław,Śródmieście,75.49 m²,3 pokoje,3 piętro
2814,"0% prowizji! Piękna, nowa kawalerka na Jeżycach!",479 000 zł,Poznań,Jeżyce,30 m²,2 pokoje,1 piętro
2815,3- pokoje Piastów Śląskich Niski Blok,430 000 zł,Bielsko-Biała,Piastowskie,45 m²,3 pokoje,1 piętro
2816,"2pokoje przy UE, idealne pod wynajem",499 000 zł,Wrocław,Krzyki,38 m²,2 pokoje,7 piętro
2817,❗️OSTATNIE Południowe 2pok. | Ustawna sypialnia | DUŻY RABAT | Klucze,537 675 zł,Poznań,Miasto,42.8 m²,2 pokoje,4 piętro
2818,Sprzedaż mieszkania na Lwa blisko Malty,517 000 zł,Poznań,Miasto,43.07 m²,2 pokoje,parter
2819,2-pokojowe mieszkanie z loggią i klimatyzacją tuż przy Metrze Natolin,740 000 zł,Warszawa,Ursynów,38.34 m²,2 pokoje,7 piętro
2820,Wow Odbiór 2025 3 pok w Super cenie +dod Rabat_Garaż_5min od Starówki,711 157 zł,Gdańsk,Siedlce,49.13 m²,3 pokoje,1 piętro
2821,2 pokoje z balkonem i widokiem na zieleń,460 000 zł,Wrocław,Krzyki,38 m²,2 pokoje,2 piętro
2822,Przestronne 3-pokojowe mieszkanie z balkonem,635 000 zł,Tarnów,Rogoyskiego,75 m²,3 pokoje,3 piętro
2823,"Mieszkanie 48,5m2 NOWE BUDOWNICTWO",510 000 zł,Kielce,Brak danych,48.5 m²,3 pokoje,parter
2824,"Pełen rozkład, potencjał inwestycyjny",399 000 zł,Wrocław,Fabryczna,42.47 m²,2 pokoje,2 piętro
2825,Blisko Parku Szczęśliwieckiego,131 244 565 zł,Warszawa,Ochota,65.85 m²,3 pokoje,7 piętro
2826,Nowe mieszkanie,775 000 zł,Brak danych,Brak danych,52 m²,3 pokoje,3 piętro
2827,"Widok na wewnętrzne, zielone patio",161 694 200 zł,Warszawa,Wilanów,86 m²,3 pokoje,2 piętro
2828,Urokliwe wnętrze na POLANCE – spacerem nad MALTE,999 000 zł,Poznań,Miasto,63.25 m²,3 pokoje,1 piętro
2829,"Mieszkanie 3-pokojowe 61,46 m2, balkon, GOTOWE DO ODBIORU",522 410 zł,Legnica,Boiskowa,61.46 m²,3 pokoje,2 piętro
2830,47 m2 | 2 pokoje | balkon | Muranów | Inflancka,930 000 zł,Warszawa,Śródmieście,47 m²,2 pokoje,7 piętro
2831,Wow Odbiór 2025 2 pok w Super cenie 13tys/m2_Garaż_5min od Starówki,558 923 zł,Gdańsk,Siedlce,41.01 m²,2 pokoje,1 piętro
2832,Gotowe IX_4pok‼️odDewelopera‼️Ostatnie w budynku,664 366 zł,Bielsko-Biała,Bielsko,68 m²,4 pokoje,parter
2833,PO REMONCIE-z dużym balkonem 12 m2,234 000 zł,Jastrzębie,Północna,37.15 m²,2 pokoje,5 piętro
2834,"oferta sprzedaży mieszkania- 3 pokoje, 71m2- Warszawa Bemowo",21 060 000 zł,Warszawa,Brak danych,71 m²,3 pokoje,parter
2835,"mieszkanie 45,32 m2 / 3-pokoje Apartamenty SOHO Koźmin",330 836 zł,Brak danych,Brak danych,45.32 m²,3 pokoje,1 piętro
2836,Wyjątkowa oferta! 3 pok z 2 garażami -Balkon-Blok,390 000 zł,Brak danych,Brak danych,56 m²,3 pokoje,3 piętro
2837,"Mieszkanie 3-pokojowe 54,66 m2, balkon, GOTOWE DO ODBIORU",464 610 zł,Legnica,Boiskowa,54.66 m²,3 pokoje,2 piętro
2838,Bulwary Praskie,15 555 zł,Warszawa,Północ,113 m²,4 pokoje,Brak danych
2839,3-pokojowe mieszkanie 57m2 + ogródek Bezpośrednio,875 216 zł,Kraków,Biały,57.77 m²,3 pokoje,parter
2840,Nowe mieszkanie,141 008 000 zł,Brak danych,Brak danych,72 m²,3 pokoje,2 piętro
2841,3-pokojowe mieszkanie 57m2 + balkon Bez Prowizji,451 485 zł,Poznań,Swarzędz,57.15 m²,3 pokoje,2 piętro
2842,Przytulne M4 76m2 + balkon Bytom Centrum media miejskie po remoncie,480 000 zł,Bytom,Brak danych,76.2 m²,3 pokoje,parter
2843,Nowoczesna mieszkanie Radzymin ul. Sybiraków 4 pokoje,592 000 zł,Brak danych,Brak danych,61.13 m²,4 pokoje,1 piętro
2844,Hello Kukułki | apartament 3-pok. | B1_1,503 496 zł,Sosnowiec,Sielec,62.16 m²,3 pokoje,1 piętro
2845,Mieszkanie na sprzedaż,250 000 zł,Brak danych,Brak danych,57.8 m²,3 pokoje,1 piętro
2846,"0% prowizji, nowe piękne 2pok, balkon, Jeżyce!",449 000 zł,Poznań,Jeżyce,27.08 m²,2 pokoje,1 piętro
